ISO-10303-21;
HEADER;
/* Generated by software containing ST-Developer
 * from STEP Tools, Inc. (www.steptools.com) 
 */

FILE_DESCRIPTION(
/* description */ (''),
/* implementation_level */ '2;1');

FILE_NAME(
/* name */ 
'C:\\Users\\GUPTAVAS\\Desktop\\package_folder_task\\Packaging_CM_deliv
erables\\2018\\CW22\\PG-TSLP-7-1_C66065-A0004-C487-01-0004\\3D\\output
s\\PG-TSLP-7-1.stp',
/* time_stamp */ '2018-06-04T13:36:15+08:00',
/* author */ ('guptavas'),
/* organization */ (''),
/* preprocessor_version */ 'ST-DEVELOPER v16.13',
/* originating_system */ 'Autodesk Inventor 2018',
/* authorisation */ '');

FILE_SCHEMA (('CONFIG_CONTROL_DESIGN'));
ENDSEC;

DATA;
#10=MECHANICAL_DESIGN_GEOMETRIC_PRESENTATION_REPRESENTATION('',(#497,#498,
#495,#496,#499,#500,#513,#503,#505,#512,#502,#506,#508,#504,#507,#511,#501,
#509,#510),#8668);
#11=ITEM_DEFINED_TRANSFORMATION($,$,#5074,#5626);
#12=ITEM_DEFINED_TRANSFORMATION($,$,#5120,#5627);
#13=ITEM_DEFINED_TRANSFORMATION($,$,#5120,#5628);
#14=ITEM_DEFINED_TRANSFORMATION($,$,#5120,#5629);
#15=ITEM_DEFINED_TRANSFORMATION($,$,#5120,#5630);
#16=ITEM_DEFINED_TRANSFORMATION($,$,#5120,#5631);
#17=ITEM_DEFINED_TRANSFORMATION($,$,#5120,#5632);
#18=ITEM_DEFINED_TRANSFORMATION($,$,#5127,#5633);
#19=ITEM_DEFINED_TRANSFORMATION($,$,#5619,#5634);
#20=(
REPRESENTATION_RELATIONSHIP($,$,#8693,#8692)
REPRESENTATION_RELATIONSHIP_WITH_TRANSFORMATION(#11)
SHAPE_REPRESENTATION_RELATIONSHIP()
);
#21=(
REPRESENTATION_RELATIONSHIP($,$,#8694,#8692)
REPRESENTATION_RELATIONSHIP_WITH_TRANSFORMATION(#12)
SHAPE_REPRESENTATION_RELATIONSHIP()
);
#22=(
REPRESENTATION_RELATIONSHIP($,$,#8694,#8692)
REPRESENTATION_RELATIONSHIP_WITH_TRANSFORMATION(#13)
SHAPE_REPRESENTATION_RELATIONSHIP()
);
#23=(
REPRESENTATION_RELATIONSHIP($,$,#8694,#8692)
REPRESENTATION_RELATIONSHIP_WITH_TRANSFORMATION(#14)
SHAPE_REPRESENTATION_RELATIONSHIP()
);
#24=(
REPRESENTATION_RELATIONSHIP($,$,#8694,#8692)
REPRESENTATION_RELATIONSHIP_WITH_TRANSFORMATION(#15)
SHAPE_REPRESENTATION_RELATIONSHIP()
);
#25=(
REPRESENTATION_RELATIONSHIP($,$,#8694,#8692)
REPRESENTATION_RELATIONSHIP_WITH_TRANSFORMATION(#16)
SHAPE_REPRESENTATION_RELATIONSHIP()
);
#26=(
REPRESENTATION_RELATIONSHIP($,$,#8694,#8692)
REPRESENTATION_RELATIONSHIP_WITH_TRANSFORMATION(#17)
SHAPE_REPRESENTATION_RELATIONSHIP()
);
#27=(
REPRESENTATION_RELATIONSHIP($,$,#8695,#8692)
REPRESENTATION_RELATIONSHIP_WITH_TRANSFORMATION(#18)
SHAPE_REPRESENTATION_RELATIONSHIP()
);
#28=(
REPRESENTATION_RELATIONSHIP($,$,#8696,#8692)
REPRESENTATION_RELATIONSHIP_WITH_TRANSFORMATION(#19)
SHAPE_REPRESENTATION_RELATIONSHIP()
);
#29=CONTEXT_DEPENDENT_SHAPE_REPRESENTATION(#20,#8683);
#30=CONTEXT_DEPENDENT_SHAPE_REPRESENTATION(#21,#8684);
#31=CONTEXT_DEPENDENT_SHAPE_REPRESENTATION(#22,#8685);
#32=CONTEXT_DEPENDENT_SHAPE_REPRESENTATION(#23,#8686);
#33=CONTEXT_DEPENDENT_SHAPE_REPRESENTATION(#24,#8687);
#34=CONTEXT_DEPENDENT_SHAPE_REPRESENTATION(#25,#8688);
#35=CONTEXT_DEPENDENT_SHAPE_REPRESENTATION(#26,#8689);
#36=CONTEXT_DEPENDENT_SHAPE_REPRESENTATION(#27,#8690);
#37=CONTEXT_DEPENDENT_SHAPE_REPRESENTATION(#28,#8691);
#38=NEXT_ASSEMBLY_USAGE_OCCURRENCE('PG-TSLP-7-1_MOLD:1',
'PG-TSLP-7-1_MOLD:1','PG-TSLP-7-1_MOLD:1',#8698,#8699,
'PG-TSLP-7-1_MOLD:1');
#39=NEXT_ASSEMBLY_USAGE_OCCURRENCE('PG-TSLP-7-1_EXPOSED_LEAD:1',
'PG-TSLP-7-1_EXPOSED_LEAD:1','PG-TSLP-7-1_EXPOSED_LEAD:1',#8698,#8700,
'PG-TSLP-7-1_EXPOSED_LEAD:1');
#40=NEXT_ASSEMBLY_USAGE_OCCURRENCE('PG-TSLP-7-1_EXPOSED_LEAD:2',
'PG-TSLP-7-1_EXPOSED_LEAD:2','PG-TSLP-7-1_EXPOSED_LEAD:2',#8698,#8700,
'PG-TSLP-7-1_EXPOSED_LEAD:2');
#41=NEXT_ASSEMBLY_USAGE_OCCURRENCE('PG-TSLP-7-1_EXPOSED_LEAD:3',
'PG-TSLP-7-1_EXPOSED_LEAD:3','PG-TSLP-7-1_EXPOSED_LEAD:3',#8698,#8700,
'PG-TSLP-7-1_EXPOSED_LEAD:3');
#42=NEXT_ASSEMBLY_USAGE_OCCURRENCE('PG-TSLP-7-1_EXPOSED_LEAD:4',
'PG-TSLP-7-1_EXPOSED_LEAD:4','PG-TSLP-7-1_EXPOSED_LEAD:4',#8698,#8700,
'PG-TSLP-7-1_EXPOSED_LEAD:4');
#43=NEXT_ASSEMBLY_USAGE_OCCURRENCE('PG-TSLP-7-1_EXPOSED_LEAD:8',
'PG-TSLP-7-1_EXPOSED_LEAD:8','PG-TSLP-7-1_EXPOSED_LEAD:8',#8698,#8700,
'PG-TSLP-7-1_EXPOSED_LEAD:8');
#44=NEXT_ASSEMBLY_USAGE_OCCURRENCE('PG-TSLP-7-1_EXPOSED_LEAD:13',
'PG-TSLP-7-1_EXPOSED_LEAD:13','PG-TSLP-7-1_EXPOSED_LEAD:13',#8698,#8700,
'PG-TSLP-7-1_EXPOSED_LEAD:13');
#45=NEXT_ASSEMBLY_USAGE_OCCURRENCE('PG-TSLP-7-1_LOGO:1',
'PG-TSLP-7-1_LOGO:1','PG-TSLP-7-1_LOGO:1',#8698,#8701,
'PG-TSLP-7-1_LOGO:1');
#46=NEXT_ASSEMBLY_USAGE_OCCURRENCE('PG-TSLP-7-1_EXPOSED_PAD:1',
'PG-TSLP-7-1_EXPOSED_PAD:1','PG-TSLP-7-1_EXPOSED_PAD:1',#8698,#8702,
'PG-TSLP-7-1_EXPOSED_PAD:1');
#47=CIRCLE('',#5129,0.149678379108167);
#48=CIRCLE('',#5130,0.149678379108167);
#49=CIRCLE('',#5133,0.147523143873854);
#50=CIRCLE('',#5134,0.147523143873854);
#51=CIRCLE('',#5136,0.14403224870063);
#52=CIRCLE('',#5137,0.14403224870063);
#53=CIRCLE('',#5139,0.137133734015924);
#54=CIRCLE('',#5140,0.137133734015924);
#55=CIRCLE('',#5142,0.090130669721515);
#56=CIRCLE('',#5143,0.090130669721515);
#57=CIRCLE('',#5145,0.0665604207717406);
#58=CIRCLE('',#5146,0.0665604207717406);
#59=CIRCLE('',#5148,0.0674354881819504);
#60=CIRCLE('',#5149,0.0674354881819504);
#61=CIRCLE('',#5151,0.086001936932648);
#62=CIRCLE('',#5152,0.086001936932648);
#63=CIRCLE('',#5154,0.0907233139464218);
#64=CIRCLE('',#5155,0.0907233139464218);
#65=CIRCLE('',#5157,0.0406370040588532);
#66=CIRCLE('',#5158,0.0406370040588532);
#67=CIRCLE('',#5160,0.127367513065806);
#68=CIRCLE('',#5161,0.127367513065806);
#69=CIRCLE('',#5163,0.0786061093094308);
#70=CIRCLE('',#5164,0.0786061093094308);
#71=CIRCLE('',#5166,0.0527464379546364);
#72=CIRCLE('',#5167,0.0527464379546364);
#73=CIRCLE('',#5169,0.0707108394619155);
#74=CIRCLE('',#5170,0.0707108394619155);
#75=CIRCLE('',#5172,0.120198125701211);
#76=CIRCLE('',#5173,0.120198125701211);
#77=CIRCLE('',#5175,0.127127324876524);
#78=CIRCLE('',#5176,0.127127324876524);
#79=CIRCLE('',#5179,0.25618380011586);
#80=CIRCLE('',#5180,0.25618380011586);
#81=CIRCLE('',#5182,0.040637004058859);
#82=CIRCLE('',#5183,0.040637004058859);
#83=CIRCLE('',#5192,0.0318240210447302);
#84=CIRCLE('',#5193,0.0318240210447302);
#85=CIRCLE('',#5195,0.0279972264796625);
#86=CIRCLE('',#5196,0.0279972264796625);
#87=CIRCLE('',#5198,0.0206871286016433);
#88=CIRCLE('',#5199,0.0206871286016433);
#89=CIRCLE('',#5201,0.0279157014345473);
#90=CIRCLE('',#5202,0.0279157014345473);
#91=CIRCLE('',#5207,0.0138996431770609);
#92=CIRCLE('',#5208,0.0138996431770609);
#93=CIRCLE('',#5217,0.0318240210447302);
#94=CIRCLE('',#5218,0.0318240210447302);
#95=CIRCLE('',#5220,0.0279972264796625);
#96=CIRCLE('',#5221,0.0279972264796625);
#97=CIRCLE('',#5223,0.0206871286016385);
#98=CIRCLE('',#5224,0.0206871286016385);
#99=CIRCLE('',#5226,0.0279157014345476);
#100=CIRCLE('',#5227,0.0279157014345476);
#101=CIRCLE('',#5232,0.0138996431770609);
#102=CIRCLE('',#5233,0.0138996431770609);
#103=CIRCLE('',#5237,0.0246290972024474);
#104=CIRCLE('',#5238,0.0246290972024474);
#105=CIRCLE('',#5240,0.0374065248040167);
#106=CIRCLE('',#5241,0.0374065248040167);
#107=CIRCLE('',#5244,0.0145076536204283);
#108=CIRCLE('',#5245,0.0145076536204283);
#109=CIRCLE('',#5247,0.0147047908620027);
#110=CIRCLE('',#5248,0.0147047908620027);
#111=CIRCLE('',#5250,0.00912466359576344);
#112=CIRCLE('',#5251,0.00912466359576344);
#113=CIRCLE('',#5253,0.00885562012108503);
#114=CIRCLE('',#5254,0.00885562012108503);
#115=CIRCLE('',#5267,0.0266960251286086);
#116=CIRCLE('',#5268,0.0266960251286086);
#117=CIRCLE('',#5272,0.0285256349904048);
#118=CIRCLE('',#5273,0.0285256349904048);
#119=CIRCLE('',#5277,0.0137561890550098);
#120=CIRCLE('',#5278,0.0137561890550098);
#121=CIRCLE('',#5305,0.0318240210447302);
#122=CIRCLE('',#5306,0.0318240210447302);
#123=CIRCLE('',#5308,0.0279972264796625);
#124=CIRCLE('',#5309,0.0279972264796625);
#125=CIRCLE('',#5311,0.0206871286016385);
#126=CIRCLE('',#5312,0.0206871286016385);
#127=CIRCLE('',#5314,0.0279157014345479);
#128=CIRCLE('',#5315,0.0279157014345479);
#129=CIRCLE('',#5320,0.0138996431770609);
#130=CIRCLE('',#5321,0.0138996431770609);
#131=CIRCLE('',#5327,0.0164308559683356);
#132=CIRCLE('',#5328,0.0164308559683356);
#133=CIRCLE('',#5330,0.0554566874902047);
#134=CIRCLE('',#5331,0.0554566874902047);
#135=CIRCLE('',#5333,0.0198397590658051);
#136=CIRCLE('',#5334,0.0198397590658051);
#137=CIRCLE('',#5336,0.0132000556726454);
#138=CIRCLE('',#5337,0.0132000556726454);
#139=CIRCLE('',#5339,0.0159068730814477);
#140=CIRCLE('',#5340,0.0159068730814477);
#141=CIRCLE('',#5342,0.0131679936338977);
#142=CIRCLE('',#5343,0.0131679936338977);
#143=CIRCLE('',#5345,0.0365278742466958);
#144=CIRCLE('',#5346,0.0365278742466958);
#145=CIRCLE('',#5348,0.0326357306136107);
#146=CIRCLE('',#5349,0.0326357306136107);
#147=CIRCLE('',#5351,0.0381029781894456);
#148=CIRCLE('',#5352,0.0381029781894456);
#149=CIRCLE('',#5354,0.105196589078638);
#150=CIRCLE('',#5355,0.105196589078638);
#151=CIRCLE('',#5359,0.229143580623158);
#152=CIRCLE('',#5360,0.229143580623158);
#153=CIRCLE('',#5362,0.03799550841419);
#154=CIRCLE('',#5363,0.03799550841419);
#155=CIRCLE('',#5365,0.0306345653028084);
#156=CIRCLE('',#5366,0.0306345653028084);
#157=CIRCLE('',#5368,0.0143060735802257);
#158=CIRCLE('',#5369,0.0143060735802257);
#159=CIRCLE('',#5371,0.0143826675298718);
#160=CIRCLE('',#5372,0.0143826675298718);
#161=CIRCLE('',#5374,0.0136472831056033);
#162=CIRCLE('',#5375,0.0136472831056033);
#163=CIRCLE('',#5377,0.0127750454534621);
#164=CIRCLE('',#5378,0.0127750454534621);
#165=CIRCLE('',#5380,0.0324943616327555);
#166=CIRCLE('',#5381,0.0324943616327555);
#167=CIRCLE('',#5383,0.0218390827743912);
#168=CIRCLE('',#5384,0.0218390827743912);
#169=CIRCLE('',#5388,0.0451130723540896);
#170=CIRCLE('',#5389,0.0451130723540896);
#171=CIRCLE('',#5391,0.0399372555689856);
#172=CIRCLE('',#5392,0.0399372555689856);
#173=CIRCLE('',#5394,0.0738269773964761);
#174=CIRCLE('',#5395,0.0738269773964761);
#175=CIRCLE('',#5397,0.02311883192114);
#176=CIRCLE('',#5398,0.02311883192114);
#177=CIRCLE('',#5400,0.0593176375448743);
#178=CIRCLE('',#5401,0.0593176375448743);
#179=CIRCLE('',#5403,0.0273106373619491);
#180=CIRCLE('',#5404,0.0273106373619491);
#181=CIRCLE('',#5406,0.0266175101497774);
#182=CIRCLE('',#5407,0.0266175101497774);
#183=CIRCLE('',#5409,0.0300725055382094);
#184=CIRCLE('',#5410,0.0300725055382094);
#185=CIRCLE('',#5412,0.0343692162211288);
#186=CIRCLE('',#5413,0.0343692162211288);
#187=CIRCLE('',#5415,0.0249219671701489);
#188=CIRCLE('',#5416,0.0249219671701489);
#189=CIRCLE('',#5418,0.0295180367212428);
#190=CIRCLE('',#5419,0.0295180367212428);
#191=CIRCLE('',#5421,0.0227005217031361);
#192=CIRCLE('',#5422,0.0227005217031361);
#193=CIRCLE('',#5424,0.0313886115783214);
#194=CIRCLE('',#5425,0.0313886115783214);
#195=CIRCLE('',#5427,0.10691226710194);
#196=CIRCLE('',#5428,0.10691226710194);
#197=CIRCLE('',#5430,0.163167309773095);
#198=CIRCLE('',#5431,0.163167309773095);
#199=CIRCLE('',#5433,0.0857942458838949);
#200=CIRCLE('',#5434,0.0857942458838949);
#201=CIRCLE('',#5436,0.0663063330982813);
#202=CIRCLE('',#5437,0.0663063330982813);
#203=CIRCLE('',#5439,0.0353739171475601);
#204=CIRCLE('',#5440,0.0353739171475601);
#205=CIRCLE('',#5442,0.0309736195809453);
#206=CIRCLE('',#5443,0.0309736195809453);
#207=CIRCLE('',#5445,0.0394209860356733);
#208=CIRCLE('',#5446,0.0394209860356733);
#209=CIRCLE('',#5450,0.0535393266009506);
#210=CIRCLE('',#5451,0.0535393266009506);
#211=CIRCLE('',#5453,0.107239251041154);
#212=CIRCLE('',#5454,0.107239251041154);
#213=CIRCLE('',#5456,0.0828342809245262);
#214=CIRCLE('',#5457,0.0828342809245262);
#215=CIRCLE('',#5459,0.0599242643965646);
#216=CIRCLE('',#5460,0.0599242643965646);
#217=CIRCLE('',#5462,0.0296218802712332);
#218=CIRCLE('',#5463,0.0296218802712332);
#219=CIRCLE('',#5465,0.0205736466443964);
#220=CIRCLE('',#5466,0.0205736466443964);
#221=CIRCLE('',#5468,0.0110545182438686);
#222=CIRCLE('',#5469,0.0110545182438686);
#223=CIRCLE('',#5471,0.0114661260783334);
#224=CIRCLE('',#5472,0.0114661260783334);
#225=CIRCLE('',#5474,0.00922001392163086);
#226=CIRCLE('',#5475,0.00922001392163086);
#227=CIRCLE('',#5477,0.00922001392165099);
#228=CIRCLE('',#5478,0.00922001392165099);
#229=CIRCLE('',#5480,0.0114661260783417);
#230=CIRCLE('',#5481,0.0114661260783417);
#231=CIRCLE('',#5483,0.0110545182438658);
#232=CIRCLE('',#5484,0.0110545182438658);
#233=CIRCLE('',#5486,0.0205736466444063);
#234=CIRCLE('',#5487,0.0205736466444063);
#235=CIRCLE('',#5489,0.0296218802712281);
#236=CIRCLE('',#5490,0.0296218802712281);
#237=CIRCLE('',#5492,0.0599242643965669);
#238=CIRCLE('',#5493,0.0599242643965669);
#239=CIRCLE('',#5495,0.08283428092457);
#240=CIRCLE('',#5496,0.08283428092457);
#241=CIRCLE('',#5498,0.107239251041124);
#242=CIRCLE('',#5499,0.107239251041124);
#243=CIRCLE('',#5501,0.0535393266009234);
#244=CIRCLE('',#5502,0.0535393266009234);
#245=CIRCLE('',#5504,0.0535393266009234);
#246=CIRCLE('',#5505,0.0535393266009234);
#247=CIRCLE('',#5507,0.107239251041124);
#248=CIRCLE('',#5508,0.107239251041124);
#249=CIRCLE('',#5510,0.08283428092457);
#250=CIRCLE('',#5511,0.08283428092457);
#251=CIRCLE('',#5513,0.0599242643965669);
#252=CIRCLE('',#5514,0.0599242643965669);
#253=CIRCLE('',#5516,0.029621880271228);
#254=CIRCLE('',#5517,0.029621880271228);
#255=CIRCLE('',#5519,0.0205736466444063);
#256=CIRCLE('',#5520,0.0205736466444063);
#257=CIRCLE('',#5522,0.0110545182438658);
#258=CIRCLE('',#5523,0.0110545182438658);
#259=CIRCLE('',#5525,0.0114661260783417);
#260=CIRCLE('',#5526,0.0114661260783417);
#261=CIRCLE('',#5528,0.00922001392165101);
#262=CIRCLE('',#5529,0.00922001392165101);
#263=CIRCLE('',#5531,0.00922001392163086);
#264=CIRCLE('',#5532,0.00922001392163086);
#265=CIRCLE('',#5534,0.0114661260783334);
#266=CIRCLE('',#5535,0.0114661260783334);
#267=CIRCLE('',#5537,0.0110545182438687);
#268=CIRCLE('',#5538,0.0110545182438687);
#269=CIRCLE('',#5540,0.0205736466443964);
#270=CIRCLE('',#5541,0.0205736466443964);
#271=CIRCLE('',#5543,0.0296218802712331);
#272=CIRCLE('',#5544,0.0296218802712331);
#273=CIRCLE('',#5546,0.0599242643965645);
#274=CIRCLE('',#5547,0.0599242643965645);
#275=CIRCLE('',#5549,0.0828342809245262);
#276=CIRCLE('',#5550,0.0828342809245262);
#277=CIRCLE('',#5552,0.107239251041154);
#278=CIRCLE('',#5553,0.107239251041154);
#279=CIRCLE('',#5555,0.0535393266009506);
#280=CIRCLE('',#5556,0.0535393266009506);
#281=CIRCLE('',#5558,0.113281315066817);
#282=CIRCLE('',#5559,0.113281315066817);
#283=CIRCLE('',#5561,0.0570945797436144);
#284=CIRCLE('',#5562,0.0570945797436144);
#285=CIRCLE('',#5564,0.0418578166836087);
#286=CIRCLE('',#5565,0.0418578166836087);
#287=CIRCLE('',#5567,0.0253116454524359);
#288=CIRCLE('',#5568,0.0253116454524359);
#289=CIRCLE('',#5570,0.0359745421204384);
#290=CIRCLE('',#5571,0.0359745421204384);
#291=CIRCLE('',#5573,0.0359745421204459);
#292=CIRCLE('',#5574,0.0359745421204459);
#293=CIRCLE('',#5576,0.0253116454524307);
#294=CIRCLE('',#5577,0.0253116454524307);
#295=CIRCLE('',#5579,0.0418578166836125);
#296=CIRCLE('',#5580,0.0418578166836125);
#297=CIRCLE('',#5582,0.0570945797436061);
#298=CIRCLE('',#5583,0.0570945797436061);
#299=CIRCLE('',#5585,0.113281315066803);
#300=CIRCLE('',#5586,0.113281315066803);
#301=CIRCLE('',#5588,0.113281315066798);
#302=CIRCLE('',#5589,0.113281315066798);
#303=CIRCLE('',#5591,0.0570945797436144);
#304=CIRCLE('',#5592,0.0570945797436144);
#305=CIRCLE('',#5594,0.0418578166836087);
#306=CIRCLE('',#5595,0.0418578166836087);
#307=CIRCLE('',#5597,0.0253116454524358);
#308=CIRCLE('',#5598,0.0253116454524358);
#309=CIRCLE('',#5600,0.0359745421204384);
#310=CIRCLE('',#5601,0.0359745421204384);
#311=CIRCLE('',#5603,0.0359745421204459);
#312=CIRCLE('',#5604,0.0359745421204459);
#313=CIRCLE('',#5606,0.0253116454524307);
#314=CIRCLE('',#5607,0.0253116454524307);
#315=CIRCLE('',#5609,0.0418578166836125);
#316=CIRCLE('',#5610,0.0418578166836125);
#317=CIRCLE('',#5612,0.0570945797436061);
#318=CIRCLE('',#5613,0.0570945797436061);
#319=CIRCLE('',#5615,0.113281315066801);
#320=CIRCLE('',#5616,0.113281315066801);
#321=CYLINDRICAL_SURFACE('',#5128,0.149678379108167);
#322=CYLINDRICAL_SURFACE('',#5132,0.147523143873854);
#323=CYLINDRICAL_SURFACE('',#5135,0.14403224870063);
#324=CYLINDRICAL_SURFACE('',#5138,0.137133734015924);
#325=CYLINDRICAL_SURFACE('',#5141,0.090130669721515);
#326=CYLINDRICAL_SURFACE('',#5144,0.0665604207717406);
#327=CYLINDRICAL_SURFACE('',#5147,0.0674354881819504);
#328=CYLINDRICAL_SURFACE('',#5150,0.086001936932648);
#329=CYLINDRICAL_SURFACE('',#5153,0.0907233139464218);
#330=CYLINDRICAL_SURFACE('',#5156,0.0406370040588532);
#331=CYLINDRICAL_SURFACE('',#5159,0.127367513065806);
#332=CYLINDRICAL_SURFACE('',#5162,0.0786061093094308);
#333=CYLINDRICAL_SURFACE('',#5165,0.0527464379546364);
#334=CYLINDRICAL_SURFACE('',#5168,0.0707108394619155);
#335=CYLINDRICAL_SURFACE('',#5171,0.120198125701211);
#336=CYLINDRICAL_SURFACE('',#5174,0.127127324876524);
#337=CYLINDRICAL_SURFACE('',#5178,0.25618380011586);
#338=CYLINDRICAL_SURFACE('',#5181,0.040637004058859);
#339=CYLINDRICAL_SURFACE('',#5191,0.0318240210447302);
#340=CYLINDRICAL_SURFACE('',#5194,0.0279972264796625);
#341=CYLINDRICAL_SURFACE('',#5197,0.0206871286016433);
#342=CYLINDRICAL_SURFACE('',#5200,0.0279157014345473);
#343=CYLINDRICAL_SURFACE('',#5206,0.0138996431770609);
#344=CYLINDRICAL_SURFACE('',#5216,0.0318240210447302);
#345=CYLINDRICAL_SURFACE('',#5219,0.0279972264796625);
#346=CYLINDRICAL_SURFACE('',#5222,0.0206871286016385);
#347=CYLINDRICAL_SURFACE('',#5225,0.0279157014345476);
#348=CYLINDRICAL_SURFACE('',#5231,0.0138996431770609);
#349=CYLINDRICAL_SURFACE('',#5236,0.0246290972024474);
#350=CYLINDRICAL_SURFACE('',#5239,0.0374065248040167);
#351=CYLINDRICAL_SURFACE('',#5243,0.0145076536204283);
#352=CYLINDRICAL_SURFACE('',#5246,0.0147047908620027);
#353=CYLINDRICAL_SURFACE('',#5249,0.00912466359576344);
#354=CYLINDRICAL_SURFACE('',#5252,0.00885562012108503);
#355=CYLINDRICAL_SURFACE('',#5266,0.0266960251286086);
#356=CYLINDRICAL_SURFACE('',#5271,0.0285256349904048);
#357=CYLINDRICAL_SURFACE('',#5276,0.0137561890550098);
#358=CYLINDRICAL_SURFACE('',#5304,0.0318240210447302);
#359=CYLINDRICAL_SURFACE('',#5307,0.0279972264796625);
#360=CYLINDRICAL_SURFACE('',#5310,0.0206871286016385);
#361=CYLINDRICAL_SURFACE('',#5313,0.0279157014345479);
#362=CYLINDRICAL_SURFACE('',#5319,0.0138996431770609);
#363=CYLINDRICAL_SURFACE('',#5326,0.0164308559683356);
#364=CYLINDRICAL_SURFACE('',#5329,0.0554566874902047);
#365=CYLINDRICAL_SURFACE('',#5332,0.0198397590658051);
#366=CYLINDRICAL_SURFACE('',#5335,0.0132000556726454);
#367=CYLINDRICAL_SURFACE('',#5338,0.0159068730814477);
#368=CYLINDRICAL_SURFACE('',#5341,0.0131679936338977);
#369=CYLINDRICAL_SURFACE('',#5344,0.0365278742466958);
#370=CYLINDRICAL_SURFACE('',#5347,0.0326357306136107);
#371=CYLINDRICAL_SURFACE('',#5350,0.0381029781894456);
#372=CYLINDRICAL_SURFACE('',#5353,0.105196589078638);
#373=CYLINDRICAL_SURFACE('',#5358,0.229143580623158);
#374=CYLINDRICAL_SURFACE('',#5361,0.03799550841419);
#375=CYLINDRICAL_SURFACE('',#5364,0.0306345653028084);
#376=CYLINDRICAL_SURFACE('',#5367,0.0143060735802257);
#377=CYLINDRICAL_SURFACE('',#5370,0.0143826675298718);
#378=CYLINDRICAL_SURFACE('',#5373,0.0136472831056033);
#379=CYLINDRICAL_SURFACE('',#5376,0.0127750454534621);
#380=CYLINDRICAL_SURFACE('',#5379,0.0324943616327555);
#381=CYLINDRICAL_SURFACE('',#5382,0.0218390827743912);
#382=CYLINDRICAL_SURFACE('',#5387,0.0451130723540896);
#383=CYLINDRICAL_SURFACE('',#5390,0.0399372555689856);
#384=CYLINDRICAL_SURFACE('',#5393,0.0738269773964761);
#385=CYLINDRICAL_SURFACE('',#5396,0.02311883192114);
#386=CYLINDRICAL_SURFACE('',#5399,0.0593176375448743);
#387=CYLINDRICAL_SURFACE('',#5402,0.0273106373619491);
#388=CYLINDRICAL_SURFACE('',#5405,0.0266175101497774);
#389=CYLINDRICAL_SURFACE('',#5408,0.0300725055382094);
#390=CYLINDRICAL_SURFACE('',#5411,0.0343692162211288);
#391=CYLINDRICAL_SURFACE('',#5414,0.0249219671701489);
#392=CYLINDRICAL_SURFACE('',#5417,0.0295180367212428);
#393=CYLINDRICAL_SURFACE('',#5420,0.0227005217031361);
#394=CYLINDRICAL_SURFACE('',#5423,0.0313886115783214);
#395=CYLINDRICAL_SURFACE('',#5426,0.10691226710194);
#396=CYLINDRICAL_SURFACE('',#5429,0.163167309773095);
#397=CYLINDRICAL_SURFACE('',#5432,0.0857942458838949);
#398=CYLINDRICAL_SURFACE('',#5435,0.0663063330982813);
#399=CYLINDRICAL_SURFACE('',#5438,0.0353739171475601);
#400=CYLINDRICAL_SURFACE('',#5441,0.0309736195809453);
#401=CYLINDRICAL_SURFACE('',#5444,0.0394209860356733);
#402=CYLINDRICAL_SURFACE('',#5449,0.0535393266009506);
#403=CYLINDRICAL_SURFACE('',#5452,0.107239251041154);
#404=CYLINDRICAL_SURFACE('',#5455,0.0828342809245262);
#405=CYLINDRICAL_SURFACE('',#5458,0.0599242643965646);
#406=CYLINDRICAL_SURFACE('',#5461,0.0296218802712332);
#407=CYLINDRICAL_SURFACE('',#5464,0.0205736466443964);
#408=CYLINDRICAL_SURFACE('',#5467,0.0110545182438686);
#409=CYLINDRICAL_SURFACE('',#5470,0.0114661260783334);
#410=CYLINDRICAL_SURFACE('',#5473,0.00922001392163086);
#411=CYLINDRICAL_SURFACE('',#5476,0.00922001392165099);
#412=CYLINDRICAL_SURFACE('',#5479,0.0114661260783417);
#413=CYLINDRICAL_SURFACE('',#5482,0.0110545182438658);
#414=CYLINDRICAL_SURFACE('',#5485,0.0205736466444063);
#415=CYLINDRICAL_SURFACE('',#5488,0.0296218802712281);
#416=CYLINDRICAL_SURFACE('',#5491,0.0599242643965669);
#417=CYLINDRICAL_SURFACE('',#5494,0.08283428092457);
#418=CYLINDRICAL_SURFACE('',#5497,0.107239251041124);
#419=CYLINDRICAL_SURFACE('',#5500,0.0535393266009234);
#420=CYLINDRICAL_SURFACE('',#5503,0.0535393266009234);
#421=CYLINDRICAL_SURFACE('',#5506,0.107239251041124);
#422=CYLINDRICAL_SURFACE('',#5509,0.08283428092457);
#423=CYLINDRICAL_SURFACE('',#5512,0.0599242643965669);
#424=CYLINDRICAL_SURFACE('',#5515,0.029621880271228);
#425=CYLINDRICAL_SURFACE('',#5518,0.0205736466444063);
#426=CYLINDRICAL_SURFACE('',#5521,0.0110545182438658);
#427=CYLINDRICAL_SURFACE('',#5524,0.0114661260783417);
#428=CYLINDRICAL_SURFACE('',#5527,0.00922001392165101);
#429=CYLINDRICAL_SURFACE('',#5530,0.00922001392163086);
#430=CYLINDRICAL_SURFACE('',#5533,0.0114661260783334);
#431=CYLINDRICAL_SURFACE('',#5536,0.0110545182438687);
#432=CYLINDRICAL_SURFACE('',#5539,0.0205736466443964);
#433=CYLINDRICAL_SURFACE('',#5542,0.0296218802712331);
#434=CYLINDRICAL_SURFACE('',#5545,0.0599242643965645);
#435=CYLINDRICAL_SURFACE('',#5548,0.0828342809245262);
#436=CYLINDRICAL_SURFACE('',#5551,0.107239251041154);
#437=CYLINDRICAL_SURFACE('',#5554,0.0535393266009506);
#438=CYLINDRICAL_SURFACE('',#5557,0.113281315066817);
#439=CYLINDRICAL_SURFACE('',#5560,0.0570945797436144);
#440=CYLINDRICAL_SURFACE('',#5563,0.0418578166836087);
#441=CYLINDRICAL_SURFACE('',#5566,0.0253116454524359);
#442=CYLINDRICAL_SURFACE('',#5569,0.0359745421204384);
#443=CYLINDRICAL_SURFACE('',#5572,0.0359745421204459);
#444=CYLINDRICAL_SURFACE('',#5575,0.0253116454524307);
#445=CYLINDRICAL_SURFACE('',#5578,0.0418578166836125);
#446=CYLINDRICAL_SURFACE('',#5581,0.0570945797436061);
#447=CYLINDRICAL_SURFACE('',#5584,0.113281315066803);
#448=CYLINDRICAL_SURFACE('',#5587,0.113281315066798);
#449=CYLINDRICAL_SURFACE('',#5590,0.0570945797436144);
#450=CYLINDRICAL_SURFACE('',#5593,0.0418578166836087);
#451=CYLINDRICAL_SURFACE('',#5596,0.0253116454524358);
#452=CYLINDRICAL_SURFACE('',#5599,0.0359745421204384);
#453=CYLINDRICAL_SURFACE('',#5602,0.0359745421204459);
#454=CYLINDRICAL_SURFACE('',#5605,0.0253116454524307);
#455=CYLINDRICAL_SURFACE('',#5608,0.0418578166836125);
#456=CYLINDRICAL_SURFACE('',#5611,0.0570945797436061);
#457=CYLINDRICAL_SURFACE('',#5614,0.113281315066801);
#458=SHAPE_REPRESENTATION_RELATIONSHIP('SRR','None',#8693,#462);
#459=SHAPE_REPRESENTATION_RELATIONSHIP('SRR','None',#8694,#463);
#460=SHAPE_REPRESENTATION_RELATIONSHIP('SRR','None',#8695,#464);
#461=SHAPE_REPRESENTATION_RELATIONSHIP('SRR','None',#8696,#465);
#462=ADVANCED_BREP_SHAPE_REPRESENTATION('',(#466),#8664);
#463=ADVANCED_BREP_SHAPE_REPRESENTATION('',(#467),#8665);
#464=ADVANCED_BREP_SHAPE_REPRESENTATION('',(#468,#469,#470,#471,#472,#473,
#474,#475,#476,#477,#478,#479),#8666);
#465=ADVANCED_BREP_SHAPE_REPRESENTATION('',(#480),#8667);
#466=MANIFOLD_SOLID_BREP('Solid1',#4941);
#467=MANIFOLD_SOLID_BREP('Solid1',#4942);
#468=MANIFOLD_SOLID_BREP('Solid4',#4943);
#469=MANIFOLD_SOLID_BREP('Solid4',#4944);
#470=MANIFOLD_SOLID_BREP('Solid4',#4945);
#471=MANIFOLD_SOLID_BREP('Solid4',#4946);
#472=MANIFOLD_SOLID_BREP('Solid4',#4947);
#473=MANIFOLD_SOLID_BREP('Solid4',#4948);
#474=MANIFOLD_SOLID_BREP('Solid4',#4949);
#475=MANIFOLD_SOLID_BREP('Solid4',#4950);
#476=MANIFOLD_SOLID_BREP('Solid4',#4951);
#477=MANIFOLD_SOLID_BREP('Solid4',#4952);
#478=MANIFOLD_SOLID_BREP('Solid4',#4953);
#479=MANIFOLD_SOLID_BREP('Solid4',#4954);
#480=MANIFOLD_SOLID_BREP('Solid1',#4955);
#481=FACE_BOUND('',#832,.T.);
#482=FACE_BOUND('',#833,.T.);
#483=FACE_BOUND('',#834,.T.);
#484=FACE_BOUND('',#835,.T.);
#485=FACE_BOUND('',#836,.T.);
#486=FACE_BOUND('',#837,.T.);
#487=FACE_BOUND('',#838,.T.);
#488=FACE_BOUND('',#840,.T.);
#489=FACE_BOUND('',#921,.T.);
#490=FACE_BOUND('',#925,.T.);
#491=FACE_BOUND('',#1007,.T.);
#492=FACE_BOUND('',#1009,.T.);
#493=FACE_BOUND('',#1067,.T.);
#494=FACE_BOUND('',#1069,.T.);
#495=STYLED_ITEM('',(#5002),#4702);
#496=STYLED_ITEM('',(#5002),#4703);
#497=STYLED_ITEM('',(#5002),#4704);
#498=STYLED_ITEM('',(#5003),#4705);
#499=STYLED_ITEM('',(#5002),#466);
#500=STYLED_ITEM('',(#5004),#467);
#501=STYLED_ITEM('',(#5005),#468);
#502=STYLED_ITEM('',(#5005),#469);
#503=STYLED_ITEM('',(#5005),#470);
#504=STYLED_ITEM('',(#5005),#471);
#505=STYLED_ITEM('',(#5005),#472);
#506=STYLED_ITEM('',(#5005),#473);
#507=STYLED_ITEM('',(#5005),#474);
#508=STYLED_ITEM('',(#5005),#475);
#509=STYLED_ITEM('',(#5005),#476);
#510=STYLED_ITEM('',(#5005),#477);
#511=STYLED_ITEM('',(#5005),#478);
#512=STYLED_ITEM('',(#5005),#479);
#513=STYLED_ITEM('',(#5006),#480);
#514=FACE_OUTER_BOUND('',#788,.T.);
#515=FACE_OUTER_BOUND('',#789,.T.);
#516=FACE_OUTER_BOUND('',#790,.T.);
#517=FACE_OUTER_BOUND('',#791,.T.);
#518=FACE_OUTER_BOUND('',#792,.T.);
#519=FACE_OUTER_BOUND('',#793,.T.);
#520=FACE_OUTER_BOUND('',#794,.T.);
#521=FACE_OUTER_BOUND('',#795,.T.);
#522=FACE_OUTER_BOUND('',#796,.T.);
#523=FACE_OUTER_BOUND('',#797,.T.);
#524=FACE_OUTER_BOUND('',#798,.T.);
#525=FACE_OUTER_BOUND('',#799,.T.);
#526=FACE_OUTER_BOUND('',#800,.T.);
#527=FACE_OUTER_BOUND('',#801,.T.);
#528=FACE_OUTER_BOUND('',#802,.T.);
#529=FACE_OUTER_BOUND('',#803,.T.);
#530=FACE_OUTER_BOUND('',#804,.T.);
#531=FACE_OUTER_BOUND('',#805,.T.);
#532=FACE_OUTER_BOUND('',#806,.T.);
#533=FACE_OUTER_BOUND('',#807,.T.);
#534=FACE_OUTER_BOUND('',#808,.T.);
#535=FACE_OUTER_BOUND('',#809,.T.);
#536=FACE_OUTER_BOUND('',#810,.T.);
#537=FACE_OUTER_BOUND('',#811,.T.);
#538=FACE_OUTER_BOUND('',#812,.T.);
#539=FACE_OUTER_BOUND('',#813,.T.);
#540=FACE_OUTER_BOUND('',#814,.T.);
#541=FACE_OUTER_BOUND('',#815,.T.);
#542=FACE_OUTER_BOUND('',#816,.T.);
#543=FACE_OUTER_BOUND('',#817,.T.);
#544=FACE_OUTER_BOUND('',#818,.T.);
#545=FACE_OUTER_BOUND('',#819,.T.);
#546=FACE_OUTER_BOUND('',#820,.T.);
#547=FACE_OUTER_BOUND('',#821,.T.);
#548=FACE_OUTER_BOUND('',#822,.T.);
#549=FACE_OUTER_BOUND('',#823,.T.);
#550=FACE_OUTER_BOUND('',#824,.T.);
#551=FACE_OUTER_BOUND('',#825,.T.);
#552=FACE_OUTER_BOUND('',#826,.T.);
#553=FACE_OUTER_BOUND('',#827,.T.);
#554=FACE_OUTER_BOUND('',#828,.T.);
#555=FACE_OUTER_BOUND('',#829,.T.);
#556=FACE_OUTER_BOUND('',#830,.T.);
#557=FACE_OUTER_BOUND('',#831,.T.);
#558=FACE_OUTER_BOUND('',#839,.T.);
#559=FACE_OUTER_BOUND('',#841,.T.);
#560=FACE_OUTER_BOUND('',#842,.T.);
#561=FACE_OUTER_BOUND('',#843,.T.);
#562=FACE_OUTER_BOUND('',#844,.T.);
#563=FACE_OUTER_BOUND('',#845,.T.);
#564=FACE_OUTER_BOUND('',#846,.T.);
#565=FACE_OUTER_BOUND('',#847,.T.);
#566=FACE_OUTER_BOUND('',#848,.T.);
#567=FACE_OUTER_BOUND('',#849,.T.);
#568=FACE_OUTER_BOUND('',#850,.T.);
#569=FACE_OUTER_BOUND('',#851,.T.);
#570=FACE_OUTER_BOUND('',#852,.T.);
#571=FACE_OUTER_BOUND('',#853,.T.);
#572=FACE_OUTER_BOUND('',#854,.T.);
#573=FACE_OUTER_BOUND('',#855,.T.);
#574=FACE_OUTER_BOUND('',#856,.T.);
#575=FACE_OUTER_BOUND('',#857,.T.);
#576=FACE_OUTER_BOUND('',#858,.T.);
#577=FACE_OUTER_BOUND('',#859,.T.);
#578=FACE_OUTER_BOUND('',#860,.T.);
#579=FACE_OUTER_BOUND('',#861,.T.);
#580=FACE_OUTER_BOUND('',#862,.T.);
#581=FACE_OUTER_BOUND('',#863,.T.);
#582=FACE_OUTER_BOUND('',#864,.T.);
#583=FACE_OUTER_BOUND('',#865,.T.);
#584=FACE_OUTER_BOUND('',#866,.T.);
#585=FACE_OUTER_BOUND('',#867,.T.);
#586=FACE_OUTER_BOUND('',#868,.T.);
#587=FACE_OUTER_BOUND('',#869,.T.);
#588=FACE_OUTER_BOUND('',#870,.T.);
#589=FACE_OUTER_BOUND('',#871,.T.);
#590=FACE_OUTER_BOUND('',#872,.T.);
#591=FACE_OUTER_BOUND('',#873,.T.);
#592=FACE_OUTER_BOUND('',#874,.T.);
#593=FACE_OUTER_BOUND('',#875,.T.);
#594=FACE_OUTER_BOUND('',#876,.T.);
#595=FACE_OUTER_BOUND('',#877,.T.);
#596=FACE_OUTER_BOUND('',#878,.T.);
#597=FACE_OUTER_BOUND('',#879,.T.);
#598=FACE_OUTER_BOUND('',#880,.T.);
#599=FACE_OUTER_BOUND('',#881,.T.);
#600=FACE_OUTER_BOUND('',#882,.T.);
#601=FACE_OUTER_BOUND('',#883,.T.);
#602=FACE_OUTER_BOUND('',#884,.T.);
#603=FACE_OUTER_BOUND('',#885,.T.);
#604=FACE_OUTER_BOUND('',#886,.T.);
#605=FACE_OUTER_BOUND('',#887,.T.);
#606=FACE_OUTER_BOUND('',#888,.T.);
#607=FACE_OUTER_BOUND('',#889,.T.);
#608=FACE_OUTER_BOUND('',#890,.T.);
#609=FACE_OUTER_BOUND('',#891,.T.);
#610=FACE_OUTER_BOUND('',#892,.T.);
#611=FACE_OUTER_BOUND('',#893,.T.);
#612=FACE_OUTER_BOUND('',#894,.T.);
#613=FACE_OUTER_BOUND('',#895,.T.);
#614=FACE_OUTER_BOUND('',#896,.T.);
#615=FACE_OUTER_BOUND('',#897,.T.);
#616=FACE_OUTER_BOUND('',#898,.T.);
#617=FACE_OUTER_BOUND('',#899,.T.);
#618=FACE_OUTER_BOUND('',#900,.T.);
#619=FACE_OUTER_BOUND('',#901,.T.);
#620=FACE_OUTER_BOUND('',#902,.T.);
#621=FACE_OUTER_BOUND('',#903,.T.);
#622=FACE_OUTER_BOUND('',#904,.T.);
#623=FACE_OUTER_BOUND('',#905,.T.);
#624=FACE_OUTER_BOUND('',#906,.T.);
#625=FACE_OUTER_BOUND('',#907,.T.);
#626=FACE_OUTER_BOUND('',#908,.T.);
#627=FACE_OUTER_BOUND('',#909,.T.);
#628=FACE_OUTER_BOUND('',#910,.T.);
#629=FACE_OUTER_BOUND('',#911,.T.);
#630=FACE_OUTER_BOUND('',#912,.T.);
#631=FACE_OUTER_BOUND('',#913,.T.);
#632=FACE_OUTER_BOUND('',#914,.T.);
#633=FACE_OUTER_BOUND('',#915,.T.);
#634=FACE_OUTER_BOUND('',#916,.T.);
#635=FACE_OUTER_BOUND('',#917,.T.);
#636=FACE_OUTER_BOUND('',#918,.T.);
#637=FACE_OUTER_BOUND('',#919,.T.);
#638=FACE_OUTER_BOUND('',#920,.T.);
#639=FACE_OUTER_BOUND('',#922,.T.);
#640=FACE_OUTER_BOUND('',#923,.T.);
#641=FACE_OUTER_BOUND('',#924,.T.);
#642=FACE_OUTER_BOUND('',#926,.T.);
#643=FACE_OUTER_BOUND('',#927,.T.);
#644=FACE_OUTER_BOUND('',#928,.T.);
#645=FACE_OUTER_BOUND('',#929,.T.);
#646=FACE_OUTER_BOUND('',#930,.T.);
#647=FACE_OUTER_BOUND('',#931,.T.);
#648=FACE_OUTER_BOUND('',#932,.T.);
#649=FACE_OUTER_BOUND('',#933,.T.);
#650=FACE_OUTER_BOUND('',#934,.T.);
#651=FACE_OUTER_BOUND('',#935,.T.);
#652=FACE_OUTER_BOUND('',#936,.T.);
#653=FACE_OUTER_BOUND('',#937,.T.);
#654=FACE_OUTER_BOUND('',#938,.T.);
#655=FACE_OUTER_BOUND('',#939,.T.);
#656=FACE_OUTER_BOUND('',#940,.T.);
#657=FACE_OUTER_BOUND('',#941,.T.);
#658=FACE_OUTER_BOUND('',#942,.T.);
#659=FACE_OUTER_BOUND('',#943,.T.);
#660=FACE_OUTER_BOUND('',#944,.T.);
#661=FACE_OUTER_BOUND('',#945,.T.);
#662=FACE_OUTER_BOUND('',#946,.T.);
#663=FACE_OUTER_BOUND('',#947,.T.);
#664=FACE_OUTER_BOUND('',#948,.T.);
#665=FACE_OUTER_BOUND('',#949,.T.);
#666=FACE_OUTER_BOUND('',#950,.T.);
#667=FACE_OUTER_BOUND('',#951,.T.);
#668=FACE_OUTER_BOUND('',#952,.T.);
#669=FACE_OUTER_BOUND('',#953,.T.);
#670=FACE_OUTER_BOUND('',#954,.T.);
#671=FACE_OUTER_BOUND('',#955,.T.);
#672=FACE_OUTER_BOUND('',#956,.T.);
#673=FACE_OUTER_BOUND('',#957,.T.);
#674=FACE_OUTER_BOUND('',#958,.T.);
#675=FACE_OUTER_BOUND('',#959,.T.);
#676=FACE_OUTER_BOUND('',#960,.T.);
#677=FACE_OUTER_BOUND('',#961,.T.);
#678=FACE_OUTER_BOUND('',#962,.T.);
#679=FACE_OUTER_BOUND('',#963,.T.);
#680=FACE_OUTER_BOUND('',#964,.T.);
#681=FACE_OUTER_BOUND('',#965,.T.);
#682=FACE_OUTER_BOUND('',#966,.T.);
#683=FACE_OUTER_BOUND('',#967,.T.);
#684=FACE_OUTER_BOUND('',#968,.T.);
#685=FACE_OUTER_BOUND('',#969,.T.);
#686=FACE_OUTER_BOUND('',#970,.T.);
#687=FACE_OUTER_BOUND('',#971,.T.);
#688=FACE_OUTER_BOUND('',#972,.T.);
#689=FACE_OUTER_BOUND('',#973,.T.);
#690=FACE_OUTER_BOUND('',#974,.T.);
#691=FACE_OUTER_BOUND('',#975,.T.);
#692=FACE_OUTER_BOUND('',#976,.T.);
#693=FACE_OUTER_BOUND('',#977,.T.);
#694=FACE_OUTER_BOUND('',#978,.T.);
#695=FACE_OUTER_BOUND('',#979,.T.);
#696=FACE_OUTER_BOUND('',#980,.T.);
#697=FACE_OUTER_BOUND('',#981,.T.);
#698=FACE_OUTER_BOUND('',#982,.T.);
#699=FACE_OUTER_BOUND('',#983,.T.);
#700=FACE_OUTER_BOUND('',#984,.T.);
#701=FACE_OUTER_BOUND('',#985,.T.);
#702=FACE_OUTER_BOUND('',#986,.T.);
#703=FACE_OUTER_BOUND('',#987,.T.);
#704=FACE_OUTER_BOUND('',#988,.T.);
#705=FACE_OUTER_BOUND('',#989,.T.);
#706=FACE_OUTER_BOUND('',#990,.T.);
#707=FACE_OUTER_BOUND('',#991,.T.);
#708=FACE_OUTER_BOUND('',#992,.T.);
#709=FACE_OUTER_BOUND('',#993,.T.);
#710=FACE_OUTER_BOUND('',#994,.T.);
#711=FACE_OUTER_BOUND('',#995,.T.);
#712=FACE_OUTER_BOUND('',#996,.T.);
#713=FACE_OUTER_BOUND('',#997,.T.);
#714=FACE_OUTER_BOUND('',#998,.T.);
#715=FACE_OUTER_BOUND('',#999,.T.);
#716=FACE_OUTER_BOUND('',#1000,.T.);
#717=FACE_OUTER_BOUND('',#1001,.T.);
#718=FACE_OUTER_BOUND('',#1002,.T.);
#719=FACE_OUTER_BOUND('',#1003,.T.);
#720=FACE_OUTER_BOUND('',#1004,.T.);
#721=FACE_OUTER_BOUND('',#1005,.T.);
#722=FACE_OUTER_BOUND('',#1006,.T.);
#723=FACE_OUTER_BOUND('',#1008,.T.);
#724=FACE_OUTER_BOUND('',#1010,.T.);
#725=FACE_OUTER_BOUND('',#1011,.T.);
#726=FACE_OUTER_BOUND('',#1012,.T.);
#727=FACE_OUTER_BOUND('',#1013,.T.);
#728=FACE_OUTER_BOUND('',#1014,.T.);
#729=FACE_OUTER_BOUND('',#1015,.T.);
#730=FACE_OUTER_BOUND('',#1016,.T.);
#731=FACE_OUTER_BOUND('',#1017,.T.);
#732=FACE_OUTER_BOUND('',#1018,.T.);
#733=FACE_OUTER_BOUND('',#1019,.T.);
#734=FACE_OUTER_BOUND('',#1020,.T.);
#735=FACE_OUTER_BOUND('',#1021,.T.);
#736=FACE_OUTER_BOUND('',#1022,.T.);
#737=FACE_OUTER_BOUND('',#1023,.T.);
#738=FACE_OUTER_BOUND('',#1024,.T.);
#739=FACE_OUTER_BOUND('',#1025,.T.);
#740=FACE_OUTER_BOUND('',#1026,.T.);
#741=FACE_OUTER_BOUND('',#1027,.T.);
#742=FACE_OUTER_BOUND('',#1028,.T.);
#743=FACE_OUTER_BOUND('',#1029,.T.);
#744=FACE_OUTER_BOUND('',#1030,.T.);
#745=FACE_OUTER_BOUND('',#1031,.T.);
#746=FACE_OUTER_BOUND('',#1032,.T.);
#747=FACE_OUTER_BOUND('',#1033,.T.);
#748=FACE_OUTER_BOUND('',#1034,.T.);
#749=FACE_OUTER_BOUND('',#1035,.T.);
#750=FACE_OUTER_BOUND('',#1036,.T.);
#751=FACE_OUTER_BOUND('',#1037,.T.);
#752=FACE_OUTER_BOUND('',#1038,.T.);
#753=FACE_OUTER_BOUND('',#1039,.T.);
#754=FACE_OUTER_BOUND('',#1040,.T.);
#755=FACE_OUTER_BOUND('',#1041,.T.);
#756=FACE_OUTER_BOUND('',#1042,.T.);
#757=FACE_OUTER_BOUND('',#1043,.T.);
#758=FACE_OUTER_BOUND('',#1044,.T.);
#759=FACE_OUTER_BOUND('',#1045,.T.);
#760=FACE_OUTER_BOUND('',#1046,.T.);
#761=FACE_OUTER_BOUND('',#1047,.T.);
#762=FACE_OUTER_BOUND('',#1048,.T.);
#763=FACE_OUTER_BOUND('',#1049,.T.);
#764=FACE_OUTER_BOUND('',#1050,.T.);
#765=FACE_OUTER_BOUND('',#1051,.T.);
#766=FACE_OUTER_BOUND('',#1052,.T.);
#767=FACE_OUTER_BOUND('',#1053,.T.);
#768=FACE_OUTER_BOUND('',#1054,.T.);
#769=FACE_OUTER_BOUND('',#1055,.T.);
#770=FACE_OUTER_BOUND('',#1056,.T.);
#771=FACE_OUTER_BOUND('',#1057,.T.);
#772=FACE_OUTER_BOUND('',#1058,.T.);
#773=FACE_OUTER_BOUND('',#1059,.T.);
#774=FACE_OUTER_BOUND('',#1060,.T.);
#775=FACE_OUTER_BOUND('',#1061,.T.);
#776=FACE_OUTER_BOUND('',#1062,.T.);
#777=FACE_OUTER_BOUND('',#1063,.T.);
#778=FACE_OUTER_BOUND('',#1064,.T.);
#779=FACE_OUTER_BOUND('',#1065,.T.);
#780=FACE_OUTER_BOUND('',#1066,.T.);
#781=FACE_OUTER_BOUND('',#1068,.T.);
#782=FACE_OUTER_BOUND('',#1070,.T.);
#783=FACE_OUTER_BOUND('',#1071,.T.);
#784=FACE_OUTER_BOUND('',#1072,.T.);
#785=FACE_OUTER_BOUND('',#1073,.T.);
#786=FACE_OUTER_BOUND('',#1074,.T.);
#787=FACE_OUTER_BOUND('',#1075,.T.);
#788=EDGE_LOOP('',(#3118,#3119,#3120,#3121));
#789=EDGE_LOOP('',(#3122,#3123,#3124,#3125));
#790=EDGE_LOOP('',(#3126,#3127,#3128,#3129));
#791=EDGE_LOOP('',(#3130,#3131,#3132,#3133));
#792=EDGE_LOOP('',(#3134,#3135,#3136,#3137));
#793=EDGE_LOOP('',(#3138,#3139,#3140,#3141));
#794=EDGE_LOOP('',(#3142,#3143,#3144,#3145));
#795=EDGE_LOOP('',(#3146,#3147,#3148,#3149));
#796=EDGE_LOOP('',(#3150,#3151,#3152,#3153));
#797=EDGE_LOOP('',(#3154,#3155,#3156,#3157));
#798=EDGE_LOOP('',(#3158,#3159,#3160,#3161));
#799=EDGE_LOOP('',(#3162,#3163,#3164,#3165));
#800=EDGE_LOOP('',(#3166,#3167,#3168,#3169));
#801=EDGE_LOOP('',(#3170,#3171,#3172,#3173));
#802=EDGE_LOOP('',(#3174,#3175,#3176,#3177));
#803=EDGE_LOOP('',(#3178,#3179,#3180,#3181));
#804=EDGE_LOOP('',(#3182,#3183,#3184,#3185));
#805=EDGE_LOOP('',(#3186,#3187,#3188,#3189));
#806=EDGE_LOOP('',(#3190,#3191,#3192,#3193));
#807=EDGE_LOOP('',(#3194,#3195,#3196,#3197));
#808=EDGE_LOOP('',(#3198,#3199,#3200,#3201));
#809=EDGE_LOOP('',(#3202,#3203,#3204,#3205));
#810=EDGE_LOOP('',(#3206,#3207,#3208,#3209));
#811=EDGE_LOOP('',(#3210,#3211,#3212,#3213));
#812=EDGE_LOOP('',(#3214,#3215,#3216,#3217));
#813=EDGE_LOOP('',(#3218,#3219,#3220,#3221));
#814=EDGE_LOOP('',(#3222,#3223,#3224,#3225));
#815=EDGE_LOOP('',(#3226,#3227,#3228,#3229));
#816=EDGE_LOOP('',(#3230,#3231,#3232,#3233));
#817=EDGE_LOOP('',(#3234,#3235,#3236,#3237));
#818=EDGE_LOOP('',(#3238,#3239,#3240,#3241));
#819=EDGE_LOOP('',(#3242,#3243,#3244,#3245));
#820=EDGE_LOOP('',(#3246,#3247,#3248,#3249));
#821=EDGE_LOOP('',(#3250,#3251,#3252,#3253));
#822=EDGE_LOOP('',(#3254,#3255,#3256,#3257));
#823=EDGE_LOOP('',(#3258,#3259,#3260,#3261));
#824=EDGE_LOOP('',(#3262,#3263,#3264,#3265));
#825=EDGE_LOOP('',(#3266,#3267,#3268,#3269));
#826=EDGE_LOOP('',(#3270,#3271,#3272));
#827=EDGE_LOOP('',(#3273,#3274,#3275,#3276));
#828=EDGE_LOOP('',(#3277,#3278,#3279,#3280));
#829=EDGE_LOOP('',(#3281,#3282,#3283,#3284));
#830=EDGE_LOOP('',(#3285,#3286,#3287,#3288));
#831=EDGE_LOOP('',(#3289,#3290,#3291,#3292));
#832=EDGE_LOOP('',(#3293,#3294,#3295,#3296));
#833=EDGE_LOOP('',(#3297,#3298,#3299,#3300));
#834=EDGE_LOOP('',(#3301,#3302,#3303,#3304));
#835=EDGE_LOOP('',(#3305,#3306,#3307,#3308));
#836=EDGE_LOOP('',(#3309,#3310,#3311,#3312));
#837=EDGE_LOOP('',(#3313,#3314,#3315,#3316));
#838=EDGE_LOOP('',(#3317,#3318,#3319,#3320));
#839=EDGE_LOOP('',(#3321,#3322,#3323,#3324));
#840=EDGE_LOOP('',(#3325,#3326,#3327));
#841=EDGE_LOOP('',(#3328,#3329,#3330,#3331));
#842=EDGE_LOOP('',(#3332,#3333,#3334,#3335));
#843=EDGE_LOOP('',(#3336,#3337,#3338,#3339));
#844=EDGE_LOOP('',(#3340,#3341,#3342,#3343));
#845=EDGE_LOOP('',(#3344,#3345,#3346,#3347));
#846=EDGE_LOOP('',(#3348,#3349,#3350,#3351));
#847=EDGE_LOOP('',(#3352,#3353,#3354,#3355));
#848=EDGE_LOOP('',(#3356,#3357,#3358,#3359));
#849=EDGE_LOOP('',(#3360,#3361,#3362,#3363));
#850=EDGE_LOOP('',(#3364,#3365,#3366,#3367));
#851=EDGE_LOOP('',(#3368,#3369,#3370,#3371));
#852=EDGE_LOOP('',(#3372,#3373,#3374,#3375));
#853=EDGE_LOOP('',(#3376,#3377,#3378,#3379));
#854=EDGE_LOOP('',(#3380,#3381,#3382,#3383));
#855=EDGE_LOOP('',(#3384,#3385,#3386,#3387));
#856=EDGE_LOOP('',(#3388,#3389,#3390,#3391));
#857=EDGE_LOOP('',(#3392,#3393,#3394,#3395));
#858=EDGE_LOOP('',(#3396,#3397,#3398,#3399));
#859=EDGE_LOOP('',(#3400,#3401,#3402,#3403));
#860=EDGE_LOOP('',(#3404,#3405,#3406,#3407));
#861=EDGE_LOOP('',(#3408,#3409,#3410,#3411));
#862=EDGE_LOOP('',(#3412,#3413,#3414,#3415));
#863=EDGE_LOOP('',(#3416,#3417,#3418,#3419));
#864=EDGE_LOOP('',(#3420,#3421,#3422,#3423));
#865=EDGE_LOOP('',(#3424,#3425,#3426,#3427));
#866=EDGE_LOOP('',(#3428,#3429,#3430,#3431));
#867=EDGE_LOOP('',(#3432,#3433,#3434,#3435,#3436,#3437,#3438,#3439,#3440,
#3441,#3442,#3443,#3444,#3445,#3446,#3447,#3448,#3449,#3450,#3451));
#868=EDGE_LOOP('',(#3452,#3453,#3454,#3455,#3456,#3457,#3458,#3459,#3460,
#3461,#3462,#3463,#3464,#3465,#3466,#3467,#3468,#3469,#3470,#3471));
#869=EDGE_LOOP('',(#3472,#3473,#3474,#3475));
#870=EDGE_LOOP('',(#3476,#3477,#3478,#3479));
#871=EDGE_LOOP('',(#3480,#3481,#3482,#3483));
#872=EDGE_LOOP('',(#3484,#3485,#3486,#3487));
#873=EDGE_LOOP('',(#3488,#3489,#3490,#3491));
#874=EDGE_LOOP('',(#3492,#3493,#3494,#3495));
#875=EDGE_LOOP('',(#3496,#3497,#3498,#3499));
#876=EDGE_LOOP('',(#3500,#3501,#3502,#3503));
#877=EDGE_LOOP('',(#3504,#3505,#3506,#3507));
#878=EDGE_LOOP('',(#3508,#3509,#3510,#3511));
#879=EDGE_LOOP('',(#3512,#3513,#3514,#3515));
#880=EDGE_LOOP('',(#3516,#3517,#3518,#3519));
#881=EDGE_LOOP('',(#3520,#3521,#3522,#3523));
#882=EDGE_LOOP('',(#3524,#3525,#3526,#3527,#3528,#3529,#3530,#3531,#3532,
#3533,#3534,#3535,#3536));
#883=EDGE_LOOP('',(#3537,#3538,#3539,#3540,#3541,#3542,#3543,#3544,#3545,
#3546,#3547,#3548,#3549));
#884=EDGE_LOOP('',(#3550,#3551,#3552,#3553));
#885=EDGE_LOOP('',(#3554,#3555,#3556,#3557));
#886=EDGE_LOOP('',(#3558,#3559,#3560,#3561));
#887=EDGE_LOOP('',(#3562,#3563,#3564,#3565));
#888=EDGE_LOOP('',(#3566,#3567,#3568,#3569));
#889=EDGE_LOOP('',(#3570,#3571,#3572,#3573));
#890=EDGE_LOOP('',(#3574,#3575,#3576,#3577));
#891=EDGE_LOOP('',(#3578,#3579,#3580,#3581));
#892=EDGE_LOOP('',(#3582,#3583,#3584,#3585));
#893=EDGE_LOOP('',(#3586,#3587,#3588,#3589));
#894=EDGE_LOOP('',(#3590,#3591,#3592,#3593));
#895=EDGE_LOOP('',(#3594,#3595,#3596,#3597));
#896=EDGE_LOOP('',(#3598,#3599,#3600,#3601));
#897=EDGE_LOOP('',(#3602,#3603,#3604,#3605,#3606,#3607,#3608,#3609,#3610,
#3611,#3612,#3613,#3614));
#898=EDGE_LOOP('',(#3615,#3616,#3617,#3618,#3619,#3620,#3621,#3622,#3623,
#3624,#3625,#3626,#3627));
#899=EDGE_LOOP('',(#3628,#3629,#3630,#3631));
#900=EDGE_LOOP('',(#3632,#3633,#3634,#3635));
#901=EDGE_LOOP('',(#3636,#3637,#3638,#3639));
#902=EDGE_LOOP('',(#3640,#3641,#3642,#3643));
#903=EDGE_LOOP('',(#3644,#3645,#3646,#3647));
#904=EDGE_LOOP('',(#3648,#3649,#3650,#3651));
#905=EDGE_LOOP('',(#3652,#3653,#3654,#3655));
#906=EDGE_LOOP('',(#3656,#3657,#3658,#3659));
#907=EDGE_LOOP('',(#3660,#3661,#3662,#3663));
#908=EDGE_LOOP('',(#3664,#3665,#3666,#3667));
#909=EDGE_LOOP('',(#3668,#3669,#3670,#3671));
#910=EDGE_LOOP('',(#3672,#3673,#3674,#3675));
#911=EDGE_LOOP('',(#3676,#3677,#3678,#3679));
#912=EDGE_LOOP('',(#3680,#3681,#3682,#3683));
#913=EDGE_LOOP('',(#3684,#3685,#3686,#3687));
#914=EDGE_LOOP('',(#3688,#3689,#3690,#3691));
#915=EDGE_LOOP('',(#3692,#3693,#3694,#3695));
#916=EDGE_LOOP('',(#3696,#3697,#3698,#3699));
#917=EDGE_LOOP('',(#3700,#3701,#3702,#3703));
#918=EDGE_LOOP('',(#3704,#3705,#3706,#3707,#3708,#3709,#3710,#3711,#3712,
#3713,#3714,#3715,#3716,#3717,#3718,#3719,#3720,#3721,#3722));
#919=EDGE_LOOP('',(#3723,#3724,#3725,#3726,#3727,#3728,#3729,#3730,#3731,
#3732,#3733,#3734,#3735,#3736,#3737,#3738,#3739,#3740,#3741));
#920=EDGE_LOOP('',(#3742));
#921=EDGE_LOOP('',(#3743));
#922=EDGE_LOOP('',(#3744));
#923=EDGE_LOOP('',(#3745));
#924=EDGE_LOOP('',(#3746));
#925=EDGE_LOOP('',(#3747));
#926=EDGE_LOOP('',(#3748));
#927=EDGE_LOOP('',(#3749));
#928=EDGE_LOOP('',(#3750,#3751,#3752,#3753));
#929=EDGE_LOOP('',(#3754,#3755,#3756,#3757));
#930=EDGE_LOOP('',(#3758,#3759,#3760,#3761));
#931=EDGE_LOOP('',(#3762,#3763,#3764,#3765));
#932=EDGE_LOOP('',(#3766,#3767,#3768,#3769));
#933=EDGE_LOOP('',(#3770,#3771,#3772,#3773));
#934=EDGE_LOOP('',(#3774,#3775,#3776,#3777));
#935=EDGE_LOOP('',(#3778,#3779,#3780,#3781));
#936=EDGE_LOOP('',(#3782,#3783,#3784,#3785));
#937=EDGE_LOOP('',(#3786,#3787,#3788,#3789));
#938=EDGE_LOOP('',(#3790,#3791,#3792,#3793));
#939=EDGE_LOOP('',(#3794,#3795,#3796,#3797));
#940=EDGE_LOOP('',(#3798,#3799,#3800,#3801));
#941=EDGE_LOOP('',(#3802,#3803,#3804,#3805));
#942=EDGE_LOOP('',(#3806,#3807,#3808,#3809));
#943=EDGE_LOOP('',(#3810,#3811,#3812,#3813));
#944=EDGE_LOOP('',(#3814,#3815,#3816,#3817));
#945=EDGE_LOOP('',(#3818,#3819,#3820,#3821));
#946=EDGE_LOOP('',(#3822,#3823,#3824,#3825));
#947=EDGE_LOOP('',(#3826,#3827,#3828,#3829));
#948=EDGE_LOOP('',(#3830,#3831,#3832,#3833));
#949=EDGE_LOOP('',(#3834,#3835,#3836,#3837));
#950=EDGE_LOOP('',(#3838,#3839,#3840,#3841));
#951=EDGE_LOOP('',(#3842,#3843,#3844,#3845));
#952=EDGE_LOOP('',(#3846,#3847,#3848,#3849));
#953=EDGE_LOOP('',(#3850,#3851,#3852,#3853));
#954=EDGE_LOOP('',(#3854,#3855,#3856,#3857));
#955=EDGE_LOOP('',(#3858,#3859,#3860,#3861));
#956=EDGE_LOOP('',(#3862,#3863,#3864,#3865));
#957=EDGE_LOOP('',(#3866,#3867,#3868,#3869));
#958=EDGE_LOOP('',(#3870,#3871,#3872,#3873));
#959=EDGE_LOOP('',(#3874,#3875,#3876,#3877,#3878,#3879,#3880,#3881,#3882,
#3883,#3884,#3885,#3886));
#960=EDGE_LOOP('',(#3887,#3888,#3889,#3890,#3891,#3892,#3893,#3894,#3895,
#3896,#3897,#3898,#3899));
#961=EDGE_LOOP('',(#3900,#3901,#3902,#3903));
#962=EDGE_LOOP('',(#3904,#3905,#3906,#3907));
#963=EDGE_LOOP('',(#3908,#3909,#3910,#3911));
#964=EDGE_LOOP('',(#3912,#3913,#3914,#3915));
#965=EDGE_LOOP('',(#3916,#3917,#3918,#3919));
#966=EDGE_LOOP('',(#3920,#3921,#3922,#3923));
#967=EDGE_LOOP('',(#3924,#3925,#3926,#3927));
#968=EDGE_LOOP('',(#3928,#3929,#3930,#3931));
#969=EDGE_LOOP('',(#3932,#3933,#3934,#3935));
#970=EDGE_LOOP('',(#3936,#3937,#3938,#3939));
#971=EDGE_LOOP('',(#3940,#3941,#3942,#3943));
#972=EDGE_LOOP('',(#3944,#3945,#3946,#3947));
#973=EDGE_LOOP('',(#3948,#3949,#3950,#3951));
#974=EDGE_LOOP('',(#3952,#3953,#3954,#3955));
#975=EDGE_LOOP('',(#3956,#3957,#3958,#3959));
#976=EDGE_LOOP('',(#3960,#3961,#3962,#3963));
#977=EDGE_LOOP('',(#3964,#3965,#3966,#3967));
#978=EDGE_LOOP('',(#3968,#3969,#3970,#3971));
#979=EDGE_LOOP('',(#3972,#3973,#3974,#3975));
#980=EDGE_LOOP('',(#3976,#3977,#3978,#3979));
#981=EDGE_LOOP('',(#3980,#3981,#3982,#3983));
#982=EDGE_LOOP('',(#3984,#3985,#3986,#3987));
#983=EDGE_LOOP('',(#3988,#3989,#3990,#3991));
#984=EDGE_LOOP('',(#3992,#3993,#3994,#3995));
#985=EDGE_LOOP('',(#3996,#3997,#3998,#3999));
#986=EDGE_LOOP('',(#4000,#4001,#4002,#4003));
#987=EDGE_LOOP('',(#4004,#4005,#4006,#4007));
#988=EDGE_LOOP('',(#4008,#4009,#4010,#4011));
#989=EDGE_LOOP('',(#4012,#4013,#4014,#4015));
#990=EDGE_LOOP('',(#4016,#4017,#4018,#4019));
#991=EDGE_LOOP('',(#4020,#4021,#4022,#4023));
#992=EDGE_LOOP('',(#4024,#4025,#4026,#4027));
#993=EDGE_LOOP('',(#4028,#4029,#4030,#4031));
#994=EDGE_LOOP('',(#4032,#4033,#4034,#4035));
#995=EDGE_LOOP('',(#4036,#4037,#4038,#4039));
#996=EDGE_LOOP('',(#4040,#4041,#4042,#4043));
#997=EDGE_LOOP('',(#4044,#4045,#4046,#4047));
#998=EDGE_LOOP('',(#4048,#4049,#4050,#4051));
#999=EDGE_LOOP('',(#4052,#4053,#4054,#4055));
#1000=EDGE_LOOP('',(#4056,#4057,#4058,#4059));
#1001=EDGE_LOOP('',(#4060,#4061,#4062,#4063));
#1002=EDGE_LOOP('',(#4064,#4065,#4066,#4067));
#1003=EDGE_LOOP('',(#4068,#4069,#4070,#4071));
#1004=EDGE_LOOP('',(#4072,#4073,#4074,#4075));
#1005=EDGE_LOOP('',(#4076,#4077,#4078,#4079));
#1006=EDGE_LOOP('',(#4080,#4081,#4082,#4083,#4084,#4085,#4086,#4087,#4088,
#4089,#4090,#4091,#4092,#4093,#4094,#4095,#4096,#4097,#4098,#4099,#4100,
#4101,#4102,#4103,#4104,#4105,#4106,#4107,#4108,#4109,#4110,#4111,#4112,
#4113,#4114,#4115));
#1007=EDGE_LOOP('',(#4116,#4117,#4118,#4119,#4120,#4121,#4122,#4123,#4124));
#1008=EDGE_LOOP('',(#4125,#4126,#4127,#4128,#4129,#4130,#4131,#4132,#4133,
#4134,#4135,#4136,#4137,#4138,#4139,#4140,#4141,#4142,#4143,#4144,#4145,
#4146,#4147,#4148,#4149,#4150,#4151,#4152,#4153,#4154,#4155,#4156,#4157,
#4158,#4159,#4160));
#1009=EDGE_LOOP('',(#4161,#4162,#4163,#4164,#4165,#4166,#4167,#4168,#4169));
#1010=EDGE_LOOP('',(#4170,#4171,#4172,#4173));
#1011=EDGE_LOOP('',(#4174,#4175,#4176,#4177));
#1012=EDGE_LOOP('',(#4178,#4179,#4180,#4181));
#1013=EDGE_LOOP('',(#4182,#4183,#4184,#4185));
#1014=EDGE_LOOP('',(#4186,#4187,#4188,#4189));
#1015=EDGE_LOOP('',(#4190,#4191,#4192,#4193));
#1016=EDGE_LOOP('',(#4194,#4195,#4196,#4197));
#1017=EDGE_LOOP('',(#4198,#4199,#4200,#4201));
#1018=EDGE_LOOP('',(#4202,#4203,#4204,#4205));
#1019=EDGE_LOOP('',(#4206,#4207,#4208,#4209));
#1020=EDGE_LOOP('',(#4210,#4211,#4212,#4213));
#1021=EDGE_LOOP('',(#4214,#4215,#4216,#4217));
#1022=EDGE_LOOP('',(#4218,#4219,#4220,#4221));
#1023=EDGE_LOOP('',(#4222,#4223,#4224,#4225));
#1024=EDGE_LOOP('',(#4226,#4227,#4228,#4229));
#1025=EDGE_LOOP('',(#4230,#4231,#4232,#4233));
#1026=EDGE_LOOP('',(#4234,#4235,#4236,#4237));
#1027=EDGE_LOOP('',(#4238,#4239,#4240,#4241));
#1028=EDGE_LOOP('',(#4242,#4243,#4244,#4245));
#1029=EDGE_LOOP('',(#4246,#4247,#4248,#4249));
#1030=EDGE_LOOP('',(#4250,#4251,#4252,#4253));
#1031=EDGE_LOOP('',(#4254,#4255,#4256,#4257));
#1032=EDGE_LOOP('',(#4258,#4259,#4260,#4261));
#1033=EDGE_LOOP('',(#4262,#4263,#4264,#4265));
#1034=EDGE_LOOP('',(#4266,#4267,#4268,#4269));
#1035=EDGE_LOOP('',(#4270,#4271,#4272,#4273));
#1036=EDGE_LOOP('',(#4274,#4275,#4276,#4277));
#1037=EDGE_LOOP('',(#4278,#4279,#4280,#4281));
#1038=EDGE_LOOP('',(#4282,#4283,#4284,#4285));
#1039=EDGE_LOOP('',(#4286,#4287,#4288,#4289));
#1040=EDGE_LOOP('',(#4290,#4291,#4292,#4293));
#1041=EDGE_LOOP('',(#4294,#4295,#4296,#4297));
#1042=EDGE_LOOP('',(#4298,#4299,#4300,#4301));
#1043=EDGE_LOOP('',(#4302,#4303,#4304,#4305));
#1044=EDGE_LOOP('',(#4306,#4307,#4308,#4309));
#1045=EDGE_LOOP('',(#4310,#4311,#4312,#4313));
#1046=EDGE_LOOP('',(#4314,#4315,#4316,#4317));
#1047=EDGE_LOOP('',(#4318,#4319,#4320,#4321));
#1048=EDGE_LOOP('',(#4322,#4323,#4324,#4325));
#1049=EDGE_LOOP('',(#4326,#4327,#4328,#4329));
#1050=EDGE_LOOP('',(#4330,#4331,#4332,#4333));
#1051=EDGE_LOOP('',(#4334,#4335,#4336,#4337));
#1052=EDGE_LOOP('',(#4338,#4339,#4340,#4341));
#1053=EDGE_LOOP('',(#4342,#4343,#4344,#4345));
#1054=EDGE_LOOP('',(#4346,#4347,#4348,#4349));
#1055=EDGE_LOOP('',(#4350,#4351,#4352,#4353));
#1056=EDGE_LOOP('',(#4354,#4355,#4356,#4357));
#1057=EDGE_LOOP('',(#4358,#4359,#4360,#4361));
#1058=EDGE_LOOP('',(#4362,#4363,#4364,#4365));
#1059=EDGE_LOOP('',(#4366,#4367,#4368,#4369));
#1060=EDGE_LOOP('',(#4370,#4371,#4372,#4373));
#1061=EDGE_LOOP('',(#4374,#4375,#4376,#4377));
#1062=EDGE_LOOP('',(#4378,#4379,#4380,#4381));
#1063=EDGE_LOOP('',(#4382,#4383,#4384,#4385));
#1064=EDGE_LOOP('',(#4386,#4387,#4388,#4389));
#1065=EDGE_LOOP('',(#4390,#4391,#4392,#4393));
#1066=EDGE_LOOP('',(#4394,#4395,#4396,#4397,#4398,#4399,#4400,#4401,#4402,
#4403,#4404,#4405,#4406,#4407,#4408,#4409,#4410,#4411,#4412,#4413));
#1067=EDGE_LOOP('',(#4414,#4415,#4416,#4417,#4418,#4419,#4420,#4421,#4422,
#4423,#4424,#4425,#4426,#4427,#4428,#4429,#4430,#4431,#4432,#4433,#4434,
#4435,#4436,#4437,#4438,#4439,#4440,#4441,#4442,#4443,#4444,#4445,#4446,
#4447,#4448,#4449));
#1068=EDGE_LOOP('',(#4450,#4451,#4452,#4453,#4454,#4455,#4456,#4457,#4458,
#4459,#4460,#4461,#4462,#4463,#4464,#4465,#4466,#4467,#4468,#4469));
#1069=EDGE_LOOP('',(#4470,#4471,#4472,#4473,#4474,#4475,#4476,#4477,#4478,
#4479,#4480,#4481,#4482,#4483,#4484,#4485,#4486,#4487,#4488,#4489,#4490,
#4491,#4492,#4493,#4494,#4495,#4496,#4497,#4498,#4499,#4500,#4501,#4502,
#4503,#4504,#4505));
#1070=EDGE_LOOP('',(#4506,#4507,#4508,#4509));
#1071=EDGE_LOOP('',(#4510,#4511,#4512,#4513));
#1072=EDGE_LOOP('',(#4514,#4515,#4516,#4517));
#1073=EDGE_LOOP('',(#4518,#4519,#4520,#4521));
#1074=EDGE_LOOP('',(#4522,#4523,#4524,#4525));
#1075=EDGE_LOOP('',(#4526,#4527,#4528,#4529));
#1076=LINE('',#7196,#1508);
#1077=LINE('',#7198,#1509);
#1078=LINE('',#7200,#1510);
#1079=LINE('',#7201,#1511);
#1080=LINE('',#7204,#1512);
#1081=LINE('',#7206,#1513);
#1082=LINE('',#7207,#1514);
#1083=LINE('',#7210,#1515);
#1084=LINE('',#7212,#1516);
#1085=LINE('',#7213,#1517);
#1086=LINE('',#7215,#1518);
#1087=LINE('',#7216,#1519);
#1088=LINE('',#7221,#1520);
#1089=LINE('',#7223,#1521);
#1090=LINE('',#7225,#1522);
#1091=LINE('',#7226,#1523);
#1092=LINE('',#7229,#1524);
#1093=LINE('',#7231,#1525);
#1094=LINE('',#7232,#1526);
#1095=LINE('',#7235,#1527);
#1096=LINE('',#7237,#1528);
#1097=LINE('',#7238,#1529);
#1098=LINE('',#7240,#1530);
#1099=LINE('',#7241,#1531);
#1100=LINE('',#7246,#1532);
#1101=LINE('',#7248,#1533);
#1102=LINE('',#7250,#1534);
#1103=LINE('',#7251,#1535);
#1104=LINE('',#7254,#1536);
#1105=LINE('',#7256,#1537);
#1106=LINE('',#7257,#1538);
#1107=LINE('',#7260,#1539);
#1108=LINE('',#7262,#1540);
#1109=LINE('',#7263,#1541);
#1110=LINE('',#7265,#1542);
#1111=LINE('',#7266,#1543);
#1112=LINE('',#7271,#1544);
#1113=LINE('',#7273,#1545);
#1114=LINE('',#7275,#1546);
#1115=LINE('',#7276,#1547);
#1116=LINE('',#7279,#1548);
#1117=LINE('',#7281,#1549);
#1118=LINE('',#7282,#1550);
#1119=LINE('',#7285,#1551);
#1120=LINE('',#7287,#1552);
#1121=LINE('',#7288,#1553);
#1122=LINE('',#7290,#1554);
#1123=LINE('',#7291,#1555);
#1124=LINE('',#7296,#1556);
#1125=LINE('',#7298,#1557);
#1126=LINE('',#7300,#1558);
#1127=LINE('',#7301,#1559);
#1128=LINE('',#7304,#1560);
#1129=LINE('',#7306,#1561);
#1130=LINE('',#7307,#1562);
#1131=LINE('',#7310,#1563);
#1132=LINE('',#7312,#1564);
#1133=LINE('',#7313,#1565);
#1134=LINE('',#7315,#1566);
#1135=LINE('',#7316,#1567);
#1136=LINE('',#7321,#1568);
#1137=LINE('',#7323,#1569);
#1138=LINE('',#7325,#1570);
#1139=LINE('',#7326,#1571);
#1140=LINE('',#7329,#1572);
#1141=LINE('',#7331,#1573);
#1142=LINE('',#7332,#1574);
#1143=LINE('',#7335,#1575);
#1144=LINE('',#7337,#1576);
#1145=LINE('',#7338,#1577);
#1146=LINE('',#7340,#1578);
#1147=LINE('',#7341,#1579);
#1148=LINE('',#7346,#1580);
#1149=LINE('',#7348,#1581);
#1150=LINE('',#7350,#1582);
#1151=LINE('',#7351,#1583);
#1152=LINE('',#7354,#1584);
#1153=LINE('',#7356,#1585);
#1154=LINE('',#7357,#1586);
#1155=LINE('',#7360,#1587);
#1156=LINE('',#7362,#1588);
#1157=LINE('',#7363,#1589);
#1158=LINE('',#7365,#1590);
#1159=LINE('',#7366,#1591);
#1160=LINE('',#7371,#1592);
#1161=LINE('',#7373,#1593);
#1162=LINE('',#7375,#1594);
#1163=LINE('',#7376,#1595);
#1164=LINE('',#7379,#1596);
#1165=LINE('',#7381,#1597);
#1166=LINE('',#7382,#1598);
#1167=LINE('',#7384,#1599);
#1168=LINE('',#7385,#1600);
#1169=LINE('',#7390,#1601);
#1170=LINE('',#7392,#1602);
#1171=LINE('',#7394,#1603);
#1172=LINE('',#7395,#1604);
#1173=LINE('',#7398,#1605);
#1174=LINE('',#7400,#1606);
#1175=LINE('',#7401,#1607);
#1176=LINE('',#7404,#1608);
#1177=LINE('',#7406,#1609);
#1178=LINE('',#7407,#1610);
#1179=LINE('',#7409,#1611);
#1180=LINE('',#7410,#1612);
#1181=LINE('',#7417,#1613);
#1182=LINE('',#7419,#1614);
#1183=LINE('',#7421,#1615);
#1184=LINE('',#7422,#1616);
#1185=LINE('',#7425,#1617);
#1186=LINE('',#7427,#1618);
#1187=LINE('',#7428,#1619);
#1188=LINE('',#7431,#1620);
#1189=LINE('',#7433,#1621);
#1190=LINE('',#7434,#1622);
#1191=LINE('',#7436,#1623);
#1192=LINE('',#7437,#1624);
#1193=LINE('',#7446,#1625);
#1194=LINE('',#7449,#1626);
#1195=LINE('',#7452,#1627);
#1196=LINE('',#7454,#1628);
#1197=LINE('',#7455,#1629);
#1198=LINE('',#7461,#1630);
#1199=LINE('',#7467,#1631);
#1200=LINE('',#7473,#1632);
#1201=LINE('',#7479,#1633);
#1202=LINE('',#7485,#1634);
#1203=LINE('',#7491,#1635);
#1204=LINE('',#7497,#1636);
#1205=LINE('',#7503,#1637);
#1206=LINE('',#7509,#1638);
#1207=LINE('',#7515,#1639);
#1208=LINE('',#7521,#1640);
#1209=LINE('',#7527,#1641);
#1210=LINE('',#7533,#1642);
#1211=LINE('',#7539,#1643);
#1212=LINE('',#7545,#1644);
#1213=LINE('',#7548,#1645);
#1214=LINE('',#7550,#1646);
#1215=LINE('',#7551,#1647);
#1216=LINE('',#7557,#1648);
#1217=LINE('',#7566,#1649);
#1218=LINE('',#7568,#1650);
#1219=LINE('',#7570,#1651);
#1220=LINE('',#7571,#1652);
#1221=LINE('',#7574,#1653);
#1222=LINE('',#7576,#1654);
#1223=LINE('',#7577,#1655);
#1224=LINE('',#7580,#1656);
#1225=LINE('',#7582,#1657);
#1226=LINE('',#7583,#1658);
#1227=LINE('',#7586,#1659);
#1228=LINE('',#7588,#1660);
#1229=LINE('',#7589,#1661);
#1230=LINE('',#7592,#1662);
#1231=LINE('',#7594,#1663);
#1232=LINE('',#7595,#1664);
#1233=LINE('',#7601,#1665);
#1234=LINE('',#7607,#1666);
#1235=LINE('',#7613,#1667);
#1236=LINE('',#7619,#1668);
#1237=LINE('',#7622,#1669);
#1238=LINE('',#7624,#1670);
#1239=LINE('',#7625,#1671);
#1240=LINE('',#7628,#1672);
#1241=LINE('',#7630,#1673);
#1242=LINE('',#7631,#1674);
#1243=LINE('',#7634,#1675);
#1244=LINE('',#7636,#1676);
#1245=LINE('',#7637,#1677);
#1246=LINE('',#7646,#1678);
#1247=LINE('',#7648,#1679);
#1248=LINE('',#7650,#1680);
#1249=LINE('',#7651,#1681);
#1250=LINE('',#7654,#1682);
#1251=LINE('',#7656,#1683);
#1252=LINE('',#7657,#1684);
#1253=LINE('',#7660,#1685);
#1254=LINE('',#7662,#1686);
#1255=LINE('',#7663,#1687);
#1256=LINE('',#7666,#1688);
#1257=LINE('',#7668,#1689);
#1258=LINE('',#7669,#1690);
#1259=LINE('',#7672,#1691);
#1260=LINE('',#7674,#1692);
#1261=LINE('',#7675,#1693);
#1262=LINE('',#7681,#1694);
#1263=LINE('',#7687,#1695);
#1264=LINE('',#7693,#1696);
#1265=LINE('',#7699,#1697);
#1266=LINE('',#7702,#1698);
#1267=LINE('',#7704,#1699);
#1268=LINE('',#7705,#1700);
#1269=LINE('',#7708,#1701);
#1270=LINE('',#7710,#1702);
#1271=LINE('',#7711,#1703);
#1272=LINE('',#7714,#1704);
#1273=LINE('',#7716,#1705);
#1274=LINE('',#7717,#1706);
#1275=LINE('',#7728,#1707);
#1276=LINE('',#7731,#1708);
#1277=LINE('',#7737,#1709);
#1278=LINE('',#7740,#1710);
#1279=LINE('',#7742,#1711);
#1280=LINE('',#7743,#1712);
#1281=LINE('',#7749,#1713);
#1282=LINE('',#7755,#1714);
#1283=LINE('',#7761,#1715);
#1284=LINE('',#7767,#1716);
#1285=LINE('',#7770,#1717);
#1286=LINE('',#7772,#1718);
#1287=LINE('',#7773,#1719);
#1288=LINE('',#7776,#1720);
#1289=LINE('',#7778,#1721);
#1290=LINE('',#7779,#1722);
#1291=LINE('',#7782,#1723);
#1292=LINE('',#7784,#1724);
#1293=LINE('',#7785,#1725);
#1294=LINE('',#7788,#1726);
#1295=LINE('',#7790,#1727);
#1296=LINE('',#7791,#1728);
#1297=LINE('',#7794,#1729);
#1298=LINE('',#7796,#1730);
#1299=LINE('',#7797,#1731);
#1300=LINE('',#7800,#1732);
#1301=LINE('',#7802,#1733);
#1302=LINE('',#7803,#1734);
#1303=LINE('',#7806,#1735);
#1304=LINE('',#7808,#1736);
#1305=LINE('',#7809,#1737);
#1306=LINE('',#7812,#1738);
#1307=LINE('',#7814,#1739);
#1308=LINE('',#7815,#1740);
#1309=LINE('',#7818,#1741);
#1310=LINE('',#7820,#1742);
#1311=LINE('',#7821,#1743);
#1312=LINE('',#7824,#1744);
#1313=LINE('',#7826,#1745);
#1314=LINE('',#7827,#1746);
#1315=LINE('',#7830,#1747);
#1316=LINE('',#7832,#1748);
#1317=LINE('',#7833,#1749);
#1318=LINE('',#7856,#1750);
#1319=LINE('',#7858,#1751);
#1320=LINE('',#7860,#1752);
#1321=LINE('',#7861,#1753);
#1322=LINE('',#7864,#1754);
#1323=LINE('',#7866,#1755);
#1324=LINE('',#7867,#1756);
#1325=LINE('',#7870,#1757);
#1326=LINE('',#7872,#1758);
#1327=LINE('',#7873,#1759);
#1328=LINE('',#7875,#1760);
#1329=LINE('',#7876,#1761);
#1330=LINE('',#7882,#1762);
#1331=LINE('',#7884,#1763);
#1332=LINE('',#7886,#1764);
#1333=LINE('',#7887,#1765);
#1334=LINE('',#7890,#1766);
#1335=LINE('',#7892,#1767);
#1336=LINE('',#7893,#1768);
#1337=LINE('',#7896,#1769);
#1338=LINE('',#7898,#1770);
#1339=LINE('',#7899,#1771);
#1340=LINE('',#7901,#1772);
#1341=LINE('',#7902,#1773);
#1342=LINE('',#7908,#1774);
#1343=LINE('',#7910,#1775);
#1344=LINE('',#7912,#1776);
#1345=LINE('',#7913,#1777);
#1346=LINE('',#7916,#1778);
#1347=LINE('',#7918,#1779);
#1348=LINE('',#7919,#1780);
#1349=LINE('',#7922,#1781);
#1350=LINE('',#7924,#1782);
#1351=LINE('',#7925,#1783);
#1352=LINE('',#7927,#1784);
#1353=LINE('',#7928,#1785);
#1354=LINE('',#7934,#1786);
#1355=LINE('',#7936,#1787);
#1356=LINE('',#7938,#1788);
#1357=LINE('',#7939,#1789);
#1358=LINE('',#7942,#1790);
#1359=LINE('',#7944,#1791);
#1360=LINE('',#7945,#1792);
#1361=LINE('',#7948,#1793);
#1362=LINE('',#7950,#1794);
#1363=LINE('',#7951,#1795);
#1364=LINE('',#7954,#1796);
#1365=LINE('',#7956,#1797);
#1366=LINE('',#7957,#1798);
#1367=LINE('',#7960,#1799);
#1368=LINE('',#7962,#1800);
#1369=LINE('',#7963,#1801);
#1370=LINE('',#7969,#1802);
#1371=LINE('',#7975,#1803);
#1372=LINE('',#7981,#1804);
#1373=LINE('',#7987,#1805);
#1374=LINE('',#7990,#1806);
#1375=LINE('',#7992,#1807);
#1376=LINE('',#7993,#1808);
#1377=LINE('',#7996,#1809);
#1378=LINE('',#7998,#1810);
#1379=LINE('',#7999,#1811);
#1380=LINE('',#8002,#1812);
#1381=LINE('',#8004,#1813);
#1382=LINE('',#8005,#1814);
#1383=LINE('',#8014,#1815);
#1384=LINE('',#8016,#1816);
#1385=LINE('',#8018,#1817);
#1386=LINE('',#8019,#1818);
#1387=LINE('',#8022,#1819);
#1388=LINE('',#8024,#1820);
#1389=LINE('',#8025,#1821);
#1390=LINE('',#8030,#1822);
#1391=LINE('',#8036,#1823);
#1392=LINE('',#8042,#1824);
#1393=LINE('',#8048,#1825);
#1394=LINE('',#8054,#1826);
#1395=LINE('',#8060,#1827);
#1396=LINE('',#8070,#1828);
#1397=LINE('',#8073,#1829);
#1398=LINE('',#8079,#1830);
#1399=LINE('',#8085,#1831);
#1400=LINE('',#8088,#1832);
#1401=LINE('',#8090,#1833);
#1402=LINE('',#8091,#1834);
#1403=LINE('',#8094,#1835);
#1404=LINE('',#8096,#1836);
#1405=LINE('',#8097,#1837);
#1406=LINE('',#8103,#1838);
#1407=LINE('',#8109,#1839);
#1408=LINE('',#8115,#1840);
#1409=LINE('',#8121,#1841);
#1410=LINE('',#8127,#1842);
#1411=LINE('',#8133,#1843);
#1412=LINE('',#8139,#1844);
#1413=LINE('',#8145,#1845);
#1414=LINE('',#8151,#1846);
#1415=LINE('',#8154,#1847);
#1416=LINE('',#8156,#1848);
#1417=LINE('',#8157,#1849);
#1418=LINE('',#8160,#1850);
#1419=LINE('',#8162,#1851);
#1420=LINE('',#8163,#1852);
#1421=LINE('',#8169,#1853);
#1422=LINE('',#8175,#1854);
#1423=LINE('',#8181,#1855);
#1424=LINE('',#8187,#1856);
#1425=LINE('',#8193,#1857);
#1426=LINE('',#8199,#1858);
#1427=LINE('',#8205,#1859);
#1428=LINE('',#8211,#1860);
#1429=LINE('',#8217,#1861);
#1430=LINE('',#8223,#1862);
#1431=LINE('',#8229,#1863);
#1432=LINE('',#8235,#1864);
#1433=LINE('',#8241,#1865);
#1434=LINE('',#8247,#1866);
#1435=LINE('',#8253,#1867);
#1436=LINE('',#8259,#1868);
#1437=LINE('',#8265,#1869);
#1438=LINE('',#8271,#1870);
#1439=LINE('',#8277,#1871);
#1440=LINE('',#8288,#1872);
#1441=LINE('',#8291,#1873);
#1442=LINE('',#8296,#1874);
#1443=LINE('',#8302,#1875);
#1444=LINE('',#8308,#1876);
#1445=LINE('',#8314,#1877);
#1446=LINE('',#8320,#1878);
#1447=LINE('',#8326,#1879);
#1448=LINE('',#8332,#1880);
#1449=LINE('',#8338,#1881);
#1450=LINE('',#8344,#1882);
#1451=LINE('',#8350,#1883);
#1452=LINE('',#8356,#1884);
#1453=LINE('',#8362,#1885);
#1454=LINE('',#8368,#1886);
#1455=LINE('',#8374,#1887);
#1456=LINE('',#8380,#1888);
#1457=LINE('',#8386,#1889);
#1458=LINE('',#8392,#1890);
#1459=LINE('',#8398,#1891);
#1460=LINE('',#8404,#1892);
#1461=LINE('',#8410,#1893);
#1462=LINE('',#8416,#1894);
#1463=LINE('',#8422,#1895);
#1464=LINE('',#8428,#1896);
#1465=LINE('',#8434,#1897);
#1466=LINE('',#8440,#1898);
#1467=LINE('',#8446,#1899);
#1468=LINE('',#8452,#1900);
#1469=LINE('',#8458,#1901);
#1470=LINE('',#8464,#1902);
#1471=LINE('',#8470,#1903);
#1472=LINE('',#8476,#1904);
#1473=LINE('',#8482,#1905);
#1474=LINE('',#8488,#1906);
#1475=LINE('',#8494,#1907);
#1476=LINE('',#8504,#1908);
#1477=LINE('',#8507,#1909);
#1478=LINE('',#8513,#1910);
#1479=LINE('',#8519,#1911);
#1480=LINE('',#8525,#1912);
#1481=LINE('',#8531,#1913);
#1482=LINE('',#8537,#1914);
#1483=LINE('',#8543,#1915);
#1484=LINE('',#8549,#1916);
#1485=LINE('',#8555,#1917);
#1486=LINE('',#8561,#1918);
#1487=LINE('',#8567,#1919);
#1488=LINE('',#8573,#1920);
#1489=LINE('',#8579,#1921);
#1490=LINE('',#8585,#1922);
#1491=LINE('',#8591,#1923);
#1492=LINE('',#8597,#1924);
#1493=LINE('',#8603,#1925);
#1494=LINE('',#8609,#1926);
#1495=LINE('',#8615,#1927);
#1496=LINE('',#8625,#1928);
#1497=LINE('',#8627,#1929);
#1498=LINE('',#8629,#1930);
#1499=LINE('',#8630,#1931);
#1500=LINE('',#8633,#1932);
#1501=LINE('',#8635,#1933);
#1502=LINE('',#8636,#1934);
#1503=LINE('',#8639,#1935);
#1504=LINE('',#8641,#1936);
#1505=LINE('',#8642,#1937);
#1506=LINE('',#8644,#1938);
#1507=LINE('',#8645,#1939);
#1508=VECTOR('',#5641,10.);
#1509=VECTOR('',#5642,10.);
#1510=VECTOR('',#5643,10.);
#1511=VECTOR('',#5644,10.);
#1512=VECTOR('',#5647,10.);
#1513=VECTOR('',#5648,10.);
#1514=VECTOR('',#5649,10.);
#1515=VECTOR('',#5652,10.);
#1516=VECTOR('',#5653,10.);
#1517=VECTOR('',#5654,10.);
#1518=VECTOR('',#5657,10.);
#1519=VECTOR('',#5658,10.);
#1520=VECTOR('',#5663,10.);
#1521=VECTOR('',#5664,10.);
#1522=VECTOR('',#5665,10.);
#1523=VECTOR('',#5666,10.);
#1524=VECTOR('',#5669,10.);
#1525=VECTOR('',#5670,10.);
#1526=VECTOR('',#5671,10.);
#1527=VECTOR('',#5674,10.);
#1528=VECTOR('',#5675,10.);
#1529=VECTOR('',#5676,10.);
#1530=VECTOR('',#5679,10.);
#1531=VECTOR('',#5680,10.);
#1532=VECTOR('',#5685,10.);
#1533=VECTOR('',#5686,10.);
#1534=VECTOR('',#5687,10.);
#1535=VECTOR('',#5688,10.);
#1536=VECTOR('',#5691,10.);
#1537=VECTOR('',#5692,10.);
#1538=VECTOR('',#5693,10.);
#1539=VECTOR('',#5696,10.);
#1540=VECTOR('',#5697,10.);
#1541=VECTOR('',#5698,10.);
#1542=VECTOR('',#5701,10.);
#1543=VECTOR('',#5702,10.);
#1544=VECTOR('',#5707,10.);
#1545=VECTOR('',#5708,10.);
#1546=VECTOR('',#5709,10.);
#1547=VECTOR('',#5710,10.);
#1548=VECTOR('',#5713,10.);
#1549=VECTOR('',#5714,10.);
#1550=VECTOR('',#5715,10.);
#1551=VECTOR('',#5718,10.);
#1552=VECTOR('',#5719,10.);
#1553=VECTOR('',#5720,10.);
#1554=VECTOR('',#5723,10.);
#1555=VECTOR('',#5724,10.);
#1556=VECTOR('',#5729,10.);
#1557=VECTOR('',#5730,10.);
#1558=VECTOR('',#5731,10.);
#1559=VECTOR('',#5732,10.);
#1560=VECTOR('',#5735,10.);
#1561=VECTOR('',#5736,10.);
#1562=VECTOR('',#5737,10.);
#1563=VECTOR('',#5740,10.);
#1564=VECTOR('',#5741,10.);
#1565=VECTOR('',#5742,10.);
#1566=VECTOR('',#5745,10.);
#1567=VECTOR('',#5746,10.);
#1568=VECTOR('',#5751,10.);
#1569=VECTOR('',#5752,10.);
#1570=VECTOR('',#5753,10.);
#1571=VECTOR('',#5754,10.);
#1572=VECTOR('',#5757,10.);
#1573=VECTOR('',#5758,10.);
#1574=VECTOR('',#5759,10.);
#1575=VECTOR('',#5762,10.);
#1576=VECTOR('',#5763,10.);
#1577=VECTOR('',#5764,10.);
#1578=VECTOR('',#5767,10.);
#1579=VECTOR('',#5768,10.);
#1580=VECTOR('',#5773,10.);
#1581=VECTOR('',#5774,10.);
#1582=VECTOR('',#5775,10.);
#1583=VECTOR('',#5776,10.);
#1584=VECTOR('',#5779,10.);
#1585=VECTOR('',#5780,10.);
#1586=VECTOR('',#5781,10.);
#1587=VECTOR('',#5784,10.);
#1588=VECTOR('',#5785,10.);
#1589=VECTOR('',#5786,10.);
#1590=VECTOR('',#5789,10.);
#1591=VECTOR('',#5790,10.);
#1592=VECTOR('',#5795,10.);
#1593=VECTOR('',#5796,10.);
#1594=VECTOR('',#5797,10.);
#1595=VECTOR('',#5798,10.);
#1596=VECTOR('',#5801,10.);
#1597=VECTOR('',#5802,10.);
#1598=VECTOR('',#5803,10.);
#1599=VECTOR('',#5806,10.);
#1600=VECTOR('',#5807,10.);
#1601=VECTOR('',#5812,10.);
#1602=VECTOR('',#5813,10.);
#1603=VECTOR('',#5814,10.);
#1604=VECTOR('',#5815,10.);
#1605=VECTOR('',#5818,10.);
#1606=VECTOR('',#5819,10.);
#1607=VECTOR('',#5820,10.);
#1608=VECTOR('',#5823,10.);
#1609=VECTOR('',#5824,10.);
#1610=VECTOR('',#5825,10.);
#1611=VECTOR('',#5828,10.);
#1612=VECTOR('',#5829,10.);
#1613=VECTOR('',#5838,10.);
#1614=VECTOR('',#5839,10.);
#1615=VECTOR('',#5840,10.);
#1616=VECTOR('',#5841,10.);
#1617=VECTOR('',#5844,10.);
#1618=VECTOR('',#5845,10.);
#1619=VECTOR('',#5846,10.);
#1620=VECTOR('',#5849,10.);
#1621=VECTOR('',#5850,10.);
#1622=VECTOR('',#5851,10.);
#1623=VECTOR('',#5854,10.);
#1624=VECTOR('',#5855,10.);
#1625=VECTOR('',#5866,10.);
#1626=VECTOR('',#5869,10.);
#1627=VECTOR('',#5872,10.);
#1628=VECTOR('',#5873,10.);
#1629=VECTOR('',#5874,10.);
#1630=VECTOR('',#5881,10.);
#1631=VECTOR('',#5888,10.);
#1632=VECTOR('',#5895,10.);
#1633=VECTOR('',#5902,10.);
#1634=VECTOR('',#5909,10.);
#1635=VECTOR('',#5916,10.);
#1636=VECTOR('',#5923,10.);
#1637=VECTOR('',#5930,10.);
#1638=VECTOR('',#5937,10.);
#1639=VECTOR('',#5944,10.);
#1640=VECTOR('',#5951,10.);
#1641=VECTOR('',#5958,10.);
#1642=VECTOR('',#5965,10.);
#1643=VECTOR('',#5972,10.);
#1644=VECTOR('',#5979,10.);
#1645=VECTOR('',#5982,10.);
#1646=VECTOR('',#5983,10.);
#1647=VECTOR('',#5984,10.);
#1648=VECTOR('',#5991,10.);
#1649=VECTOR('',#6004,10.);
#1650=VECTOR('',#6005,10.);
#1651=VECTOR('',#6006,10.);
#1652=VECTOR('',#6007,10.);
#1653=VECTOR('',#6010,10.);
#1654=VECTOR('',#6011,10.);
#1655=VECTOR('',#6012,10.);
#1656=VECTOR('',#6015,10.);
#1657=VECTOR('',#6016,10.);
#1658=VECTOR('',#6017,10.);
#1659=VECTOR('',#6020,10.);
#1660=VECTOR('',#6021,10.);
#1661=VECTOR('',#6022,10.);
#1662=VECTOR('',#6025,10.);
#1663=VECTOR('',#6026,10.);
#1664=VECTOR('',#6027,10.);
#1665=VECTOR('',#6034,10.);
#1666=VECTOR('',#6041,10.);
#1667=VECTOR('',#6048,10.);
#1668=VECTOR('',#6055,10.);
#1669=VECTOR('',#6058,10.);
#1670=VECTOR('',#6059,10.);
#1671=VECTOR('',#6060,10.);
#1672=VECTOR('',#6063,10.);
#1673=VECTOR('',#6064,10.);
#1674=VECTOR('',#6065,10.);
#1675=VECTOR('',#6068,10.);
#1676=VECTOR('',#6069,10.);
#1677=VECTOR('',#6070,10.);
#1678=VECTOR('',#6083,10.);
#1679=VECTOR('',#6084,10.);
#1680=VECTOR('',#6085,10.);
#1681=VECTOR('',#6086,10.);
#1682=VECTOR('',#6089,10.);
#1683=VECTOR('',#6090,10.);
#1684=VECTOR('',#6091,10.);
#1685=VECTOR('',#6094,10.);
#1686=VECTOR('',#6095,10.);
#1687=VECTOR('',#6096,10.);
#1688=VECTOR('',#6099,10.);
#1689=VECTOR('',#6100,10.);
#1690=VECTOR('',#6101,10.);
#1691=VECTOR('',#6104,10.);
#1692=VECTOR('',#6105,10.);
#1693=VECTOR('',#6106,10.);
#1694=VECTOR('',#6113,10.);
#1695=VECTOR('',#6120,10.);
#1696=VECTOR('',#6127,10.);
#1697=VECTOR('',#6134,10.);
#1698=VECTOR('',#6137,10.);
#1699=VECTOR('',#6138,10.);
#1700=VECTOR('',#6139,10.);
#1701=VECTOR('',#6142,10.);
#1702=VECTOR('',#6143,10.);
#1703=VECTOR('',#6144,10.);
#1704=VECTOR('',#6147,10.);
#1705=VECTOR('',#6148,10.);
#1706=VECTOR('',#6149,10.);
#1707=VECTOR('',#6164,10.);
#1708=VECTOR('',#6167,10.);
#1709=VECTOR('',#6174,10.);
#1710=VECTOR('',#6177,10.);
#1711=VECTOR('',#6178,10.);
#1712=VECTOR('',#6179,10.);
#1713=VECTOR('',#6186,10.);
#1714=VECTOR('',#6193,10.);
#1715=VECTOR('',#6200,10.);
#1716=VECTOR('',#6207,10.);
#1717=VECTOR('',#6210,10.);
#1718=VECTOR('',#6211,10.);
#1719=VECTOR('',#6212,10.);
#1720=VECTOR('',#6215,10.);
#1721=VECTOR('',#6216,10.);
#1722=VECTOR('',#6217,10.);
#1723=VECTOR('',#6220,10.);
#1724=VECTOR('',#6221,10.);
#1725=VECTOR('',#6222,10.);
#1726=VECTOR('',#6225,10.);
#1727=VECTOR('',#6226,10.);
#1728=VECTOR('',#6227,10.);
#1729=VECTOR('',#6230,10.);
#1730=VECTOR('',#6231,10.);
#1731=VECTOR('',#6232,10.);
#1732=VECTOR('',#6235,10.);
#1733=VECTOR('',#6236,10.);
#1734=VECTOR('',#6237,10.);
#1735=VECTOR('',#6240,10.);
#1736=VECTOR('',#6241,10.);
#1737=VECTOR('',#6242,10.);
#1738=VECTOR('',#6245,10.);
#1739=VECTOR('',#6246,10.);
#1740=VECTOR('',#6247,10.);
#1741=VECTOR('',#6250,10.);
#1742=VECTOR('',#6251,10.);
#1743=VECTOR('',#6252,10.);
#1744=VECTOR('',#6255,10.);
#1745=VECTOR('',#6256,10.);
#1746=VECTOR('',#6257,10.);
#1747=VECTOR('',#6260,10.);
#1748=VECTOR('',#6261,10.);
#1749=VECTOR('',#6262,10.);
#1750=VECTOR('',#6295,10.);
#1751=VECTOR('',#6296,10.);
#1752=VECTOR('',#6297,10.);
#1753=VECTOR('',#6298,10.);
#1754=VECTOR('',#6301,10.);
#1755=VECTOR('',#6302,10.);
#1756=VECTOR('',#6303,10.);
#1757=VECTOR('',#6306,10.);
#1758=VECTOR('',#6307,10.);
#1759=VECTOR('',#6308,10.);
#1760=VECTOR('',#6311,10.);
#1761=VECTOR('',#6312,10.);
#1762=VECTOR('',#6319,10.);
#1763=VECTOR('',#6320,10.);
#1764=VECTOR('',#6321,10.);
#1765=VECTOR('',#6322,10.);
#1766=VECTOR('',#6325,10.);
#1767=VECTOR('',#6326,10.);
#1768=VECTOR('',#6327,10.);
#1769=VECTOR('',#6330,10.);
#1770=VECTOR('',#6331,10.);
#1771=VECTOR('',#6332,10.);
#1772=VECTOR('',#6335,10.);
#1773=VECTOR('',#6336,10.);
#1774=VECTOR('',#6343,10.);
#1775=VECTOR('',#6344,10.);
#1776=VECTOR('',#6345,10.);
#1777=VECTOR('',#6346,10.);
#1778=VECTOR('',#6349,10.);
#1779=VECTOR('',#6350,10.);
#1780=VECTOR('',#6351,10.);
#1781=VECTOR('',#6354,10.);
#1782=VECTOR('',#6355,10.);
#1783=VECTOR('',#6356,10.);
#1784=VECTOR('',#6359,10.);
#1785=VECTOR('',#6360,10.);
#1786=VECTOR('',#6367,10.);
#1787=VECTOR('',#6368,10.);
#1788=VECTOR('',#6369,10.);
#1789=VECTOR('',#6370,10.);
#1790=VECTOR('',#6373,10.);
#1791=VECTOR('',#6374,10.);
#1792=VECTOR('',#6375,10.);
#1793=VECTOR('',#6378,10.);
#1794=VECTOR('',#6379,10.);
#1795=VECTOR('',#6380,10.);
#1796=VECTOR('',#6383,10.);
#1797=VECTOR('',#6384,10.);
#1798=VECTOR('',#6385,10.);
#1799=VECTOR('',#6388,10.);
#1800=VECTOR('',#6389,10.);
#1801=VECTOR('',#6390,10.);
#1802=VECTOR('',#6397,10.);
#1803=VECTOR('',#6404,10.);
#1804=VECTOR('',#6411,10.);
#1805=VECTOR('',#6418,10.);
#1806=VECTOR('',#6421,10.);
#1807=VECTOR('',#6422,10.);
#1808=VECTOR('',#6423,10.);
#1809=VECTOR('',#6426,10.);
#1810=VECTOR('',#6427,10.);
#1811=VECTOR('',#6428,10.);
#1812=VECTOR('',#6431,10.);
#1813=VECTOR('',#6432,10.);
#1814=VECTOR('',#6433,10.);
#1815=VECTOR('',#6446,10.);
#1816=VECTOR('',#6447,10.);
#1817=VECTOR('',#6448,10.);
#1818=VECTOR('',#6449,10.);
#1819=VECTOR('',#6452,10.);
#1820=VECTOR('',#6453,10.);
#1821=VECTOR('',#6454,10.);
#1822=VECTOR('',#6459,10.);
#1823=VECTOR('',#6466,10.);
#1824=VECTOR('',#6473,10.);
#1825=VECTOR('',#6480,10.);
#1826=VECTOR('',#6487,10.);
#1827=VECTOR('',#6494,10.);
#1828=VECTOR('',#6507,10.);
#1829=VECTOR('',#6510,10.);
#1830=VECTOR('',#6517,10.);
#1831=VECTOR('',#6524,10.);
#1832=VECTOR('',#6527,10.);
#1833=VECTOR('',#6528,10.);
#1834=VECTOR('',#6529,10.);
#1835=VECTOR('',#6532,10.);
#1836=VECTOR('',#6533,10.);
#1837=VECTOR('',#6534,10.);
#1838=VECTOR('',#6541,10.);
#1839=VECTOR('',#6548,10.);
#1840=VECTOR('',#6555,10.);
#1841=VECTOR('',#6562,10.);
#1842=VECTOR('',#6569,10.);
#1843=VECTOR('',#6576,10.);
#1844=VECTOR('',#6583,10.);
#1845=VECTOR('',#6590,10.);
#1846=VECTOR('',#6597,10.);
#1847=VECTOR('',#6600,10.);
#1848=VECTOR('',#6601,10.);
#1849=VECTOR('',#6602,10.);
#1850=VECTOR('',#6605,10.);
#1851=VECTOR('',#6606,10.);
#1852=VECTOR('',#6607,10.);
#1853=VECTOR('',#6614,10.);
#1854=VECTOR('',#6621,10.);
#1855=VECTOR('',#6628,10.);
#1856=VECTOR('',#6635,10.);
#1857=VECTOR('',#6642,10.);
#1858=VECTOR('',#6649,10.);
#1859=VECTOR('',#6656,10.);
#1860=VECTOR('',#6663,10.);
#1861=VECTOR('',#6670,10.);
#1862=VECTOR('',#6677,10.);
#1863=VECTOR('',#6684,10.);
#1864=VECTOR('',#6691,10.);
#1865=VECTOR('',#6698,10.);
#1866=VECTOR('',#6705,10.);
#1867=VECTOR('',#6712,10.);
#1868=VECTOR('',#6719,10.);
#1869=VECTOR('',#6726,10.);
#1870=VECTOR('',#6733,10.);
#1871=VECTOR('',#6740,10.);
#1872=VECTOR('',#6755,10.);
#1873=VECTOR('',#6758,10.);
#1874=VECTOR('',#6763,10.);
#1875=VECTOR('',#6770,10.);
#1876=VECTOR('',#6777,10.);
#1877=VECTOR('',#6784,10.);
#1878=VECTOR('',#6791,10.);
#1879=VECTOR('',#6798,10.);
#1880=VECTOR('',#6805,10.);
#1881=VECTOR('',#6812,10.);
#1882=VECTOR('',#6819,10.);
#1883=VECTOR('',#6826,10.);
#1884=VECTOR('',#6833,10.);
#1885=VECTOR('',#6840,10.);
#1886=VECTOR('',#6847,10.);
#1887=VECTOR('',#6854,10.);
#1888=VECTOR('',#6861,10.);
#1889=VECTOR('',#6868,10.);
#1890=VECTOR('',#6875,10.);
#1891=VECTOR('',#6882,10.);
#1892=VECTOR('',#6889,10.);
#1893=VECTOR('',#6896,10.);
#1894=VECTOR('',#6903,10.);
#1895=VECTOR('',#6910,10.);
#1896=VECTOR('',#6917,10.);
#1897=VECTOR('',#6924,10.);
#1898=VECTOR('',#6931,10.);
#1899=VECTOR('',#6938,10.);
#1900=VECTOR('',#6945,10.);
#1901=VECTOR('',#6952,10.);
#1902=VECTOR('',#6959,10.);
#1903=VECTOR('',#6966,10.);
#1904=VECTOR('',#6973,10.);
#1905=VECTOR('',#6980,10.);
#1906=VECTOR('',#6987,10.);
#1907=VECTOR('',#6994,10.);
#1908=VECTOR('',#7007,10.);
#1909=VECTOR('',#7010,10.);
#1910=VECTOR('',#7017,10.);
#1911=VECTOR('',#7024,10.);
#1912=VECTOR('',#7031,10.);
#1913=VECTOR('',#7038,10.);
#1914=VECTOR('',#7045,10.);
#1915=VECTOR('',#7052,10.);
#1916=VECTOR('',#7059,10.);
#1917=VECTOR('',#7066,10.);
#1918=VECTOR('',#7073,10.);
#1919=VECTOR('',#7080,10.);
#1920=VECTOR('',#7087,10.);
#1921=VECTOR('',#7094,10.);
#1922=VECTOR('',#7101,10.);
#1923=VECTOR('',#7108,10.);
#1924=VECTOR('',#7115,10.);
#1925=VECTOR('',#7122,10.);
#1926=VECTOR('',#7129,10.);
#1927=VECTOR('',#7136,10.);
#1928=VECTOR('',#7151,10.);
#1929=VECTOR('',#7152,10.);
#1930=VECTOR('',#7153,10.);
#1931=VECTOR('',#7154,10.);
#1932=VECTOR('',#7157,10.);
#1933=VECTOR('',#7158,10.);
#1934=VECTOR('',#7159,10.);
#1935=VECTOR('',#7162,10.);
#1936=VECTOR('',#7163,10.);
#1937=VECTOR('',#7164,10.);
#1938=VECTOR('',#7167,10.);
#1939=VECTOR('',#7168,10.);
#1940=VERTEX_POINT('',#7194);
#1941=VERTEX_POINT('',#7195);
#1942=VERTEX_POINT('',#7197);
#1943=VERTEX_POINT('',#7199);
#1944=VERTEX_POINT('',#7203);
#1945=VERTEX_POINT('',#7205);
#1946=VERTEX_POINT('',#7209);
#1947=VERTEX_POINT('',#7211);
#1948=VERTEX_POINT('',#7219);
#1949=VERTEX_POINT('',#7220);
#1950=VERTEX_POINT('',#7222);
#1951=VERTEX_POINT('',#7224);
#1952=VERTEX_POINT('',#7228);
#1953=VERTEX_POINT('',#7230);
#1954=VERTEX_POINT('',#7234);
#1955=VERTEX_POINT('',#7236);
#1956=VERTEX_POINT('',#7244);
#1957=VERTEX_POINT('',#7245);
#1958=VERTEX_POINT('',#7247);
#1959=VERTEX_POINT('',#7249);
#1960=VERTEX_POINT('',#7253);
#1961=VERTEX_POINT('',#7255);
#1962=VERTEX_POINT('',#7259);
#1963=VERTEX_POINT('',#7261);
#1964=VERTEX_POINT('',#7269);
#1965=VERTEX_POINT('',#7270);
#1966=VERTEX_POINT('',#7272);
#1967=VERTEX_POINT('',#7274);
#1968=VERTEX_POINT('',#7278);
#1969=VERTEX_POINT('',#7280);
#1970=VERTEX_POINT('',#7284);
#1971=VERTEX_POINT('',#7286);
#1972=VERTEX_POINT('',#7294);
#1973=VERTEX_POINT('',#7295);
#1974=VERTEX_POINT('',#7297);
#1975=VERTEX_POINT('',#7299);
#1976=VERTEX_POINT('',#7303);
#1977=VERTEX_POINT('',#7305);
#1978=VERTEX_POINT('',#7309);
#1979=VERTEX_POINT('',#7311);
#1980=VERTEX_POINT('',#7319);
#1981=VERTEX_POINT('',#7320);
#1982=VERTEX_POINT('',#7322);
#1983=VERTEX_POINT('',#7324);
#1984=VERTEX_POINT('',#7328);
#1985=VERTEX_POINT('',#7330);
#1986=VERTEX_POINT('',#7334);
#1987=VERTEX_POINT('',#7336);
#1988=VERTEX_POINT('',#7344);
#1989=VERTEX_POINT('',#7345);
#1990=VERTEX_POINT('',#7347);
#1991=VERTEX_POINT('',#7349);
#1992=VERTEX_POINT('',#7353);
#1993=VERTEX_POINT('',#7355);
#1994=VERTEX_POINT('',#7359);
#1995=VERTEX_POINT('',#7361);
#1996=VERTEX_POINT('',#7369);
#1997=VERTEX_POINT('',#7370);
#1998=VERTEX_POINT('',#7372);
#1999=VERTEX_POINT('',#7374);
#2000=VERTEX_POINT('',#7378);
#2001=VERTEX_POINT('',#7380);
#2002=VERTEX_POINT('',#7388);
#2003=VERTEX_POINT('',#7389);
#2004=VERTEX_POINT('',#7391);
#2005=VERTEX_POINT('',#7393);
#2006=VERTEX_POINT('',#7397);
#2007=VERTEX_POINT('',#7399);
#2008=VERTEX_POINT('',#7403);
#2009=VERTEX_POINT('',#7405);
#2010=VERTEX_POINT('',#7415);
#2011=VERTEX_POINT('',#7416);
#2012=VERTEX_POINT('',#7418);
#2013=VERTEX_POINT('',#7420);
#2014=VERTEX_POINT('',#7424);
#2015=VERTEX_POINT('',#7426);
#2016=VERTEX_POINT('',#7430);
#2017=VERTEX_POINT('',#7432);
#2018=VERTEX_POINT('',#7442);
#2019=VERTEX_POINT('',#7443);
#2020=VERTEX_POINT('',#7445);
#2021=VERTEX_POINT('',#7447);
#2022=VERTEX_POINT('',#7451);
#2023=VERTEX_POINT('',#7453);
#2024=VERTEX_POINT('',#7457);
#2025=VERTEX_POINT('',#7459);
#2026=VERTEX_POINT('',#7463);
#2027=VERTEX_POINT('',#7465);
#2028=VERTEX_POINT('',#7469);
#2029=VERTEX_POINT('',#7471);
#2030=VERTEX_POINT('',#7475);
#2031=VERTEX_POINT('',#7477);
#2032=VERTEX_POINT('',#7481);
#2033=VERTEX_POINT('',#7483);
#2034=VERTEX_POINT('',#7487);
#2035=VERTEX_POINT('',#7489);
#2036=VERTEX_POINT('',#7493);
#2037=VERTEX_POINT('',#7495);
#2038=VERTEX_POINT('',#7499);
#2039=VERTEX_POINT('',#7501);
#2040=VERTEX_POINT('',#7505);
#2041=VERTEX_POINT('',#7507);
#2042=VERTEX_POINT('',#7511);
#2043=VERTEX_POINT('',#7513);
#2044=VERTEX_POINT('',#7517);
#2045=VERTEX_POINT('',#7519);
#2046=VERTEX_POINT('',#7523);
#2047=VERTEX_POINT('',#7525);
#2048=VERTEX_POINT('',#7529);
#2049=VERTEX_POINT('',#7531);
#2050=VERTEX_POINT('',#7535);
#2051=VERTEX_POINT('',#7537);
#2052=VERTEX_POINT('',#7541);
#2053=VERTEX_POINT('',#7543);
#2054=VERTEX_POINT('',#7547);
#2055=VERTEX_POINT('',#7549);
#2056=VERTEX_POINT('',#7553);
#2057=VERTEX_POINT('',#7555);
#2058=VERTEX_POINT('',#7564);
#2059=VERTEX_POINT('',#7565);
#2060=VERTEX_POINT('',#7567);
#2061=VERTEX_POINT('',#7569);
#2062=VERTEX_POINT('',#7573);
#2063=VERTEX_POINT('',#7575);
#2064=VERTEX_POINT('',#7579);
#2065=VERTEX_POINT('',#7581);
#2066=VERTEX_POINT('',#7585);
#2067=VERTEX_POINT('',#7587);
#2068=VERTEX_POINT('',#7591);
#2069=VERTEX_POINT('',#7593);
#2070=VERTEX_POINT('',#7597);
#2071=VERTEX_POINT('',#7599);
#2072=VERTEX_POINT('',#7603);
#2073=VERTEX_POINT('',#7605);
#2074=VERTEX_POINT('',#7609);
#2075=VERTEX_POINT('',#7611);
#2076=VERTEX_POINT('',#7615);
#2077=VERTEX_POINT('',#7617);
#2078=VERTEX_POINT('',#7621);
#2079=VERTEX_POINT('',#7623);
#2080=VERTEX_POINT('',#7627);
#2081=VERTEX_POINT('',#7629);
#2082=VERTEX_POINT('',#7633);
#2083=VERTEX_POINT('',#7635);
#2084=VERTEX_POINT('',#7644);
#2085=VERTEX_POINT('',#7645);
#2086=VERTEX_POINT('',#7647);
#2087=VERTEX_POINT('',#7649);
#2088=VERTEX_POINT('',#7653);
#2089=VERTEX_POINT('',#7655);
#2090=VERTEX_POINT('',#7659);
#2091=VERTEX_POINT('',#7661);
#2092=VERTEX_POINT('',#7665);
#2093=VERTEX_POINT('',#7667);
#2094=VERTEX_POINT('',#7671);
#2095=VERTEX_POINT('',#7673);
#2096=VERTEX_POINT('',#7677);
#2097=VERTEX_POINT('',#7679);
#2098=VERTEX_POINT('',#7683);
#2099=VERTEX_POINT('',#7685);
#2100=VERTEX_POINT('',#7689);
#2101=VERTEX_POINT('',#7691);
#2102=VERTEX_POINT('',#7695);
#2103=VERTEX_POINT('',#7697);
#2104=VERTEX_POINT('',#7701);
#2105=VERTEX_POINT('',#7703);
#2106=VERTEX_POINT('',#7707);
#2107=VERTEX_POINT('',#7709);
#2108=VERTEX_POINT('',#7713);
#2109=VERTEX_POINT('',#7715);
#2110=VERTEX_POINT('',#7724);
#2111=VERTEX_POINT('',#7725);
#2112=VERTEX_POINT('',#7727);
#2113=VERTEX_POINT('',#7729);
#2114=VERTEX_POINT('',#7733);
#2115=VERTEX_POINT('',#7735);
#2116=VERTEX_POINT('',#7739);
#2117=VERTEX_POINT('',#7741);
#2118=VERTEX_POINT('',#7745);
#2119=VERTEX_POINT('',#7747);
#2120=VERTEX_POINT('',#7751);
#2121=VERTEX_POINT('',#7753);
#2122=VERTEX_POINT('',#7757);
#2123=VERTEX_POINT('',#7759);
#2124=VERTEX_POINT('',#7763);
#2125=VERTEX_POINT('',#7765);
#2126=VERTEX_POINT('',#7769);
#2127=VERTEX_POINT('',#7771);
#2128=VERTEX_POINT('',#7775);
#2129=VERTEX_POINT('',#7777);
#2130=VERTEX_POINT('',#7781);
#2131=VERTEX_POINT('',#7783);
#2132=VERTEX_POINT('',#7787);
#2133=VERTEX_POINT('',#7789);
#2134=VERTEX_POINT('',#7793);
#2135=VERTEX_POINT('',#7795);
#2136=VERTEX_POINT('',#7799);
#2137=VERTEX_POINT('',#7801);
#2138=VERTEX_POINT('',#7805);
#2139=VERTEX_POINT('',#7807);
#2140=VERTEX_POINT('',#7811);
#2141=VERTEX_POINT('',#7813);
#2142=VERTEX_POINT('',#7817);
#2143=VERTEX_POINT('',#7819);
#2144=VERTEX_POINT('',#7823);
#2145=VERTEX_POINT('',#7825);
#2146=VERTEX_POINT('',#7829);
#2147=VERTEX_POINT('',#7831);
#2148=VERTEX_POINT('',#7840);
#2149=VERTEX_POINT('',#7842);
#2150=VERTEX_POINT('',#7847);
#2151=VERTEX_POINT('',#7849);
#2152=VERTEX_POINT('',#7854);
#2153=VERTEX_POINT('',#7855);
#2154=VERTEX_POINT('',#7857);
#2155=VERTEX_POINT('',#7859);
#2156=VERTEX_POINT('',#7863);
#2157=VERTEX_POINT('',#7865);
#2158=VERTEX_POINT('',#7869);
#2159=VERTEX_POINT('',#7871);
#2160=VERTEX_POINT('',#7880);
#2161=VERTEX_POINT('',#7881);
#2162=VERTEX_POINT('',#7883);
#2163=VERTEX_POINT('',#7885);
#2164=VERTEX_POINT('',#7889);
#2165=VERTEX_POINT('',#7891);
#2166=VERTEX_POINT('',#7895);
#2167=VERTEX_POINT('',#7897);
#2168=VERTEX_POINT('',#7906);
#2169=VERTEX_POINT('',#7907);
#2170=VERTEX_POINT('',#7909);
#2171=VERTEX_POINT('',#7911);
#2172=VERTEX_POINT('',#7915);
#2173=VERTEX_POINT('',#7917);
#2174=VERTEX_POINT('',#7921);
#2175=VERTEX_POINT('',#7923);
#2176=VERTEX_POINT('',#7932);
#2177=VERTEX_POINT('',#7933);
#2178=VERTEX_POINT('',#7935);
#2179=VERTEX_POINT('',#7937);
#2180=VERTEX_POINT('',#7941);
#2181=VERTEX_POINT('',#7943);
#2182=VERTEX_POINT('',#7947);
#2183=VERTEX_POINT('',#7949);
#2184=VERTEX_POINT('',#7953);
#2185=VERTEX_POINT('',#7955);
#2186=VERTEX_POINT('',#7959);
#2187=VERTEX_POINT('',#7961);
#2188=VERTEX_POINT('',#7965);
#2189=VERTEX_POINT('',#7967);
#2190=VERTEX_POINT('',#7971);
#2191=VERTEX_POINT('',#7973);
#2192=VERTEX_POINT('',#7977);
#2193=VERTEX_POINT('',#7979);
#2194=VERTEX_POINT('',#7983);
#2195=VERTEX_POINT('',#7985);
#2196=VERTEX_POINT('',#7989);
#2197=VERTEX_POINT('',#7991);
#2198=VERTEX_POINT('',#7995);
#2199=VERTEX_POINT('',#7997);
#2200=VERTEX_POINT('',#8001);
#2201=VERTEX_POINT('',#8003);
#2202=VERTEX_POINT('',#8012);
#2203=VERTEX_POINT('',#8013);
#2204=VERTEX_POINT('',#8015);
#2205=VERTEX_POINT('',#8017);
#2206=VERTEX_POINT('',#8021);
#2207=VERTEX_POINT('',#8023);
#2208=VERTEX_POINT('',#8027);
#2209=VERTEX_POINT('',#8029);
#2210=VERTEX_POINT('',#8033);
#2211=VERTEX_POINT('',#8035);
#2212=VERTEX_POINT('',#8039);
#2213=VERTEX_POINT('',#8041);
#2214=VERTEX_POINT('',#8045);
#2215=VERTEX_POINT('',#8047);
#2216=VERTEX_POINT('',#8051);
#2217=VERTEX_POINT('',#8053);
#2218=VERTEX_POINT('',#8057);
#2219=VERTEX_POINT('',#8059);
#2220=VERTEX_POINT('',#8066);
#2221=VERTEX_POINT('',#8067);
#2222=VERTEX_POINT('',#8069);
#2223=VERTEX_POINT('',#8071);
#2224=VERTEX_POINT('',#8075);
#2225=VERTEX_POINT('',#8077);
#2226=VERTEX_POINT('',#8081);
#2227=VERTEX_POINT('',#8083);
#2228=VERTEX_POINT('',#8087);
#2229=VERTEX_POINT('',#8089);
#2230=VERTEX_POINT('',#8093);
#2231=VERTEX_POINT('',#8095);
#2232=VERTEX_POINT('',#8099);
#2233=VERTEX_POINT('',#8101);
#2234=VERTEX_POINT('',#8105);
#2235=VERTEX_POINT('',#8107);
#2236=VERTEX_POINT('',#8111);
#2237=VERTEX_POINT('',#8113);
#2238=VERTEX_POINT('',#8117);
#2239=VERTEX_POINT('',#8119);
#2240=VERTEX_POINT('',#8123);
#2241=VERTEX_POINT('',#8125);
#2242=VERTEX_POINT('',#8129);
#2243=VERTEX_POINT('',#8131);
#2244=VERTEX_POINT('',#8135);
#2245=VERTEX_POINT('',#8137);
#2246=VERTEX_POINT('',#8141);
#2247=VERTEX_POINT('',#8143);
#2248=VERTEX_POINT('',#8147);
#2249=VERTEX_POINT('',#8149);
#2250=VERTEX_POINT('',#8153);
#2251=VERTEX_POINT('',#8155);
#2252=VERTEX_POINT('',#8159);
#2253=VERTEX_POINT('',#8161);
#2254=VERTEX_POINT('',#8165);
#2255=VERTEX_POINT('',#8167);
#2256=VERTEX_POINT('',#8171);
#2257=VERTEX_POINT('',#8173);
#2258=VERTEX_POINT('',#8177);
#2259=VERTEX_POINT('',#8179);
#2260=VERTEX_POINT('',#8183);
#2261=VERTEX_POINT('',#8185);
#2262=VERTEX_POINT('',#8189);
#2263=VERTEX_POINT('',#8191);
#2264=VERTEX_POINT('',#8195);
#2265=VERTEX_POINT('',#8197);
#2266=VERTEX_POINT('',#8201);
#2267=VERTEX_POINT('',#8203);
#2268=VERTEX_POINT('',#8207);
#2269=VERTEX_POINT('',#8209);
#2270=VERTEX_POINT('',#8213);
#2271=VERTEX_POINT('',#8215);
#2272=VERTEX_POINT('',#8219);
#2273=VERTEX_POINT('',#8221);
#2274=VERTEX_POINT('',#8225);
#2275=VERTEX_POINT('',#8227);
#2276=VERTEX_POINT('',#8231);
#2277=VERTEX_POINT('',#8233);
#2278=VERTEX_POINT('',#8237);
#2279=VERTEX_POINT('',#8239);
#2280=VERTEX_POINT('',#8243);
#2281=VERTEX_POINT('',#8245);
#2282=VERTEX_POINT('',#8249);
#2283=VERTEX_POINT('',#8251);
#2284=VERTEX_POINT('',#8255);
#2285=VERTEX_POINT('',#8257);
#2286=VERTEX_POINT('',#8261);
#2287=VERTEX_POINT('',#8263);
#2288=VERTEX_POINT('',#8267);
#2289=VERTEX_POINT('',#8269);
#2290=VERTEX_POINT('',#8273);
#2291=VERTEX_POINT('',#8275);
#2292=VERTEX_POINT('',#8284);
#2293=VERTEX_POINT('',#8285);
#2294=VERTEX_POINT('',#8287);
#2295=VERTEX_POINT('',#8289);
#2296=VERTEX_POINT('',#8293);
#2297=VERTEX_POINT('',#8295);
#2298=VERTEX_POINT('',#8299);
#2299=VERTEX_POINT('',#8301);
#2300=VERTEX_POINT('',#8305);
#2301=VERTEX_POINT('',#8307);
#2302=VERTEX_POINT('',#8311);
#2303=VERTEX_POINT('',#8313);
#2304=VERTEX_POINT('',#8317);
#2305=VERTEX_POINT('',#8319);
#2306=VERTEX_POINT('',#8323);
#2307=VERTEX_POINT('',#8325);
#2308=VERTEX_POINT('',#8329);
#2309=VERTEX_POINT('',#8331);
#2310=VERTEX_POINT('',#8335);
#2311=VERTEX_POINT('',#8337);
#2312=VERTEX_POINT('',#8341);
#2313=VERTEX_POINT('',#8343);
#2314=VERTEX_POINT('',#8347);
#2315=VERTEX_POINT('',#8349);
#2316=VERTEX_POINT('',#8353);
#2317=VERTEX_POINT('',#8355);
#2318=VERTEX_POINT('',#8359);
#2319=VERTEX_POINT('',#8361);
#2320=VERTEX_POINT('',#8365);
#2321=VERTEX_POINT('',#8367);
#2322=VERTEX_POINT('',#8371);
#2323=VERTEX_POINT('',#8373);
#2324=VERTEX_POINT('',#8377);
#2325=VERTEX_POINT('',#8379);
#2326=VERTEX_POINT('',#8383);
#2327=VERTEX_POINT('',#8385);
#2328=VERTEX_POINT('',#8389);
#2329=VERTEX_POINT('',#8391);
#2330=VERTEX_POINT('',#8395);
#2331=VERTEX_POINT('',#8397);
#2332=VERTEX_POINT('',#8401);
#2333=VERTEX_POINT('',#8403);
#2334=VERTEX_POINT('',#8407);
#2335=VERTEX_POINT('',#8409);
#2336=VERTEX_POINT('',#8413);
#2337=VERTEX_POINT('',#8415);
#2338=VERTEX_POINT('',#8419);
#2339=VERTEX_POINT('',#8421);
#2340=VERTEX_POINT('',#8425);
#2341=VERTEX_POINT('',#8427);
#2342=VERTEX_POINT('',#8431);
#2343=VERTEX_POINT('',#8433);
#2344=VERTEX_POINT('',#8437);
#2345=VERTEX_POINT('',#8439);
#2346=VERTEX_POINT('',#8443);
#2347=VERTEX_POINT('',#8445);
#2348=VERTEX_POINT('',#8449);
#2349=VERTEX_POINT('',#8451);
#2350=VERTEX_POINT('',#8455);
#2351=VERTEX_POINT('',#8457);
#2352=VERTEX_POINT('',#8461);
#2353=VERTEX_POINT('',#8463);
#2354=VERTEX_POINT('',#8467);
#2355=VERTEX_POINT('',#8469);
#2356=VERTEX_POINT('',#8473);
#2357=VERTEX_POINT('',#8475);
#2358=VERTEX_POINT('',#8479);
#2359=VERTEX_POINT('',#8481);
#2360=VERTEX_POINT('',#8485);
#2361=VERTEX_POINT('',#8487);
#2362=VERTEX_POINT('',#8491);
#2363=VERTEX_POINT('',#8493);
#2364=VERTEX_POINT('',#8500);
#2365=VERTEX_POINT('',#8501);
#2366=VERTEX_POINT('',#8503);
#2367=VERTEX_POINT('',#8505);
#2368=VERTEX_POINT('',#8509);
#2369=VERTEX_POINT('',#8511);
#2370=VERTEX_POINT('',#8515);
#2371=VERTEX_POINT('',#8517);
#2372=VERTEX_POINT('',#8521);
#2373=VERTEX_POINT('',#8523);
#2374=VERTEX_POINT('',#8527);
#2375=VERTEX_POINT('',#8529);
#2376=VERTEX_POINT('',#8533);
#2377=VERTEX_POINT('',#8535);
#2378=VERTEX_POINT('',#8539);
#2379=VERTEX_POINT('',#8541);
#2380=VERTEX_POINT('',#8545);
#2381=VERTEX_POINT('',#8547);
#2382=VERTEX_POINT('',#8551);
#2383=VERTEX_POINT('',#8553);
#2384=VERTEX_POINT('',#8557);
#2385=VERTEX_POINT('',#8559);
#2386=VERTEX_POINT('',#8563);
#2387=VERTEX_POINT('',#8565);
#2388=VERTEX_POINT('',#8569);
#2389=VERTEX_POINT('',#8571);
#2390=VERTEX_POINT('',#8575);
#2391=VERTEX_POINT('',#8577);
#2392=VERTEX_POINT('',#8581);
#2393=VERTEX_POINT('',#8583);
#2394=VERTEX_POINT('',#8587);
#2395=VERTEX_POINT('',#8589);
#2396=VERTEX_POINT('',#8593);
#2397=VERTEX_POINT('',#8595);
#2398=VERTEX_POINT('',#8599);
#2399=VERTEX_POINT('',#8601);
#2400=VERTEX_POINT('',#8605);
#2401=VERTEX_POINT('',#8607);
#2402=VERTEX_POINT('',#8611);
#2403=VERTEX_POINT('',#8613);
#2404=VERTEX_POINT('',#8623);
#2405=VERTEX_POINT('',#8624);
#2406=VERTEX_POINT('',#8626);
#2407=VERTEX_POINT('',#8628);
#2408=VERTEX_POINT('',#8632);
#2409=VERTEX_POINT('',#8634);
#2410=VERTEX_POINT('',#8638);
#2411=VERTEX_POINT('',#8640);
#2412=EDGE_CURVE('',#1940,#1941,#1076,.T.);
#2413=EDGE_CURVE('',#1940,#1942,#1077,.T.);
#2414=EDGE_CURVE('',#1942,#1943,#1078,.T.);
#2415=EDGE_CURVE('',#1941,#1943,#1079,.T.);
#2416=EDGE_CURVE('',#1944,#1940,#1080,.T.);
#2417=EDGE_CURVE('',#1944,#1945,#1081,.T.);
#2418=EDGE_CURVE('',#1945,#1942,#1082,.T.);
#2419=EDGE_CURVE('',#1946,#1944,#1083,.T.);
#2420=EDGE_CURVE('',#1946,#1947,#1084,.T.);
#2421=EDGE_CURVE('',#1947,#1945,#1085,.T.);
#2422=EDGE_CURVE('',#1941,#1946,#1086,.T.);
#2423=EDGE_CURVE('',#1943,#1947,#1087,.T.);
#2424=EDGE_CURVE('',#1948,#1949,#1088,.T.);
#2425=EDGE_CURVE('',#1948,#1950,#1089,.T.);
#2426=EDGE_CURVE('',#1950,#1951,#1090,.T.);
#2427=EDGE_CURVE('',#1949,#1951,#1091,.T.);
#2428=EDGE_CURVE('',#1952,#1948,#1092,.T.);
#2429=EDGE_CURVE('',#1952,#1953,#1093,.T.);
#2430=EDGE_CURVE('',#1953,#1950,#1094,.T.);
#2431=EDGE_CURVE('',#1954,#1952,#1095,.T.);
#2432=EDGE_CURVE('',#1954,#1955,#1096,.T.);
#2433=EDGE_CURVE('',#1955,#1953,#1097,.T.);
#2434=EDGE_CURVE('',#1949,#1954,#1098,.T.);
#2435=EDGE_CURVE('',#1951,#1955,#1099,.T.);
#2436=EDGE_CURVE('',#1956,#1957,#1100,.T.);
#2437=EDGE_CURVE('',#1956,#1958,#1101,.T.);
#2438=EDGE_CURVE('',#1958,#1959,#1102,.T.);
#2439=EDGE_CURVE('',#1957,#1959,#1103,.T.);
#2440=EDGE_CURVE('',#1960,#1956,#1104,.T.);
#2441=EDGE_CURVE('',#1960,#1961,#1105,.T.);
#2442=EDGE_CURVE('',#1961,#1958,#1106,.T.);
#2443=EDGE_CURVE('',#1962,#1960,#1107,.T.);
#2444=EDGE_CURVE('',#1962,#1963,#1108,.T.);
#2445=EDGE_CURVE('',#1963,#1961,#1109,.T.);
#2446=EDGE_CURVE('',#1957,#1962,#1110,.T.);
#2447=EDGE_CURVE('',#1959,#1963,#1111,.T.);
#2448=EDGE_CURVE('',#1964,#1965,#1112,.T.);
#2449=EDGE_CURVE('',#1964,#1966,#1113,.T.);
#2450=EDGE_CURVE('',#1966,#1967,#1114,.T.);
#2451=EDGE_CURVE('',#1965,#1967,#1115,.T.);
#2452=EDGE_CURVE('',#1968,#1964,#1116,.T.);
#2453=EDGE_CURVE('',#1968,#1969,#1117,.T.);
#2454=EDGE_CURVE('',#1969,#1966,#1118,.T.);
#2455=EDGE_CURVE('',#1970,#1968,#1119,.T.);
#2456=EDGE_CURVE('',#1970,#1971,#1120,.T.);
#2457=EDGE_CURVE('',#1971,#1969,#1121,.T.);
#2458=EDGE_CURVE('',#1965,#1970,#1122,.T.);
#2459=EDGE_CURVE('',#1967,#1971,#1123,.T.);
#2460=EDGE_CURVE('',#1972,#1973,#1124,.T.);
#2461=EDGE_CURVE('',#1972,#1974,#1125,.T.);
#2462=EDGE_CURVE('',#1974,#1975,#1126,.T.);
#2463=EDGE_CURVE('',#1973,#1975,#1127,.T.);
#2464=EDGE_CURVE('',#1976,#1972,#1128,.T.);
#2465=EDGE_CURVE('',#1976,#1977,#1129,.T.);
#2466=EDGE_CURVE('',#1977,#1974,#1130,.T.);
#2467=EDGE_CURVE('',#1978,#1976,#1131,.T.);
#2468=EDGE_CURVE('',#1978,#1979,#1132,.T.);
#2469=EDGE_CURVE('',#1979,#1977,#1133,.T.);
#2470=EDGE_CURVE('',#1973,#1978,#1134,.T.);
#2471=EDGE_CURVE('',#1975,#1979,#1135,.T.);
#2472=EDGE_CURVE('',#1980,#1981,#1136,.T.);
#2473=EDGE_CURVE('',#1980,#1982,#1137,.T.);
#2474=EDGE_CURVE('',#1982,#1983,#1138,.T.);
#2475=EDGE_CURVE('',#1981,#1983,#1139,.T.);
#2476=EDGE_CURVE('',#1984,#1980,#1140,.T.);
#2477=EDGE_CURVE('',#1984,#1985,#1141,.T.);
#2478=EDGE_CURVE('',#1985,#1982,#1142,.T.);
#2479=EDGE_CURVE('',#1986,#1984,#1143,.T.);
#2480=EDGE_CURVE('',#1986,#1987,#1144,.T.);
#2481=EDGE_CURVE('',#1987,#1985,#1145,.T.);
#2482=EDGE_CURVE('',#1981,#1986,#1146,.T.);
#2483=EDGE_CURVE('',#1983,#1987,#1147,.T.);
#2484=EDGE_CURVE('',#1988,#1989,#1148,.T.);
#2485=EDGE_CURVE('',#1988,#1990,#1149,.T.);
#2486=EDGE_CURVE('',#1990,#1991,#1150,.T.);
#2487=EDGE_CURVE('',#1989,#1991,#1151,.T.);
#2488=EDGE_CURVE('',#1992,#1988,#1152,.T.);
#2489=EDGE_CURVE('',#1992,#1993,#1153,.T.);
#2490=EDGE_CURVE('',#1993,#1990,#1154,.T.);
#2491=EDGE_CURVE('',#1994,#1992,#1155,.T.);
#2492=EDGE_CURVE('',#1994,#1995,#1156,.T.);
#2493=EDGE_CURVE('',#1995,#1993,#1157,.T.);
#2494=EDGE_CURVE('',#1989,#1994,#1158,.T.);
#2495=EDGE_CURVE('',#1991,#1995,#1159,.T.);
#2496=EDGE_CURVE('',#1996,#1997,#1160,.T.);
#2497=EDGE_CURVE('',#1996,#1998,#1161,.T.);
#2498=EDGE_CURVE('',#1999,#1998,#1162,.T.);
#2499=EDGE_CURVE('',#1997,#1999,#1163,.T.);
#2500=EDGE_CURVE('',#1997,#2000,#1164,.T.);
#2501=EDGE_CURVE('',#2001,#1999,#1165,.T.);
#2502=EDGE_CURVE('',#2000,#2001,#1166,.T.);
#2503=EDGE_CURVE('',#2000,#1996,#1167,.T.);
#2504=EDGE_CURVE('',#1998,#2001,#1168,.T.);
#2505=EDGE_CURVE('',#2002,#2003,#1169,.T.);
#2506=EDGE_CURVE('',#2002,#2004,#1170,.T.);
#2507=EDGE_CURVE('',#2005,#2004,#1171,.T.);
#2508=EDGE_CURVE('',#2003,#2005,#1172,.T.);
#2509=EDGE_CURVE('',#2003,#2006,#1173,.T.);
#2510=EDGE_CURVE('',#2007,#2005,#1174,.T.);
#2511=EDGE_CURVE('',#2006,#2007,#1175,.T.);
#2512=EDGE_CURVE('',#2006,#2008,#1176,.T.);
#2513=EDGE_CURVE('',#2009,#2007,#1177,.T.);
#2514=EDGE_CURVE('',#2008,#2009,#1178,.T.);
#2515=EDGE_CURVE('',#2008,#2002,#1179,.T.);
#2516=EDGE_CURVE('',#2004,#2009,#1180,.T.);
#2517=EDGE_CURVE('',#2010,#2011,#1181,.T.);
#2518=EDGE_CURVE('',#2010,#2012,#1182,.T.);
#2519=EDGE_CURVE('',#2013,#2012,#1183,.T.);
#2520=EDGE_CURVE('',#2011,#2013,#1184,.T.);
#2521=EDGE_CURVE('',#2011,#2014,#1185,.T.);
#2522=EDGE_CURVE('',#2015,#2013,#1186,.T.);
#2523=EDGE_CURVE('',#2014,#2015,#1187,.T.);
#2524=EDGE_CURVE('',#2014,#2016,#1188,.T.);
#2525=EDGE_CURVE('',#2017,#2015,#1189,.T.);
#2526=EDGE_CURVE('',#2016,#2017,#1190,.T.);
#2527=EDGE_CURVE('',#2016,#2010,#1191,.T.);
#2528=EDGE_CURVE('',#2012,#2017,#1192,.T.);
#2529=EDGE_CURVE('',#2018,#2019,#47,.T.);
#2530=EDGE_CURVE('',#2018,#2020,#1193,.T.);
#2531=EDGE_CURVE('',#2021,#2020,#48,.T.);
#2532=EDGE_CURVE('',#2019,#2021,#1194,.T.);
#2533=EDGE_CURVE('',#2019,#2022,#1195,.T.);
#2534=EDGE_CURVE('',#2023,#2021,#1196,.T.);
#2535=EDGE_CURVE('',#2022,#2023,#1197,.T.);
#2536=EDGE_CURVE('',#2022,#2024,#49,.T.);
#2537=EDGE_CURVE('',#2025,#2023,#50,.T.);
#2538=EDGE_CURVE('',#2024,#2025,#1198,.T.);
#2539=EDGE_CURVE('',#2024,#2026,#51,.T.);
#2540=EDGE_CURVE('',#2027,#2025,#52,.T.);
#2541=EDGE_CURVE('',#2026,#2027,#1199,.T.);
#2542=EDGE_CURVE('',#2026,#2028,#53,.T.);
#2543=EDGE_CURVE('',#2029,#2027,#54,.T.);
#2544=EDGE_CURVE('',#2028,#2029,#1200,.T.);
#2545=EDGE_CURVE('',#2028,#2030,#55,.T.);
#2546=EDGE_CURVE('',#2031,#2029,#56,.T.);
#2547=EDGE_CURVE('',#2030,#2031,#1201,.T.);
#2548=EDGE_CURVE('',#2030,#2032,#57,.T.);
#2549=EDGE_CURVE('',#2033,#2031,#58,.T.);
#2550=EDGE_CURVE('',#2032,#2033,#1202,.T.);
#2551=EDGE_CURVE('',#2032,#2034,#59,.T.);
#2552=EDGE_CURVE('',#2035,#2033,#60,.T.);
#2553=EDGE_CURVE('',#2034,#2035,#1203,.T.);
#2554=EDGE_CURVE('',#2034,#2036,#61,.T.);
#2555=EDGE_CURVE('',#2037,#2035,#62,.T.);
#2556=EDGE_CURVE('',#2036,#2037,#1204,.T.);
#2557=EDGE_CURVE('',#2036,#2038,#63,.T.);
#2558=EDGE_CURVE('',#2039,#2037,#64,.T.);
#2559=EDGE_CURVE('',#2038,#2039,#1205,.T.);
#2560=EDGE_CURVE('',#2038,#2040,#65,.T.);
#2561=EDGE_CURVE('',#2041,#2039,#66,.T.);
#2562=EDGE_CURVE('',#2040,#2041,#1206,.T.);
#2563=EDGE_CURVE('',#2040,#2042,#67,.T.);
#2564=EDGE_CURVE('',#2043,#2041,#68,.T.);
#2565=EDGE_CURVE('',#2042,#2043,#1207,.T.);
#2566=EDGE_CURVE('',#2042,#2044,#69,.T.);
#2567=EDGE_CURVE('',#2045,#2043,#70,.T.);
#2568=EDGE_CURVE('',#2044,#2045,#1208,.T.);
#2569=EDGE_CURVE('',#2044,#2046,#71,.T.);
#2570=EDGE_CURVE('',#2047,#2045,#72,.T.);
#2571=EDGE_CURVE('',#2046,#2047,#1209,.T.);
#2572=EDGE_CURVE('',#2046,#2048,#73,.T.);
#2573=EDGE_CURVE('',#2049,#2047,#74,.T.);
#2574=EDGE_CURVE('',#2048,#2049,#1210,.T.);
#2575=EDGE_CURVE('',#2048,#2050,#75,.T.);
#2576=EDGE_CURVE('',#2051,#2049,#76,.T.);
#2577=EDGE_CURVE('',#2050,#2051,#1211,.T.);
#2578=EDGE_CURVE('',#2050,#2052,#77,.T.);
#2579=EDGE_CURVE('',#2053,#2051,#78,.T.);
#2580=EDGE_CURVE('',#2052,#2053,#1212,.T.);
#2581=EDGE_CURVE('',#2052,#2054,#1213,.T.);
#2582=EDGE_CURVE('',#2055,#2053,#1214,.T.);
#2583=EDGE_CURVE('',#2054,#2055,#1215,.T.);
#2584=EDGE_CURVE('',#2054,#2056,#79,.T.);
#2585=EDGE_CURVE('',#2057,#2055,#80,.T.);
#2586=EDGE_CURVE('',#2056,#2057,#1216,.T.);
#2587=EDGE_CURVE('',#2056,#2018,#81,.T.);
#2588=EDGE_CURVE('',#2020,#2057,#82,.T.);
#2589=EDGE_CURVE('',#2058,#2059,#1217,.T.);
#2590=EDGE_CURVE('',#2058,#2060,#1218,.T.);
#2591=EDGE_CURVE('',#2061,#2060,#1219,.T.);
#2592=EDGE_CURVE('',#2059,#2061,#1220,.T.);
#2593=EDGE_CURVE('',#2059,#2062,#1221,.T.);
#2594=EDGE_CURVE('',#2063,#2061,#1222,.T.);
#2595=EDGE_CURVE('',#2062,#2063,#1223,.T.);
#2596=EDGE_CURVE('',#2062,#2064,#1224,.T.);
#2597=EDGE_CURVE('',#2065,#2063,#1225,.T.);
#2598=EDGE_CURVE('',#2064,#2065,#1226,.T.);
#2599=EDGE_CURVE('',#2064,#2066,#1227,.T.);
#2600=EDGE_CURVE('',#2067,#2065,#1228,.T.);
#2601=EDGE_CURVE('',#2066,#2067,#1229,.T.);
#2602=EDGE_CURVE('',#2066,#2068,#1230,.T.);
#2603=EDGE_CURVE('',#2069,#2067,#1231,.T.);
#2604=EDGE_CURVE('',#2068,#2069,#1232,.T.);
#2605=EDGE_CURVE('',#2068,#2070,#83,.T.);
#2606=EDGE_CURVE('',#2071,#2069,#84,.T.);
#2607=EDGE_CURVE('',#2070,#2071,#1233,.T.);
#2608=EDGE_CURVE('',#2070,#2072,#85,.T.);
#2609=EDGE_CURVE('',#2073,#2071,#86,.T.);
#2610=EDGE_CURVE('',#2072,#2073,#1234,.T.);
#2611=EDGE_CURVE('',#2072,#2074,#87,.T.);
#2612=EDGE_CURVE('',#2075,#2073,#88,.T.);
#2613=EDGE_CURVE('',#2074,#2075,#1235,.T.);
#2614=EDGE_CURVE('',#2074,#2076,#89,.T.);
#2615=EDGE_CURVE('',#2077,#2075,#90,.T.);
#2616=EDGE_CURVE('',#2076,#2077,#1236,.T.);
#2617=EDGE_CURVE('',#2076,#2078,#1237,.T.);
#2618=EDGE_CURVE('',#2079,#2077,#1238,.T.);
#2619=EDGE_CURVE('',#2078,#2079,#1239,.T.);
#2620=EDGE_CURVE('',#2078,#2080,#1240,.T.);
#2621=EDGE_CURVE('',#2081,#2079,#1241,.T.);
#2622=EDGE_CURVE('',#2080,#2081,#1242,.T.);
#2623=EDGE_CURVE('',#2080,#2082,#1243,.T.);
#2624=EDGE_CURVE('',#2083,#2081,#1244,.T.);
#2625=EDGE_CURVE('',#2082,#2083,#1245,.T.);
#2626=EDGE_CURVE('',#2082,#2058,#91,.T.);
#2627=EDGE_CURVE('',#2060,#2083,#92,.T.);
#2628=EDGE_CURVE('',#2084,#2085,#1246,.T.);
#2629=EDGE_CURVE('',#2084,#2086,#1247,.T.);
#2630=EDGE_CURVE('',#2087,#2086,#1248,.T.);
#2631=EDGE_CURVE('',#2085,#2087,#1249,.T.);
#2632=EDGE_CURVE('',#2085,#2088,#1250,.T.);
#2633=EDGE_CURVE('',#2089,#2087,#1251,.T.);
#2634=EDGE_CURVE('',#2088,#2089,#1252,.T.);
#2635=EDGE_CURVE('',#2088,#2090,#1253,.T.);
#2636=EDGE_CURVE('',#2091,#2089,#1254,.T.);
#2637=EDGE_CURVE('',#2090,#2091,#1255,.T.);
#2638=EDGE_CURVE('',#2090,#2092,#1256,.T.);
#2639=EDGE_CURVE('',#2093,#2091,#1257,.T.);
#2640=EDGE_CURVE('',#2092,#2093,#1258,.T.);
#2641=EDGE_CURVE('',#2092,#2094,#1259,.T.);
#2642=EDGE_CURVE('',#2095,#2093,#1260,.T.);
#2643=EDGE_CURVE('',#2094,#2095,#1261,.T.);
#2644=EDGE_CURVE('',#2094,#2096,#93,.T.);
#2645=EDGE_CURVE('',#2097,#2095,#94,.T.);
#2646=EDGE_CURVE('',#2096,#2097,#1262,.T.);
#2647=EDGE_CURVE('',#2096,#2098,#95,.T.);
#2648=EDGE_CURVE('',#2099,#2097,#96,.T.);
#2649=EDGE_CURVE('',#2098,#2099,#1263,.T.);
#2650=EDGE_CURVE('',#2098,#2100,#97,.T.);
#2651=EDGE_CURVE('',#2101,#2099,#98,.T.);
#2652=EDGE_CURVE('',#2100,#2101,#1264,.T.);
#2653=EDGE_CURVE('',#2100,#2102,#99,.T.);
#2654=EDGE_CURVE('',#2103,#2101,#100,.T.);
#2655=EDGE_CURVE('',#2102,#2103,#1265,.T.);
#2656=EDGE_CURVE('',#2102,#2104,#1266,.T.);
#2657=EDGE_CURVE('',#2105,#2103,#1267,.T.);
#2658=EDGE_CURVE('',#2104,#2105,#1268,.T.);
#2659=EDGE_CURVE('',#2104,#2106,#1269,.T.);
#2660=EDGE_CURVE('',#2107,#2105,#1270,.T.);
#2661=EDGE_CURVE('',#2106,#2107,#1271,.T.);
#2662=EDGE_CURVE('',#2106,#2108,#1272,.T.);
#2663=EDGE_CURVE('',#2109,#2107,#1273,.T.);
#2664=EDGE_CURVE('',#2108,#2109,#1274,.T.);
#2665=EDGE_CURVE('',#2108,#2084,#101,.T.);
#2666=EDGE_CURVE('',#2086,#2109,#102,.T.);
#2667=EDGE_CURVE('',#2110,#2111,#103,.T.);
#2668=EDGE_CURVE('',#2111,#2112,#1275,.T.);
#2669=EDGE_CURVE('',#2113,#2112,#104,.T.);
#2670=EDGE_CURVE('',#2110,#2113,#1276,.T.);
#2671=EDGE_CURVE('',#2114,#2110,#105,.T.);
#2672=EDGE_CURVE('',#2115,#2113,#106,.T.);
#2673=EDGE_CURVE('',#2114,#2115,#1277,.T.);
#2674=EDGE_CURVE('',#2116,#2114,#1278,.T.);
#2675=EDGE_CURVE('',#2117,#2115,#1279,.T.);
#2676=EDGE_CURVE('',#2116,#2117,#1280,.T.);
#2677=EDGE_CURVE('',#2118,#2116,#107,.T.);
#2678=EDGE_CURVE('',#2119,#2117,#108,.T.);
#2679=EDGE_CURVE('',#2118,#2119,#1281,.T.);
#2680=EDGE_CURVE('',#2120,#2118,#109,.T.);
#2681=EDGE_CURVE('',#2121,#2119,#110,.T.);
#2682=EDGE_CURVE('',#2120,#2121,#1282,.T.);
#2683=EDGE_CURVE('',#2122,#2120,#111,.T.);
#2684=EDGE_CURVE('',#2123,#2121,#112,.T.);
#2685=EDGE_CURVE('',#2122,#2123,#1283,.T.);
#2686=EDGE_CURVE('',#2124,#2122,#113,.T.);
#2687=EDGE_CURVE('',#2125,#2123,#114,.T.);
#2688=EDGE_CURVE('',#2124,#2125,#1284,.T.);
#2689=EDGE_CURVE('',#2126,#2124,#1285,.T.);
#2690=EDGE_CURVE('',#2127,#2125,#1286,.T.);
#2691=EDGE_CURVE('',#2126,#2127,#1287,.T.);
#2692=EDGE_CURVE('',#2128,#2126,#1288,.T.);
#2693=EDGE_CURVE('',#2129,#2127,#1289,.T.);
#2694=EDGE_CURVE('',#2128,#2129,#1290,.T.);
#2695=EDGE_CURVE('',#2130,#2128,#1291,.T.);
#2696=EDGE_CURVE('',#2131,#2129,#1292,.T.);
#2697=EDGE_CURVE('',#2130,#2131,#1293,.T.);
#2698=EDGE_CURVE('',#2132,#2130,#1294,.T.);
#2699=EDGE_CURVE('',#2133,#2131,#1295,.T.);
#2700=EDGE_CURVE('',#2132,#2133,#1296,.T.);
#2701=EDGE_CURVE('',#2134,#2132,#1297,.T.);
#2702=EDGE_CURVE('',#2135,#2133,#1298,.T.);
#2703=EDGE_CURVE('',#2134,#2135,#1299,.T.);
#2704=EDGE_CURVE('',#2136,#2134,#1300,.T.);
#2705=EDGE_CURVE('',#2137,#2135,#1301,.T.);
#2706=EDGE_CURVE('',#2136,#2137,#1302,.T.);
#2707=EDGE_CURVE('',#2138,#2136,#1303,.T.);
#2708=EDGE_CURVE('',#2139,#2137,#1304,.T.);
#2709=EDGE_CURVE('',#2138,#2139,#1305,.T.);
#2710=EDGE_CURVE('',#2140,#2138,#1306,.T.);
#2711=EDGE_CURVE('',#2141,#2139,#1307,.T.);
#2712=EDGE_CURVE('',#2140,#2141,#1308,.T.);
#2713=EDGE_CURVE('',#2142,#2140,#1309,.T.);
#2714=EDGE_CURVE('',#2143,#2141,#1310,.T.);
#2715=EDGE_CURVE('',#2142,#2143,#1311,.T.);
#2716=EDGE_CURVE('',#2144,#2142,#1312,.T.);
#2717=EDGE_CURVE('',#2145,#2143,#1313,.T.);
#2718=EDGE_CURVE('',#2144,#2145,#1314,.T.);
#2719=EDGE_CURVE('',#2146,#2144,#1315,.T.);
#2720=EDGE_CURVE('',#2147,#2145,#1316,.T.);
#2721=EDGE_CURVE('',#2146,#2147,#1317,.T.);
#2722=EDGE_CURVE('',#2111,#2146,#115,.T.);
#2723=EDGE_CURVE('',#2112,#2147,#116,.T.);
#2724=EDGE_CURVE('',#2148,#2148,#117,.T.);
#2725=EDGE_CURVE('',#2149,#2149,#118,.T.);
#2726=EDGE_CURVE('',#2150,#2150,#119,.T.);
#2727=EDGE_CURVE('',#2151,#2151,#120,.T.);
#2728=EDGE_CURVE('',#2152,#2153,#1318,.T.);
#2729=EDGE_CURVE('',#2153,#2154,#1319,.T.);
#2730=EDGE_CURVE('',#2155,#2154,#1320,.T.);
#2731=EDGE_CURVE('',#2152,#2155,#1321,.T.);
#2732=EDGE_CURVE('',#2156,#2152,#1322,.T.);
#2733=EDGE_CURVE('',#2157,#2155,#1323,.T.);
#2734=EDGE_CURVE('',#2156,#2157,#1324,.T.);
#2735=EDGE_CURVE('',#2158,#2156,#1325,.T.);
#2736=EDGE_CURVE('',#2159,#2157,#1326,.T.);
#2737=EDGE_CURVE('',#2158,#2159,#1327,.T.);
#2738=EDGE_CURVE('',#2153,#2158,#1328,.T.);
#2739=EDGE_CURVE('',#2154,#2159,#1329,.T.);
#2740=EDGE_CURVE('',#2160,#2161,#1330,.T.);
#2741=EDGE_CURVE('',#2160,#2162,#1331,.T.);
#2742=EDGE_CURVE('',#2163,#2162,#1332,.T.);
#2743=EDGE_CURVE('',#2161,#2163,#1333,.T.);
#2744=EDGE_CURVE('',#2161,#2164,#1334,.T.);
#2745=EDGE_CURVE('',#2165,#2163,#1335,.T.);
#2746=EDGE_CURVE('',#2164,#2165,#1336,.T.);
#2747=EDGE_CURVE('',#2164,#2166,#1337,.T.);
#2748=EDGE_CURVE('',#2167,#2165,#1338,.T.);
#2749=EDGE_CURVE('',#2166,#2167,#1339,.T.);
#2750=EDGE_CURVE('',#2166,#2160,#1340,.T.);
#2751=EDGE_CURVE('',#2162,#2167,#1341,.T.);
#2752=EDGE_CURVE('',#2168,#2169,#1342,.T.);
#2753=EDGE_CURVE('',#2168,#2170,#1343,.T.);
#2754=EDGE_CURVE('',#2171,#2170,#1344,.T.);
#2755=EDGE_CURVE('',#2169,#2171,#1345,.T.);
#2756=EDGE_CURVE('',#2169,#2172,#1346,.T.);
#2757=EDGE_CURVE('',#2173,#2171,#1347,.T.);
#2758=EDGE_CURVE('',#2172,#2173,#1348,.T.);
#2759=EDGE_CURVE('',#2172,#2174,#1349,.T.);
#2760=EDGE_CURVE('',#2175,#2173,#1350,.T.);
#2761=EDGE_CURVE('',#2174,#2175,#1351,.T.);
#2762=EDGE_CURVE('',#2174,#2168,#1352,.T.);
#2763=EDGE_CURVE('',#2170,#2175,#1353,.T.);
#2764=EDGE_CURVE('',#2176,#2177,#1354,.T.);
#2765=EDGE_CURVE('',#2176,#2178,#1355,.T.);
#2766=EDGE_CURVE('',#2179,#2178,#1356,.T.);
#2767=EDGE_CURVE('',#2177,#2179,#1357,.T.);
#2768=EDGE_CURVE('',#2177,#2180,#1358,.T.);
#2769=EDGE_CURVE('',#2181,#2179,#1359,.T.);
#2770=EDGE_CURVE('',#2180,#2181,#1360,.T.);
#2771=EDGE_CURVE('',#2180,#2182,#1361,.T.);
#2772=EDGE_CURVE('',#2183,#2181,#1362,.T.);
#2773=EDGE_CURVE('',#2182,#2183,#1363,.T.);
#2774=EDGE_CURVE('',#2182,#2184,#1364,.T.);
#2775=EDGE_CURVE('',#2185,#2183,#1365,.T.);
#2776=EDGE_CURVE('',#2184,#2185,#1366,.T.);
#2777=EDGE_CURVE('',#2184,#2186,#1367,.T.);
#2778=EDGE_CURVE('',#2187,#2185,#1368,.T.);
#2779=EDGE_CURVE('',#2186,#2187,#1369,.T.);
#2780=EDGE_CURVE('',#2186,#2188,#121,.T.);
#2781=EDGE_CURVE('',#2189,#2187,#122,.T.);
#2782=EDGE_CURVE('',#2188,#2189,#1370,.T.);
#2783=EDGE_CURVE('',#2188,#2190,#123,.T.);
#2784=EDGE_CURVE('',#2191,#2189,#124,.T.);
#2785=EDGE_CURVE('',#2190,#2191,#1371,.T.);
#2786=EDGE_CURVE('',#2190,#2192,#125,.T.);
#2787=EDGE_CURVE('',#2193,#2191,#126,.T.);
#2788=EDGE_CURVE('',#2192,#2193,#1372,.T.);
#2789=EDGE_CURVE('',#2192,#2194,#127,.T.);
#2790=EDGE_CURVE('',#2195,#2193,#128,.T.);
#2791=EDGE_CURVE('',#2194,#2195,#1373,.T.);
#2792=EDGE_CURVE('',#2194,#2196,#1374,.T.);
#2793=EDGE_CURVE('',#2197,#2195,#1375,.T.);
#2794=EDGE_CURVE('',#2196,#2197,#1376,.T.);
#2795=EDGE_CURVE('',#2196,#2198,#1377,.T.);
#2796=EDGE_CURVE('',#2199,#2197,#1378,.T.);
#2797=EDGE_CURVE('',#2198,#2199,#1379,.T.);
#2798=EDGE_CURVE('',#2198,#2200,#1380,.T.);
#2799=EDGE_CURVE('',#2201,#2199,#1381,.T.);
#2800=EDGE_CURVE('',#2200,#2201,#1382,.T.);
#2801=EDGE_CURVE('',#2200,#2176,#129,.T.);
#2802=EDGE_CURVE('',#2178,#2201,#130,.T.);
#2803=EDGE_CURVE('',#2202,#2203,#1383,.T.);
#2804=EDGE_CURVE('',#2202,#2204,#1384,.T.);
#2805=EDGE_CURVE('',#2205,#2204,#1385,.T.);
#2806=EDGE_CURVE('',#2203,#2205,#1386,.T.);
#2807=EDGE_CURVE('',#2206,#2202,#1387,.T.);
#2808=EDGE_CURVE('',#2206,#2207,#1388,.T.);
#2809=EDGE_CURVE('',#2204,#2207,#1389,.T.);
#2810=EDGE_CURVE('',#2208,#2206,#131,.T.);
#2811=EDGE_CURVE('',#2208,#2209,#1390,.T.);
#2812=EDGE_CURVE('',#2207,#2209,#132,.T.);
#2813=EDGE_CURVE('',#2210,#2208,#133,.T.);
#2814=EDGE_CURVE('',#2210,#2211,#1391,.T.);
#2815=EDGE_CURVE('',#2209,#2211,#134,.T.);
#2816=EDGE_CURVE('',#2212,#2210,#135,.T.);
#2817=EDGE_CURVE('',#2212,#2213,#1392,.T.);
#2818=EDGE_CURVE('',#2211,#2213,#136,.T.);
#2819=EDGE_CURVE('',#2214,#2212,#137,.T.);
#2820=EDGE_CURVE('',#2214,#2215,#1393,.T.);
#2821=EDGE_CURVE('',#2213,#2215,#138,.T.);
#2822=EDGE_CURVE('',#2216,#2214,#139,.T.);
#2823=EDGE_CURVE('',#2216,#2217,#1394,.T.);
#2824=EDGE_CURVE('',#2215,#2217,#140,.T.);
#2825=EDGE_CURVE('',#2218,#2216,#141,.T.);
#2826=EDGE_CURVE('',#2218,#2219,#1395,.T.);
#2827=EDGE_CURVE('',#2217,#2219,#142,.T.);
#2828=EDGE_CURVE('',#2203,#2218,#143,.T.);
#2829=EDGE_CURVE('',#2219,#2205,#144,.T.);
#2830=EDGE_CURVE('',#2220,#2221,#145,.T.);
#2831=EDGE_CURVE('',#2221,#2222,#1396,.T.);
#2832=EDGE_CURVE('',#2223,#2222,#146,.T.);
#2833=EDGE_CURVE('',#2220,#2223,#1397,.T.);
#2834=EDGE_CURVE('',#2224,#2220,#147,.T.);
#2835=EDGE_CURVE('',#2225,#2223,#148,.T.);
#2836=EDGE_CURVE('',#2224,#2225,#1398,.T.);
#2837=EDGE_CURVE('',#2226,#2224,#149,.T.);
#2838=EDGE_CURVE('',#2227,#2225,#150,.T.);
#2839=EDGE_CURVE('',#2226,#2227,#1399,.T.);
#2840=EDGE_CURVE('',#2228,#2226,#1400,.T.);
#2841=EDGE_CURVE('',#2229,#2227,#1401,.T.);
#2842=EDGE_CURVE('',#2228,#2229,#1402,.T.);
#2843=EDGE_CURVE('',#2230,#2228,#1403,.T.);
#2844=EDGE_CURVE('',#2231,#2229,#1404,.T.);
#2845=EDGE_CURVE('',#2230,#2231,#1405,.T.);
#2846=EDGE_CURVE('',#2232,#2230,#151,.T.);
#2847=EDGE_CURVE('',#2233,#2231,#152,.T.);
#2848=EDGE_CURVE('',#2232,#2233,#1406,.T.);
#2849=EDGE_CURVE('',#2234,#2232,#153,.T.);
#2850=EDGE_CURVE('',#2235,#2233,#154,.T.);
#2851=EDGE_CURVE('',#2234,#2235,#1407,.T.);
#2852=EDGE_CURVE('',#2236,#2234,#155,.T.);
#2853=EDGE_CURVE('',#2237,#2235,#156,.T.);
#2854=EDGE_CURVE('',#2236,#2237,#1408,.T.);
#2855=EDGE_CURVE('',#2238,#2236,#157,.T.);
#2856=EDGE_CURVE('',#2239,#2237,#158,.T.);
#2857=EDGE_CURVE('',#2238,#2239,#1409,.T.);
#2858=EDGE_CURVE('',#2240,#2238,#159,.T.);
#2859=EDGE_CURVE('',#2241,#2239,#160,.T.);
#2860=EDGE_CURVE('',#2240,#2241,#1410,.T.);
#2861=EDGE_CURVE('',#2242,#2240,#161,.T.);
#2862=EDGE_CURVE('',#2243,#2241,#162,.T.);
#2863=EDGE_CURVE('',#2242,#2243,#1411,.T.);
#2864=EDGE_CURVE('',#2244,#2242,#163,.T.);
#2865=EDGE_CURVE('',#2245,#2243,#164,.T.);
#2866=EDGE_CURVE('',#2244,#2245,#1412,.T.);
#2867=EDGE_CURVE('',#2246,#2244,#165,.T.);
#2868=EDGE_CURVE('',#2247,#2245,#166,.T.);
#2869=EDGE_CURVE('',#2246,#2247,#1413,.T.);
#2870=EDGE_CURVE('',#2248,#2246,#167,.T.);
#2871=EDGE_CURVE('',#2249,#2247,#168,.T.);
#2872=EDGE_CURVE('',#2248,#2249,#1414,.T.);
#2873=EDGE_CURVE('',#2250,#2248,#1415,.T.);
#2874=EDGE_CURVE('',#2251,#2249,#1416,.T.);
#2875=EDGE_CURVE('',#2250,#2251,#1417,.T.);
#2876=EDGE_CURVE('',#2252,#2250,#1418,.T.);
#2877=EDGE_CURVE('',#2253,#2251,#1419,.T.);
#2878=EDGE_CURVE('',#2252,#2253,#1420,.T.);
#2879=EDGE_CURVE('',#2254,#2252,#169,.T.);
#2880=EDGE_CURVE('',#2255,#2253,#170,.T.);
#2881=EDGE_CURVE('',#2254,#2255,#1421,.T.);
#2882=EDGE_CURVE('',#2256,#2254,#171,.T.);
#2883=EDGE_CURVE('',#2257,#2255,#172,.T.);
#2884=EDGE_CURVE('',#2256,#2257,#1422,.T.);
#2885=EDGE_CURVE('',#2258,#2256,#173,.T.);
#2886=EDGE_CURVE('',#2259,#2257,#174,.T.);
#2887=EDGE_CURVE('',#2258,#2259,#1423,.T.);
#2888=EDGE_CURVE('',#2260,#2258,#175,.T.);
#2889=EDGE_CURVE('',#2261,#2259,#176,.T.);
#2890=EDGE_CURVE('',#2260,#2261,#1424,.T.);
#2891=EDGE_CURVE('',#2262,#2260,#177,.T.);
#2892=EDGE_CURVE('',#2263,#2261,#178,.T.);
#2893=EDGE_CURVE('',#2262,#2263,#1425,.T.);
#2894=EDGE_CURVE('',#2264,#2262,#179,.T.);
#2895=EDGE_CURVE('',#2265,#2263,#180,.T.);
#2896=EDGE_CURVE('',#2264,#2265,#1426,.T.);
#2897=EDGE_CURVE('',#2266,#2264,#181,.T.);
#2898=EDGE_CURVE('',#2267,#2265,#182,.T.);
#2899=EDGE_CURVE('',#2266,#2267,#1427,.T.);
#2900=EDGE_CURVE('',#2268,#2266,#183,.T.);
#2901=EDGE_CURVE('',#2269,#2267,#184,.T.);
#2902=EDGE_CURVE('',#2268,#2269,#1428,.T.);
#2903=EDGE_CURVE('',#2270,#2268,#185,.T.);
#2904=EDGE_CURVE('',#2271,#2269,#186,.T.);
#2905=EDGE_CURVE('',#2270,#2271,#1429,.T.);
#2906=EDGE_CURVE('',#2272,#2270,#187,.T.);
#2907=EDGE_CURVE('',#2273,#2271,#188,.T.);
#2908=EDGE_CURVE('',#2272,#2273,#1430,.T.);
#2909=EDGE_CURVE('',#2274,#2272,#189,.T.);
#2910=EDGE_CURVE('',#2275,#2273,#190,.T.);
#2911=EDGE_CURVE('',#2274,#2275,#1431,.T.);
#2912=EDGE_CURVE('',#2276,#2274,#191,.T.);
#2913=EDGE_CURVE('',#2277,#2275,#192,.T.);
#2914=EDGE_CURVE('',#2276,#2277,#1432,.T.);
#2915=EDGE_CURVE('',#2278,#2276,#193,.T.);
#2916=EDGE_CURVE('',#2279,#2277,#194,.T.);
#2917=EDGE_CURVE('',#2278,#2279,#1433,.T.);
#2918=EDGE_CURVE('',#2280,#2278,#195,.T.);
#2919=EDGE_CURVE('',#2281,#2279,#196,.T.);
#2920=EDGE_CURVE('',#2280,#2281,#1434,.T.);
#2921=EDGE_CURVE('',#2282,#2280,#197,.T.);
#2922=EDGE_CURVE('',#2283,#2281,#198,.T.);
#2923=EDGE_CURVE('',#2282,#2283,#1435,.T.);
#2924=EDGE_CURVE('',#2284,#2282,#199,.T.);
#2925=EDGE_CURVE('',#2285,#2283,#200,.T.);
#2926=EDGE_CURVE('',#2284,#2285,#1436,.T.);
#2927=EDGE_CURVE('',#2286,#2284,#201,.T.);
#2928=EDGE_CURVE('',#2287,#2285,#202,.T.);
#2929=EDGE_CURVE('',#2286,#2287,#1437,.T.);
#2930=EDGE_CURVE('',#2288,#2286,#203,.T.);
#2931=EDGE_CURVE('',#2289,#2287,#204,.T.);
#2932=EDGE_CURVE('',#2288,#2289,#1438,.T.);
#2933=EDGE_CURVE('',#2290,#2288,#205,.T.);
#2934=EDGE_CURVE('',#2291,#2289,#206,.T.);
#2935=EDGE_CURVE('',#2290,#2291,#1439,.T.);
#2936=EDGE_CURVE('',#2221,#2290,#207,.T.);
#2937=EDGE_CURVE('',#2222,#2291,#208,.T.);
#2938=EDGE_CURVE('',#2292,#2293,#209,.T.);
#2939=EDGE_CURVE('',#2292,#2294,#1440,.T.);
#2940=EDGE_CURVE('',#2295,#2294,#210,.T.);
#2941=EDGE_CURVE('',#2293,#2295,#1441,.T.);
#2942=EDGE_CURVE('',#2296,#2292,#211,.T.);
#2943=EDGE_CURVE('',#2296,#2297,#1442,.T.);
#2944=EDGE_CURVE('',#2294,#2297,#212,.T.);
#2945=EDGE_CURVE('',#2298,#2296,#213,.T.);
#2946=EDGE_CURVE('',#2298,#2299,#1443,.T.);
#2947=EDGE_CURVE('',#2297,#2299,#214,.T.);
#2948=EDGE_CURVE('',#2300,#2298,#215,.T.);
#2949=EDGE_CURVE('',#2300,#2301,#1444,.T.);
#2950=EDGE_CURVE('',#2299,#2301,#216,.T.);
#2951=EDGE_CURVE('',#2302,#2300,#217,.T.);
#2952=EDGE_CURVE('',#2302,#2303,#1445,.T.);
#2953=EDGE_CURVE('',#2301,#2303,#218,.T.);
#2954=EDGE_CURVE('',#2304,#2302,#219,.T.);
#2955=EDGE_CURVE('',#2304,#2305,#1446,.T.);
#2956=EDGE_CURVE('',#2303,#2305,#220,.T.);
#2957=EDGE_CURVE('',#2306,#2304,#221,.T.);
#2958=EDGE_CURVE('',#2306,#2307,#1447,.T.);
#2959=EDGE_CURVE('',#2305,#2307,#222,.T.);
#2960=EDGE_CURVE('',#2308,#2306,#223,.T.);
#2961=EDGE_CURVE('',#2308,#2309,#1448,.T.);
#2962=EDGE_CURVE('',#2307,#2309,#224,.T.);
#2963=EDGE_CURVE('',#2310,#2308,#225,.T.);
#2964=EDGE_CURVE('',#2310,#2311,#1449,.T.);
#2965=EDGE_CURVE('',#2309,#2311,#226,.T.);
#2966=EDGE_CURVE('',#2312,#2310,#227,.T.);
#2967=EDGE_CURVE('',#2312,#2313,#1450,.T.);
#2968=EDGE_CURVE('',#2311,#2313,#228,.T.);
#2969=EDGE_CURVE('',#2314,#2312,#229,.T.);
#2970=EDGE_CURVE('',#2314,#2315,#1451,.T.);
#2971=EDGE_CURVE('',#2313,#2315,#230,.T.);
#2972=EDGE_CURVE('',#2316,#2314,#231,.T.);
#2973=EDGE_CURVE('',#2316,#2317,#1452,.T.);
#2974=EDGE_CURVE('',#2315,#2317,#232,.T.);
#2975=EDGE_CURVE('',#2318,#2316,#233,.T.);
#2976=EDGE_CURVE('',#2318,#2319,#1453,.T.);
#2977=EDGE_CURVE('',#2317,#2319,#234,.T.);
#2978=EDGE_CURVE('',#2320,#2318,#235,.T.);
#2979=EDGE_CURVE('',#2320,#2321,#1454,.T.);
#2980=EDGE_CURVE('',#2319,#2321,#236,.T.);
#2981=EDGE_CURVE('',#2322,#2320,#237,.T.);
#2982=EDGE_CURVE('',#2322,#2323,#1455,.T.);
#2983=EDGE_CURVE('',#2321,#2323,#238,.T.);
#2984=EDGE_CURVE('',#2324,#2322,#239,.T.);
#2985=EDGE_CURVE('',#2324,#2325,#1456,.T.);
#2986=EDGE_CURVE('',#2323,#2325,#240,.T.);
#2987=EDGE_CURVE('',#2326,#2324,#241,.T.);
#2988=EDGE_CURVE('',#2326,#2327,#1457,.T.);
#2989=EDGE_CURVE('',#2325,#2327,#242,.T.);
#2990=EDGE_CURVE('',#2328,#2326,#243,.T.);
#2991=EDGE_CURVE('',#2328,#2329,#1458,.T.);
#2992=EDGE_CURVE('',#2327,#2329,#244,.T.);
#2993=EDGE_CURVE('',#2330,#2328,#245,.T.);
#2994=EDGE_CURVE('',#2330,#2331,#1459,.T.);
#2995=EDGE_CURVE('',#2329,#2331,#246,.T.);
#2996=EDGE_CURVE('',#2332,#2330,#247,.T.);
#2997=EDGE_CURVE('',#2332,#2333,#1460,.T.);
#2998=EDGE_CURVE('',#2331,#2333,#248,.T.);
#2999=EDGE_CURVE('',#2334,#2332,#249,.T.);
#3000=EDGE_CURVE('',#2334,#2335,#1461,.T.);
#3001=EDGE_CURVE('',#2333,#2335,#250,.T.);
#3002=EDGE_CURVE('',#2336,#2334,#251,.T.);
#3003=EDGE_CURVE('',#2336,#2337,#1462,.T.);
#3004=EDGE_CURVE('',#2335,#2337,#252,.T.);
#3005=EDGE_CURVE('',#2338,#2336,#253,.T.);
#3006=EDGE_CURVE('',#2338,#2339,#1463,.T.);
#3007=EDGE_CURVE('',#2337,#2339,#254,.T.);
#3008=EDGE_CURVE('',#2340,#2338,#255,.T.);
#3009=EDGE_CURVE('',#2340,#2341,#1464,.T.);
#3010=EDGE_CURVE('',#2339,#2341,#256,.T.);
#3011=EDGE_CURVE('',#2342,#2340,#257,.T.);
#3012=EDGE_CURVE('',#2342,#2343,#1465,.T.);
#3013=EDGE_CURVE('',#2341,#2343,#258,.T.);
#3014=EDGE_CURVE('',#2344,#2342,#259,.T.);
#3015=EDGE_CURVE('',#2344,#2345,#1466,.T.);
#3016=EDGE_CURVE('',#2343,#2345,#260,.T.);
#3017=EDGE_CURVE('',#2346,#2344,#261,.T.);
#3018=EDGE_CURVE('',#2346,#2347,#1467,.T.);
#3019=EDGE_CURVE('',#2345,#2347,#262,.T.);
#3020=EDGE_CURVE('',#2348,#2346,#263,.T.);
#3021=EDGE_CURVE('',#2348,#2349,#1468,.T.);
#3022=EDGE_CURVE('',#2347,#2349,#264,.T.);
#3023=EDGE_CURVE('',#2350,#2348,#265,.T.);
#3024=EDGE_CURVE('',#2350,#2351,#1469,.T.);
#3025=EDGE_CURVE('',#2349,#2351,#266,.T.);
#3026=EDGE_CURVE('',#2352,#2350,#267,.T.);
#3027=EDGE_CURVE('',#2352,#2353,#1470,.T.);
#3028=EDGE_CURVE('',#2351,#2353,#268,.T.);
#3029=EDGE_CURVE('',#2354,#2352,#269,.T.);
#3030=EDGE_CURVE('',#2354,#2355,#1471,.T.);
#3031=EDGE_CURVE('',#2353,#2355,#270,.T.);
#3032=EDGE_CURVE('',#2356,#2354,#271,.T.);
#3033=EDGE_CURVE('',#2356,#2357,#1472,.T.);
#3034=EDGE_CURVE('',#2355,#2357,#272,.T.);
#3035=EDGE_CURVE('',#2358,#2356,#273,.T.);
#3036=EDGE_CURVE('',#2358,#2359,#1473,.T.);
#3037=EDGE_CURVE('',#2357,#2359,#274,.T.);
#3038=EDGE_CURVE('',#2360,#2358,#275,.T.);
#3039=EDGE_CURVE('',#2360,#2361,#1474,.T.);
#3040=EDGE_CURVE('',#2359,#2361,#276,.T.);
#3041=EDGE_CURVE('',#2362,#2360,#277,.T.);
#3042=EDGE_CURVE('',#2362,#2363,#1475,.T.);
#3043=EDGE_CURVE('',#2361,#2363,#278,.T.);
#3044=EDGE_CURVE('',#2293,#2362,#279,.T.);
#3045=EDGE_CURVE('',#2363,#2295,#280,.T.);
#3046=EDGE_CURVE('',#2364,#2365,#281,.T.);
#3047=EDGE_CURVE('',#2365,#2366,#1476,.T.);
#3048=EDGE_CURVE('',#2367,#2366,#282,.T.);
#3049=EDGE_CURVE('',#2364,#2367,#1477,.T.);
#3050=EDGE_CURVE('',#2368,#2364,#283,.T.);
#3051=EDGE_CURVE('',#2369,#2367,#284,.T.);
#3052=EDGE_CURVE('',#2368,#2369,#1478,.T.);
#3053=EDGE_CURVE('',#2370,#2368,#285,.T.);
#3054=EDGE_CURVE('',#2371,#2369,#286,.T.);
#3055=EDGE_CURVE('',#2370,#2371,#1479,.T.);
#3056=EDGE_CURVE('',#2372,#2370,#287,.T.);
#3057=EDGE_CURVE('',#2373,#2371,#288,.T.);
#3058=EDGE_CURVE('',#2372,#2373,#1480,.T.);
#3059=EDGE_CURVE('',#2374,#2372,#289,.T.);
#3060=EDGE_CURVE('',#2375,#2373,#290,.T.);
#3061=EDGE_CURVE('',#2374,#2375,#1481,.T.);
#3062=EDGE_CURVE('',#2376,#2374,#291,.T.);
#3063=EDGE_CURVE('',#2377,#2375,#292,.T.);
#3064=EDGE_CURVE('',#2376,#2377,#1482,.T.);
#3065=EDGE_CURVE('',#2378,#2376,#293,.T.);
#3066=EDGE_CURVE('',#2379,#2377,#294,.T.);
#3067=EDGE_CURVE('',#2378,#2379,#1483,.T.);
#3068=EDGE_CURVE('',#2380,#2378,#295,.T.);
#3069=EDGE_CURVE('',#2381,#2379,#296,.T.);
#3070=EDGE_CURVE('',#2380,#2381,#1484,.T.);
#3071=EDGE_CURVE('',#2382,#2380,#297,.T.);
#3072=EDGE_CURVE('',#2383,#2381,#298,.T.);
#3073=EDGE_CURVE('',#2382,#2383,#1485,.T.);
#3074=EDGE_CURVE('',#2384,#2382,#299,.T.);
#3075=EDGE_CURVE('',#2385,#2383,#300,.T.);
#3076=EDGE_CURVE('',#2384,#2385,#1486,.T.);
#3077=EDGE_CURVE('',#2386,#2384,#301,.T.);
#3078=EDGE_CURVE('',#2387,#2385,#302,.T.);
#3079=EDGE_CURVE('',#2386,#2387,#1487,.T.);
#3080=EDGE_CURVE('',#2388,#2386,#303,.T.);
#3081=EDGE_CURVE('',#2389,#2387,#304,.T.);
#3082=EDGE_CURVE('',#2388,#2389,#1488,.T.);
#3083=EDGE_CURVE('',#2390,#2388,#305,.T.);
#3084=EDGE_CURVE('',#2391,#2389,#306,.T.);
#3085=EDGE_CURVE('',#2390,#2391,#1489,.T.);
#3086=EDGE_CURVE('',#2392,#2390,#307,.T.);
#3087=EDGE_CURVE('',#2393,#2391,#308,.T.);
#3088=EDGE_CURVE('',#2392,#2393,#1490,.T.);
#3089=EDGE_CURVE('',#2394,#2392,#309,.T.);
#3090=EDGE_CURVE('',#2395,#2393,#310,.T.);
#3091=EDGE_CURVE('',#2394,#2395,#1491,.T.);
#3092=EDGE_CURVE('',#2396,#2394,#311,.T.);
#3093=EDGE_CURVE('',#2397,#2395,#312,.T.);
#3094=EDGE_CURVE('',#2396,#2397,#1492,.T.);
#3095=EDGE_CURVE('',#2398,#2396,#313,.T.);
#3096=EDGE_CURVE('',#2399,#2397,#314,.T.);
#3097=EDGE_CURVE('',#2398,#2399,#1493,.T.);
#3098=EDGE_CURVE('',#2400,#2398,#315,.T.);
#3099=EDGE_CURVE('',#2401,#2399,#316,.T.);
#3100=EDGE_CURVE('',#2400,#2401,#1494,.T.);
#3101=EDGE_CURVE('',#2402,#2400,#317,.T.);
#3102=EDGE_CURVE('',#2403,#2401,#318,.T.);
#3103=EDGE_CURVE('',#2402,#2403,#1495,.T.);
#3104=EDGE_CURVE('',#2365,#2402,#319,.T.);
#3105=EDGE_CURVE('',#2366,#2403,#320,.T.);
#3106=EDGE_CURVE('',#2404,#2405,#1496,.T.);
#3107=EDGE_CURVE('',#2405,#2406,#1497,.T.);
#3108=EDGE_CURVE('',#2407,#2406,#1498,.T.);
#3109=EDGE_CURVE('',#2404,#2407,#1499,.T.);
#3110=EDGE_CURVE('',#2408,#2404,#1500,.T.);
#3111=EDGE_CURVE('',#2409,#2407,#1501,.T.);
#3112=EDGE_CURVE('',#2408,#2409,#1502,.T.);
#3113=EDGE_CURVE('',#2410,#2408,#1503,.T.);
#3114=EDGE_CURVE('',#2411,#2409,#1504,.T.);
#3115=EDGE_CURVE('',#2410,#2411,#1505,.T.);
#3116=EDGE_CURVE('',#2405,#2410,#1506,.T.);
#3117=EDGE_CURVE('',#2406,#2411,#1507,.T.);
#3118=ORIENTED_EDGE('',*,*,#2412,.F.);
#3119=ORIENTED_EDGE('',*,*,#2413,.T.);
#3120=ORIENTED_EDGE('',*,*,#2414,.T.);
#3121=ORIENTED_EDGE('',*,*,#2415,.F.);
#3122=ORIENTED_EDGE('',*,*,#2416,.F.);
#3123=ORIENTED_EDGE('',*,*,#2417,.T.);
#3124=ORIENTED_EDGE('',*,*,#2418,.T.);
#3125=ORIENTED_EDGE('',*,*,#2413,.F.);
#3126=ORIENTED_EDGE('',*,*,#2419,.F.);
#3127=ORIENTED_EDGE('',*,*,#2420,.T.);
#3128=ORIENTED_EDGE('',*,*,#2421,.T.);
#3129=ORIENTED_EDGE('',*,*,#2417,.F.);
#3130=ORIENTED_EDGE('',*,*,#2422,.F.);
#3131=ORIENTED_EDGE('',*,*,#2415,.T.);
#3132=ORIENTED_EDGE('',*,*,#2423,.T.);
#3133=ORIENTED_EDGE('',*,*,#2420,.F.);
#3134=ORIENTED_EDGE('',*,*,#2423,.F.);
#3135=ORIENTED_EDGE('',*,*,#2414,.F.);
#3136=ORIENTED_EDGE('',*,*,#2418,.F.);
#3137=ORIENTED_EDGE('',*,*,#2421,.F.);
#3138=ORIENTED_EDGE('',*,*,#2424,.F.);
#3139=ORIENTED_EDGE('',*,*,#2425,.T.);
#3140=ORIENTED_EDGE('',*,*,#2426,.T.);
#3141=ORIENTED_EDGE('',*,*,#2427,.F.);
#3142=ORIENTED_EDGE('',*,*,#2428,.F.);
#3143=ORIENTED_EDGE('',*,*,#2429,.T.);
#3144=ORIENTED_EDGE('',*,*,#2430,.T.);
#3145=ORIENTED_EDGE('',*,*,#2425,.F.);
#3146=ORIENTED_EDGE('',*,*,#2431,.F.);
#3147=ORIENTED_EDGE('',*,*,#2432,.T.);
#3148=ORIENTED_EDGE('',*,*,#2433,.T.);
#3149=ORIENTED_EDGE('',*,*,#2429,.F.);
#3150=ORIENTED_EDGE('',*,*,#2434,.F.);
#3151=ORIENTED_EDGE('',*,*,#2427,.T.);
#3152=ORIENTED_EDGE('',*,*,#2435,.T.);
#3153=ORIENTED_EDGE('',*,*,#2432,.F.);
#3154=ORIENTED_EDGE('',*,*,#2435,.F.);
#3155=ORIENTED_EDGE('',*,*,#2426,.F.);
#3156=ORIENTED_EDGE('',*,*,#2430,.F.);
#3157=ORIENTED_EDGE('',*,*,#2433,.F.);
#3158=ORIENTED_EDGE('',*,*,#2436,.F.);
#3159=ORIENTED_EDGE('',*,*,#2437,.T.);
#3160=ORIENTED_EDGE('',*,*,#2438,.T.);
#3161=ORIENTED_EDGE('',*,*,#2439,.F.);
#3162=ORIENTED_EDGE('',*,*,#2440,.F.);
#3163=ORIENTED_EDGE('',*,*,#2441,.T.);
#3164=ORIENTED_EDGE('',*,*,#2442,.T.);
#3165=ORIENTED_EDGE('',*,*,#2437,.F.);
#3166=ORIENTED_EDGE('',*,*,#2443,.F.);
#3167=ORIENTED_EDGE('',*,*,#2444,.T.);
#3168=ORIENTED_EDGE('',*,*,#2445,.T.);
#3169=ORIENTED_EDGE('',*,*,#2441,.F.);
#3170=ORIENTED_EDGE('',*,*,#2446,.F.);
#3171=ORIENTED_EDGE('',*,*,#2439,.T.);
#3172=ORIENTED_EDGE('',*,*,#2447,.T.);
#3173=ORIENTED_EDGE('',*,*,#2444,.F.);
#3174=ORIENTED_EDGE('',*,*,#2447,.F.);
#3175=ORIENTED_EDGE('',*,*,#2438,.F.);
#3176=ORIENTED_EDGE('',*,*,#2442,.F.);
#3177=ORIENTED_EDGE('',*,*,#2445,.F.);
#3178=ORIENTED_EDGE('',*,*,#2448,.F.);
#3179=ORIENTED_EDGE('',*,*,#2449,.T.);
#3180=ORIENTED_EDGE('',*,*,#2450,.T.);
#3181=ORIENTED_EDGE('',*,*,#2451,.F.);
#3182=ORIENTED_EDGE('',*,*,#2452,.F.);
#3183=ORIENTED_EDGE('',*,*,#2453,.T.);
#3184=ORIENTED_EDGE('',*,*,#2454,.T.);
#3185=ORIENTED_EDGE('',*,*,#2449,.F.);
#3186=ORIENTED_EDGE('',*,*,#2455,.F.);
#3187=ORIENTED_EDGE('',*,*,#2456,.T.);
#3188=ORIENTED_EDGE('',*,*,#2457,.T.);
#3189=ORIENTED_EDGE('',*,*,#2453,.F.);
#3190=ORIENTED_EDGE('',*,*,#2458,.F.);
#3191=ORIENTED_EDGE('',*,*,#2451,.T.);
#3192=ORIENTED_EDGE('',*,*,#2459,.T.);
#3193=ORIENTED_EDGE('',*,*,#2456,.F.);
#3194=ORIENTED_EDGE('',*,*,#2459,.F.);
#3195=ORIENTED_EDGE('',*,*,#2450,.F.);
#3196=ORIENTED_EDGE('',*,*,#2454,.F.);
#3197=ORIENTED_EDGE('',*,*,#2457,.F.);
#3198=ORIENTED_EDGE('',*,*,#2460,.F.);
#3199=ORIENTED_EDGE('',*,*,#2461,.T.);
#3200=ORIENTED_EDGE('',*,*,#2462,.T.);
#3201=ORIENTED_EDGE('',*,*,#2463,.F.);
#3202=ORIENTED_EDGE('',*,*,#2464,.F.);
#3203=ORIENTED_EDGE('',*,*,#2465,.T.);
#3204=ORIENTED_EDGE('',*,*,#2466,.T.);
#3205=ORIENTED_EDGE('',*,*,#2461,.F.);
#3206=ORIENTED_EDGE('',*,*,#2467,.F.);
#3207=ORIENTED_EDGE('',*,*,#2468,.T.);
#3208=ORIENTED_EDGE('',*,*,#2469,.T.);
#3209=ORIENTED_EDGE('',*,*,#2465,.F.);
#3210=ORIENTED_EDGE('',*,*,#2470,.F.);
#3211=ORIENTED_EDGE('',*,*,#2463,.T.);
#3212=ORIENTED_EDGE('',*,*,#2471,.T.);
#3213=ORIENTED_EDGE('',*,*,#2468,.F.);
#3214=ORIENTED_EDGE('',*,*,#2471,.F.);
#3215=ORIENTED_EDGE('',*,*,#2462,.F.);
#3216=ORIENTED_EDGE('',*,*,#2466,.F.);
#3217=ORIENTED_EDGE('',*,*,#2469,.F.);
#3218=ORIENTED_EDGE('',*,*,#2472,.F.);
#3219=ORIENTED_EDGE('',*,*,#2473,.T.);
#3220=ORIENTED_EDGE('',*,*,#2474,.T.);
#3221=ORIENTED_EDGE('',*,*,#2475,.F.);
#3222=ORIENTED_EDGE('',*,*,#2476,.F.);
#3223=ORIENTED_EDGE('',*,*,#2477,.T.);
#3224=ORIENTED_EDGE('',*,*,#2478,.T.);
#3225=ORIENTED_EDGE('',*,*,#2473,.F.);
#3226=ORIENTED_EDGE('',*,*,#2479,.F.);
#3227=ORIENTED_EDGE('',*,*,#2480,.T.);
#3228=ORIENTED_EDGE('',*,*,#2481,.T.);
#3229=ORIENTED_EDGE('',*,*,#2477,.F.);
#3230=ORIENTED_EDGE('',*,*,#2482,.F.);
#3231=ORIENTED_EDGE('',*,*,#2475,.T.);
#3232=ORIENTED_EDGE('',*,*,#2483,.T.);
#3233=ORIENTED_EDGE('',*,*,#2480,.F.);
#3234=ORIENTED_EDGE('',*,*,#2483,.F.);
#3235=ORIENTED_EDGE('',*,*,#2474,.F.);
#3236=ORIENTED_EDGE('',*,*,#2478,.F.);
#3237=ORIENTED_EDGE('',*,*,#2481,.F.);
#3238=ORIENTED_EDGE('',*,*,#2484,.F.);
#3239=ORIENTED_EDGE('',*,*,#2485,.T.);
#3240=ORIENTED_EDGE('',*,*,#2486,.T.);
#3241=ORIENTED_EDGE('',*,*,#2487,.F.);
#3242=ORIENTED_EDGE('',*,*,#2488,.F.);
#3243=ORIENTED_EDGE('',*,*,#2489,.T.);
#3244=ORIENTED_EDGE('',*,*,#2490,.T.);
#3245=ORIENTED_EDGE('',*,*,#2485,.F.);
#3246=ORIENTED_EDGE('',*,*,#2491,.F.);
#3247=ORIENTED_EDGE('',*,*,#2492,.T.);
#3248=ORIENTED_EDGE('',*,*,#2493,.T.);
#3249=ORIENTED_EDGE('',*,*,#2489,.F.);
#3250=ORIENTED_EDGE('',*,*,#2494,.F.);
#3251=ORIENTED_EDGE('',*,*,#2487,.T.);
#3252=ORIENTED_EDGE('',*,*,#2495,.T.);
#3253=ORIENTED_EDGE('',*,*,#2492,.F.);
#3254=ORIENTED_EDGE('',*,*,#2495,.F.);
#3255=ORIENTED_EDGE('',*,*,#2486,.F.);
#3256=ORIENTED_EDGE('',*,*,#2490,.F.);
#3257=ORIENTED_EDGE('',*,*,#2493,.F.);
#3258=ORIENTED_EDGE('',*,*,#2496,.F.);
#3259=ORIENTED_EDGE('',*,*,#2497,.T.);
#3260=ORIENTED_EDGE('',*,*,#2498,.F.);
#3261=ORIENTED_EDGE('',*,*,#2499,.F.);
#3262=ORIENTED_EDGE('',*,*,#2500,.F.);
#3263=ORIENTED_EDGE('',*,*,#2499,.T.);
#3264=ORIENTED_EDGE('',*,*,#2501,.F.);
#3265=ORIENTED_EDGE('',*,*,#2502,.F.);
#3266=ORIENTED_EDGE('',*,*,#2503,.F.);
#3267=ORIENTED_EDGE('',*,*,#2502,.T.);
#3268=ORIENTED_EDGE('',*,*,#2504,.F.);
#3269=ORIENTED_EDGE('',*,*,#2497,.F.);
#3270=ORIENTED_EDGE('',*,*,#2504,.T.);
#3271=ORIENTED_EDGE('',*,*,#2501,.T.);
#3272=ORIENTED_EDGE('',*,*,#2498,.T.);
#3273=ORIENTED_EDGE('',*,*,#2505,.F.);
#3274=ORIENTED_EDGE('',*,*,#2506,.T.);
#3275=ORIENTED_EDGE('',*,*,#2507,.F.);
#3276=ORIENTED_EDGE('',*,*,#2508,.F.);
#3277=ORIENTED_EDGE('',*,*,#2509,.F.);
#3278=ORIENTED_EDGE('',*,*,#2508,.T.);
#3279=ORIENTED_EDGE('',*,*,#2510,.F.);
#3280=ORIENTED_EDGE('',*,*,#2511,.F.);
#3281=ORIENTED_EDGE('',*,*,#2512,.F.);
#3282=ORIENTED_EDGE('',*,*,#2511,.T.);
#3283=ORIENTED_EDGE('',*,*,#2513,.F.);
#3284=ORIENTED_EDGE('',*,*,#2514,.F.);
#3285=ORIENTED_EDGE('',*,*,#2515,.F.);
#3286=ORIENTED_EDGE('',*,*,#2514,.T.);
#3287=ORIENTED_EDGE('',*,*,#2516,.F.);
#3288=ORIENTED_EDGE('',*,*,#2506,.F.);
#3289=ORIENTED_EDGE('',*,*,#2515,.T.);
#3290=ORIENTED_EDGE('',*,*,#2505,.T.);
#3291=ORIENTED_EDGE('',*,*,#2509,.T.);
#3292=ORIENTED_EDGE('',*,*,#2512,.T.);
#3293=ORIENTED_EDGE('',*,*,#2412,.T.);
#3294=ORIENTED_EDGE('',*,*,#2422,.T.);
#3295=ORIENTED_EDGE('',*,*,#2419,.T.);
#3296=ORIENTED_EDGE('',*,*,#2416,.T.);
#3297=ORIENTED_EDGE('',*,*,#2424,.T.);
#3298=ORIENTED_EDGE('',*,*,#2434,.T.);
#3299=ORIENTED_EDGE('',*,*,#2431,.T.);
#3300=ORIENTED_EDGE('',*,*,#2428,.T.);
#3301=ORIENTED_EDGE('',*,*,#2436,.T.);
#3302=ORIENTED_EDGE('',*,*,#2446,.T.);
#3303=ORIENTED_EDGE('',*,*,#2443,.T.);
#3304=ORIENTED_EDGE('',*,*,#2440,.T.);
#3305=ORIENTED_EDGE('',*,*,#2448,.T.);
#3306=ORIENTED_EDGE('',*,*,#2458,.T.);
#3307=ORIENTED_EDGE('',*,*,#2455,.T.);
#3308=ORIENTED_EDGE('',*,*,#2452,.T.);
#3309=ORIENTED_EDGE('',*,*,#2460,.T.);
#3310=ORIENTED_EDGE('',*,*,#2470,.T.);
#3311=ORIENTED_EDGE('',*,*,#2467,.T.);
#3312=ORIENTED_EDGE('',*,*,#2464,.T.);
#3313=ORIENTED_EDGE('',*,*,#2472,.T.);
#3314=ORIENTED_EDGE('',*,*,#2482,.T.);
#3315=ORIENTED_EDGE('',*,*,#2479,.T.);
#3316=ORIENTED_EDGE('',*,*,#2476,.T.);
#3317=ORIENTED_EDGE('',*,*,#2484,.T.);
#3318=ORIENTED_EDGE('',*,*,#2494,.T.);
#3319=ORIENTED_EDGE('',*,*,#2491,.T.);
#3320=ORIENTED_EDGE('',*,*,#2488,.T.);
#3321=ORIENTED_EDGE('',*,*,#2516,.T.);
#3322=ORIENTED_EDGE('',*,*,#2513,.T.);
#3323=ORIENTED_EDGE('',*,*,#2510,.T.);
#3324=ORIENTED_EDGE('',*,*,#2507,.T.);
#3325=ORIENTED_EDGE('',*,*,#2496,.T.);
#3326=ORIENTED_EDGE('',*,*,#2500,.T.);
#3327=ORIENTED_EDGE('',*,*,#2503,.T.);
#3328=ORIENTED_EDGE('',*,*,#2517,.F.);
#3329=ORIENTED_EDGE('',*,*,#2518,.T.);
#3330=ORIENTED_EDGE('',*,*,#2519,.F.);
#3331=ORIENTED_EDGE('',*,*,#2520,.F.);
#3332=ORIENTED_EDGE('',*,*,#2521,.F.);
#3333=ORIENTED_EDGE('',*,*,#2520,.T.);
#3334=ORIENTED_EDGE('',*,*,#2522,.F.);
#3335=ORIENTED_EDGE('',*,*,#2523,.F.);
#3336=ORIENTED_EDGE('',*,*,#2524,.F.);
#3337=ORIENTED_EDGE('',*,*,#2523,.T.);
#3338=ORIENTED_EDGE('',*,*,#2525,.F.);
#3339=ORIENTED_EDGE('',*,*,#2526,.F.);
#3340=ORIENTED_EDGE('',*,*,#2527,.F.);
#3341=ORIENTED_EDGE('',*,*,#2526,.T.);
#3342=ORIENTED_EDGE('',*,*,#2528,.F.);
#3343=ORIENTED_EDGE('',*,*,#2518,.F.);
#3344=ORIENTED_EDGE('',*,*,#2527,.T.);
#3345=ORIENTED_EDGE('',*,*,#2517,.T.);
#3346=ORIENTED_EDGE('',*,*,#2521,.T.);
#3347=ORIENTED_EDGE('',*,*,#2524,.T.);
#3348=ORIENTED_EDGE('',*,*,#2528,.T.);
#3349=ORIENTED_EDGE('',*,*,#2525,.T.);
#3350=ORIENTED_EDGE('',*,*,#2522,.T.);
#3351=ORIENTED_EDGE('',*,*,#2519,.T.);
#3352=ORIENTED_EDGE('',*,*,#2529,.F.);
#3353=ORIENTED_EDGE('',*,*,#2530,.T.);
#3354=ORIENTED_EDGE('',*,*,#2531,.F.);
#3355=ORIENTED_EDGE('',*,*,#2532,.F.);
#3356=ORIENTED_EDGE('',*,*,#2533,.F.);
#3357=ORIENTED_EDGE('',*,*,#2532,.T.);
#3358=ORIENTED_EDGE('',*,*,#2534,.F.);
#3359=ORIENTED_EDGE('',*,*,#2535,.F.);
#3360=ORIENTED_EDGE('',*,*,#2536,.F.);
#3361=ORIENTED_EDGE('',*,*,#2535,.T.);
#3362=ORIENTED_EDGE('',*,*,#2537,.F.);
#3363=ORIENTED_EDGE('',*,*,#2538,.F.);
#3364=ORIENTED_EDGE('',*,*,#2539,.F.);
#3365=ORIENTED_EDGE('',*,*,#2538,.T.);
#3366=ORIENTED_EDGE('',*,*,#2540,.F.);
#3367=ORIENTED_EDGE('',*,*,#2541,.F.);
#3368=ORIENTED_EDGE('',*,*,#2542,.F.);
#3369=ORIENTED_EDGE('',*,*,#2541,.T.);
#3370=ORIENTED_EDGE('',*,*,#2543,.F.);
#3371=ORIENTED_EDGE('',*,*,#2544,.F.);
#3372=ORIENTED_EDGE('',*,*,#2545,.F.);
#3373=ORIENTED_EDGE('',*,*,#2544,.T.);
#3374=ORIENTED_EDGE('',*,*,#2546,.F.);
#3375=ORIENTED_EDGE('',*,*,#2547,.F.);
#3376=ORIENTED_EDGE('',*,*,#2548,.F.);
#3377=ORIENTED_EDGE('',*,*,#2547,.T.);
#3378=ORIENTED_EDGE('',*,*,#2549,.F.);
#3379=ORIENTED_EDGE('',*,*,#2550,.F.);
#3380=ORIENTED_EDGE('',*,*,#2551,.F.);
#3381=ORIENTED_EDGE('',*,*,#2550,.T.);
#3382=ORIENTED_EDGE('',*,*,#2552,.F.);
#3383=ORIENTED_EDGE('',*,*,#2553,.F.);
#3384=ORIENTED_EDGE('',*,*,#2554,.F.);
#3385=ORIENTED_EDGE('',*,*,#2553,.T.);
#3386=ORIENTED_EDGE('',*,*,#2555,.F.);
#3387=ORIENTED_EDGE('',*,*,#2556,.F.);
#3388=ORIENTED_EDGE('',*,*,#2557,.F.);
#3389=ORIENTED_EDGE('',*,*,#2556,.T.);
#3390=ORIENTED_EDGE('',*,*,#2558,.F.);
#3391=ORIENTED_EDGE('',*,*,#2559,.F.);
#3392=ORIENTED_EDGE('',*,*,#2560,.F.);
#3393=ORIENTED_EDGE('',*,*,#2559,.T.);
#3394=ORIENTED_EDGE('',*,*,#2561,.F.);
#3395=ORIENTED_EDGE('',*,*,#2562,.F.);
#3396=ORIENTED_EDGE('',*,*,#2563,.F.);
#3397=ORIENTED_EDGE('',*,*,#2562,.T.);
#3398=ORIENTED_EDGE('',*,*,#2564,.F.);
#3399=ORIENTED_EDGE('',*,*,#2565,.F.);
#3400=ORIENTED_EDGE('',*,*,#2566,.F.);
#3401=ORIENTED_EDGE('',*,*,#2565,.T.);
#3402=ORIENTED_EDGE('',*,*,#2567,.F.);
#3403=ORIENTED_EDGE('',*,*,#2568,.F.);
#3404=ORIENTED_EDGE('',*,*,#2569,.F.);
#3405=ORIENTED_EDGE('',*,*,#2568,.T.);
#3406=ORIENTED_EDGE('',*,*,#2570,.F.);
#3407=ORIENTED_EDGE('',*,*,#2571,.F.);
#3408=ORIENTED_EDGE('',*,*,#2572,.F.);
#3409=ORIENTED_EDGE('',*,*,#2571,.T.);
#3410=ORIENTED_EDGE('',*,*,#2573,.F.);
#3411=ORIENTED_EDGE('',*,*,#2574,.F.);
#3412=ORIENTED_EDGE('',*,*,#2575,.F.);
#3413=ORIENTED_EDGE('',*,*,#2574,.T.);
#3414=ORIENTED_EDGE('',*,*,#2576,.F.);
#3415=ORIENTED_EDGE('',*,*,#2577,.F.);
#3416=ORIENTED_EDGE('',*,*,#2578,.F.);
#3417=ORIENTED_EDGE('',*,*,#2577,.T.);
#3418=ORIENTED_EDGE('',*,*,#2579,.F.);
#3419=ORIENTED_EDGE('',*,*,#2580,.F.);
#3420=ORIENTED_EDGE('',*,*,#2581,.F.);
#3421=ORIENTED_EDGE('',*,*,#2580,.T.);
#3422=ORIENTED_EDGE('',*,*,#2582,.F.);
#3423=ORIENTED_EDGE('',*,*,#2583,.F.);
#3424=ORIENTED_EDGE('',*,*,#2584,.F.);
#3425=ORIENTED_EDGE('',*,*,#2583,.T.);
#3426=ORIENTED_EDGE('',*,*,#2585,.F.);
#3427=ORIENTED_EDGE('',*,*,#2586,.F.);
#3428=ORIENTED_EDGE('',*,*,#2587,.F.);
#3429=ORIENTED_EDGE('',*,*,#2586,.T.);
#3430=ORIENTED_EDGE('',*,*,#2588,.F.);
#3431=ORIENTED_EDGE('',*,*,#2530,.F.);
#3432=ORIENTED_EDGE('',*,*,#2587,.T.);
#3433=ORIENTED_EDGE('',*,*,#2529,.T.);
#3434=ORIENTED_EDGE('',*,*,#2533,.T.);
#3435=ORIENTED_EDGE('',*,*,#2536,.T.);
#3436=ORIENTED_EDGE('',*,*,#2539,.T.);
#3437=ORIENTED_EDGE('',*,*,#2542,.T.);
#3438=ORIENTED_EDGE('',*,*,#2545,.T.);
#3439=ORIENTED_EDGE('',*,*,#2548,.T.);
#3440=ORIENTED_EDGE('',*,*,#2551,.T.);
#3441=ORIENTED_EDGE('',*,*,#2554,.T.);
#3442=ORIENTED_EDGE('',*,*,#2557,.T.);
#3443=ORIENTED_EDGE('',*,*,#2560,.T.);
#3444=ORIENTED_EDGE('',*,*,#2563,.T.);
#3445=ORIENTED_EDGE('',*,*,#2566,.T.);
#3446=ORIENTED_EDGE('',*,*,#2569,.T.);
#3447=ORIENTED_EDGE('',*,*,#2572,.T.);
#3448=ORIENTED_EDGE('',*,*,#2575,.T.);
#3449=ORIENTED_EDGE('',*,*,#2578,.T.);
#3450=ORIENTED_EDGE('',*,*,#2581,.T.);
#3451=ORIENTED_EDGE('',*,*,#2584,.T.);
#3452=ORIENTED_EDGE('',*,*,#2588,.T.);
#3453=ORIENTED_EDGE('',*,*,#2585,.T.);
#3454=ORIENTED_EDGE('',*,*,#2582,.T.);
#3455=ORIENTED_EDGE('',*,*,#2579,.T.);
#3456=ORIENTED_EDGE('',*,*,#2576,.T.);
#3457=ORIENTED_EDGE('',*,*,#2573,.T.);
#3458=ORIENTED_EDGE('',*,*,#2570,.T.);
#3459=ORIENTED_EDGE('',*,*,#2567,.T.);
#3460=ORIENTED_EDGE('',*,*,#2564,.T.);
#3461=ORIENTED_EDGE('',*,*,#2561,.T.);
#3462=ORIENTED_EDGE('',*,*,#2558,.T.);
#3463=ORIENTED_EDGE('',*,*,#2555,.T.);
#3464=ORIENTED_EDGE('',*,*,#2552,.T.);
#3465=ORIENTED_EDGE('',*,*,#2549,.T.);
#3466=ORIENTED_EDGE('',*,*,#2546,.T.);
#3467=ORIENTED_EDGE('',*,*,#2543,.T.);
#3468=ORIENTED_EDGE('',*,*,#2540,.T.);
#3469=ORIENTED_EDGE('',*,*,#2537,.T.);
#3470=ORIENTED_EDGE('',*,*,#2534,.T.);
#3471=ORIENTED_EDGE('',*,*,#2531,.T.);
#3472=ORIENTED_EDGE('',*,*,#2589,.F.);
#3473=ORIENTED_EDGE('',*,*,#2590,.T.);
#3474=ORIENTED_EDGE('',*,*,#2591,.F.);
#3475=ORIENTED_EDGE('',*,*,#2592,.F.);
#3476=ORIENTED_EDGE('',*,*,#2593,.F.);
#3477=ORIENTED_EDGE('',*,*,#2592,.T.);
#3478=ORIENTED_EDGE('',*,*,#2594,.F.);
#3479=ORIENTED_EDGE('',*,*,#2595,.F.);
#3480=ORIENTED_EDGE('',*,*,#2596,.F.);
#3481=ORIENTED_EDGE('',*,*,#2595,.T.);
#3482=ORIENTED_EDGE('',*,*,#2597,.F.);
#3483=ORIENTED_EDGE('',*,*,#2598,.F.);
#3484=ORIENTED_EDGE('',*,*,#2599,.F.);
#3485=ORIENTED_EDGE('',*,*,#2598,.T.);
#3486=ORIENTED_EDGE('',*,*,#2600,.F.);
#3487=ORIENTED_EDGE('',*,*,#2601,.F.);
#3488=ORIENTED_EDGE('',*,*,#2602,.F.);
#3489=ORIENTED_EDGE('',*,*,#2601,.T.);
#3490=ORIENTED_EDGE('',*,*,#2603,.F.);
#3491=ORIENTED_EDGE('',*,*,#2604,.F.);
#3492=ORIENTED_EDGE('',*,*,#2605,.F.);
#3493=ORIENTED_EDGE('',*,*,#2604,.T.);
#3494=ORIENTED_EDGE('',*,*,#2606,.F.);
#3495=ORIENTED_EDGE('',*,*,#2607,.F.);
#3496=ORIENTED_EDGE('',*,*,#2608,.F.);
#3497=ORIENTED_EDGE('',*,*,#2607,.T.);
#3498=ORIENTED_EDGE('',*,*,#2609,.F.);
#3499=ORIENTED_EDGE('',*,*,#2610,.F.);
#3500=ORIENTED_EDGE('',*,*,#2611,.F.);
#3501=ORIENTED_EDGE('',*,*,#2610,.T.);
#3502=ORIENTED_EDGE('',*,*,#2612,.F.);
#3503=ORIENTED_EDGE('',*,*,#2613,.F.);
#3504=ORIENTED_EDGE('',*,*,#2614,.F.);
#3505=ORIENTED_EDGE('',*,*,#2613,.T.);
#3506=ORIENTED_EDGE('',*,*,#2615,.F.);
#3507=ORIENTED_EDGE('',*,*,#2616,.F.);
#3508=ORIENTED_EDGE('',*,*,#2617,.F.);
#3509=ORIENTED_EDGE('',*,*,#2616,.T.);
#3510=ORIENTED_EDGE('',*,*,#2618,.F.);
#3511=ORIENTED_EDGE('',*,*,#2619,.F.);
#3512=ORIENTED_EDGE('',*,*,#2620,.F.);
#3513=ORIENTED_EDGE('',*,*,#2619,.T.);
#3514=ORIENTED_EDGE('',*,*,#2621,.F.);
#3515=ORIENTED_EDGE('',*,*,#2622,.F.);
#3516=ORIENTED_EDGE('',*,*,#2623,.F.);
#3517=ORIENTED_EDGE('',*,*,#2622,.T.);
#3518=ORIENTED_EDGE('',*,*,#2624,.F.);
#3519=ORIENTED_EDGE('',*,*,#2625,.F.);
#3520=ORIENTED_EDGE('',*,*,#2626,.F.);
#3521=ORIENTED_EDGE('',*,*,#2625,.T.);
#3522=ORIENTED_EDGE('',*,*,#2627,.F.);
#3523=ORIENTED_EDGE('',*,*,#2590,.F.);
#3524=ORIENTED_EDGE('',*,*,#2626,.T.);
#3525=ORIENTED_EDGE('',*,*,#2589,.T.);
#3526=ORIENTED_EDGE('',*,*,#2593,.T.);
#3527=ORIENTED_EDGE('',*,*,#2596,.T.);
#3528=ORIENTED_EDGE('',*,*,#2599,.T.);
#3529=ORIENTED_EDGE('',*,*,#2602,.T.);
#3530=ORIENTED_EDGE('',*,*,#2605,.T.);
#3531=ORIENTED_EDGE('',*,*,#2608,.T.);
#3532=ORIENTED_EDGE('',*,*,#2611,.T.);
#3533=ORIENTED_EDGE('',*,*,#2614,.T.);
#3534=ORIENTED_EDGE('',*,*,#2617,.T.);
#3535=ORIENTED_EDGE('',*,*,#2620,.T.);
#3536=ORIENTED_EDGE('',*,*,#2623,.T.);
#3537=ORIENTED_EDGE('',*,*,#2627,.T.);
#3538=ORIENTED_EDGE('',*,*,#2624,.T.);
#3539=ORIENTED_EDGE('',*,*,#2621,.T.);
#3540=ORIENTED_EDGE('',*,*,#2618,.T.);
#3541=ORIENTED_EDGE('',*,*,#2615,.T.);
#3542=ORIENTED_EDGE('',*,*,#2612,.T.);
#3543=ORIENTED_EDGE('',*,*,#2609,.T.);
#3544=ORIENTED_EDGE('',*,*,#2606,.T.);
#3545=ORIENTED_EDGE('',*,*,#2603,.T.);
#3546=ORIENTED_EDGE('',*,*,#2600,.T.);
#3547=ORIENTED_EDGE('',*,*,#2597,.T.);
#3548=ORIENTED_EDGE('',*,*,#2594,.T.);
#3549=ORIENTED_EDGE('',*,*,#2591,.T.);
#3550=ORIENTED_EDGE('',*,*,#2628,.F.);
#3551=ORIENTED_EDGE('',*,*,#2629,.T.);
#3552=ORIENTED_EDGE('',*,*,#2630,.F.);
#3553=ORIENTED_EDGE('',*,*,#2631,.F.);
#3554=ORIENTED_EDGE('',*,*,#2632,.F.);
#3555=ORIENTED_EDGE('',*,*,#2631,.T.);
#3556=ORIENTED_EDGE('',*,*,#2633,.F.);
#3557=ORIENTED_EDGE('',*,*,#2634,.F.);
#3558=ORIENTED_EDGE('',*,*,#2635,.F.);
#3559=ORIENTED_EDGE('',*,*,#2634,.T.);
#3560=ORIENTED_EDGE('',*,*,#2636,.F.);
#3561=ORIENTED_EDGE('',*,*,#2637,.F.);
#3562=ORIENTED_EDGE('',*,*,#2638,.F.);
#3563=ORIENTED_EDGE('',*,*,#2637,.T.);
#3564=ORIENTED_EDGE('',*,*,#2639,.F.);
#3565=ORIENTED_EDGE('',*,*,#2640,.F.);
#3566=ORIENTED_EDGE('',*,*,#2641,.F.);
#3567=ORIENTED_EDGE('',*,*,#2640,.T.);
#3568=ORIENTED_EDGE('',*,*,#2642,.F.);
#3569=ORIENTED_EDGE('',*,*,#2643,.F.);
#3570=ORIENTED_EDGE('',*,*,#2644,.F.);
#3571=ORIENTED_EDGE('',*,*,#2643,.T.);
#3572=ORIENTED_EDGE('',*,*,#2645,.F.);
#3573=ORIENTED_EDGE('',*,*,#2646,.F.);
#3574=ORIENTED_EDGE('',*,*,#2647,.F.);
#3575=ORIENTED_EDGE('',*,*,#2646,.T.);
#3576=ORIENTED_EDGE('',*,*,#2648,.F.);
#3577=ORIENTED_EDGE('',*,*,#2649,.F.);
#3578=ORIENTED_EDGE('',*,*,#2650,.F.);
#3579=ORIENTED_EDGE('',*,*,#2649,.T.);
#3580=ORIENTED_EDGE('',*,*,#2651,.F.);
#3581=ORIENTED_EDGE('',*,*,#2652,.F.);
#3582=ORIENTED_EDGE('',*,*,#2653,.F.);
#3583=ORIENTED_EDGE('',*,*,#2652,.T.);
#3584=ORIENTED_EDGE('',*,*,#2654,.F.);
#3585=ORIENTED_EDGE('',*,*,#2655,.F.);
#3586=ORIENTED_EDGE('',*,*,#2656,.F.);
#3587=ORIENTED_EDGE('',*,*,#2655,.T.);
#3588=ORIENTED_EDGE('',*,*,#2657,.F.);
#3589=ORIENTED_EDGE('',*,*,#2658,.F.);
#3590=ORIENTED_EDGE('',*,*,#2659,.F.);
#3591=ORIENTED_EDGE('',*,*,#2658,.T.);
#3592=ORIENTED_EDGE('',*,*,#2660,.F.);
#3593=ORIENTED_EDGE('',*,*,#2661,.F.);
#3594=ORIENTED_EDGE('',*,*,#2662,.F.);
#3595=ORIENTED_EDGE('',*,*,#2661,.T.);
#3596=ORIENTED_EDGE('',*,*,#2663,.F.);
#3597=ORIENTED_EDGE('',*,*,#2664,.F.);
#3598=ORIENTED_EDGE('',*,*,#2665,.F.);
#3599=ORIENTED_EDGE('',*,*,#2664,.T.);
#3600=ORIENTED_EDGE('',*,*,#2666,.F.);
#3601=ORIENTED_EDGE('',*,*,#2629,.F.);
#3602=ORIENTED_EDGE('',*,*,#2665,.T.);
#3603=ORIENTED_EDGE('',*,*,#2628,.T.);
#3604=ORIENTED_EDGE('',*,*,#2632,.T.);
#3605=ORIENTED_EDGE('',*,*,#2635,.T.);
#3606=ORIENTED_EDGE('',*,*,#2638,.T.);
#3607=ORIENTED_EDGE('',*,*,#2641,.T.);
#3608=ORIENTED_EDGE('',*,*,#2644,.T.);
#3609=ORIENTED_EDGE('',*,*,#2647,.T.);
#3610=ORIENTED_EDGE('',*,*,#2650,.T.);
#3611=ORIENTED_EDGE('',*,*,#2653,.T.);
#3612=ORIENTED_EDGE('',*,*,#2656,.T.);
#3613=ORIENTED_EDGE('',*,*,#2659,.T.);
#3614=ORIENTED_EDGE('',*,*,#2662,.T.);
#3615=ORIENTED_EDGE('',*,*,#2666,.T.);
#3616=ORIENTED_EDGE('',*,*,#2663,.T.);
#3617=ORIENTED_EDGE('',*,*,#2660,.T.);
#3618=ORIENTED_EDGE('',*,*,#2657,.T.);
#3619=ORIENTED_EDGE('',*,*,#2654,.T.);
#3620=ORIENTED_EDGE('',*,*,#2651,.T.);
#3621=ORIENTED_EDGE('',*,*,#2648,.T.);
#3622=ORIENTED_EDGE('',*,*,#2645,.T.);
#3623=ORIENTED_EDGE('',*,*,#2642,.T.);
#3624=ORIENTED_EDGE('',*,*,#2639,.T.);
#3625=ORIENTED_EDGE('',*,*,#2636,.T.);
#3626=ORIENTED_EDGE('',*,*,#2633,.T.);
#3627=ORIENTED_EDGE('',*,*,#2630,.T.);
#3628=ORIENTED_EDGE('',*,*,#2667,.T.);
#3629=ORIENTED_EDGE('',*,*,#2668,.T.);
#3630=ORIENTED_EDGE('',*,*,#2669,.F.);
#3631=ORIENTED_EDGE('',*,*,#2670,.F.);
#3632=ORIENTED_EDGE('',*,*,#2671,.T.);
#3633=ORIENTED_EDGE('',*,*,#2670,.T.);
#3634=ORIENTED_EDGE('',*,*,#2672,.F.);
#3635=ORIENTED_EDGE('',*,*,#2673,.F.);
#3636=ORIENTED_EDGE('',*,*,#2674,.T.);
#3637=ORIENTED_EDGE('',*,*,#2673,.T.);
#3638=ORIENTED_EDGE('',*,*,#2675,.F.);
#3639=ORIENTED_EDGE('',*,*,#2676,.F.);
#3640=ORIENTED_EDGE('',*,*,#2677,.T.);
#3641=ORIENTED_EDGE('',*,*,#2676,.T.);
#3642=ORIENTED_EDGE('',*,*,#2678,.F.);
#3643=ORIENTED_EDGE('',*,*,#2679,.F.);
#3644=ORIENTED_EDGE('',*,*,#2680,.T.);
#3645=ORIENTED_EDGE('',*,*,#2679,.T.);
#3646=ORIENTED_EDGE('',*,*,#2681,.F.);
#3647=ORIENTED_EDGE('',*,*,#2682,.F.);
#3648=ORIENTED_EDGE('',*,*,#2683,.T.);
#3649=ORIENTED_EDGE('',*,*,#2682,.T.);
#3650=ORIENTED_EDGE('',*,*,#2684,.F.);
#3651=ORIENTED_EDGE('',*,*,#2685,.F.);
#3652=ORIENTED_EDGE('',*,*,#2686,.T.);
#3653=ORIENTED_EDGE('',*,*,#2685,.T.);
#3654=ORIENTED_EDGE('',*,*,#2687,.F.);
#3655=ORIENTED_EDGE('',*,*,#2688,.F.);
#3656=ORIENTED_EDGE('',*,*,#2689,.T.);
#3657=ORIENTED_EDGE('',*,*,#2688,.T.);
#3658=ORIENTED_EDGE('',*,*,#2690,.F.);
#3659=ORIENTED_EDGE('',*,*,#2691,.F.);
#3660=ORIENTED_EDGE('',*,*,#2692,.T.);
#3661=ORIENTED_EDGE('',*,*,#2691,.T.);
#3662=ORIENTED_EDGE('',*,*,#2693,.F.);
#3663=ORIENTED_EDGE('',*,*,#2694,.F.);
#3664=ORIENTED_EDGE('',*,*,#2695,.T.);
#3665=ORIENTED_EDGE('',*,*,#2694,.T.);
#3666=ORIENTED_EDGE('',*,*,#2696,.F.);
#3667=ORIENTED_EDGE('',*,*,#2697,.F.);
#3668=ORIENTED_EDGE('',*,*,#2698,.T.);
#3669=ORIENTED_EDGE('',*,*,#2697,.T.);
#3670=ORIENTED_EDGE('',*,*,#2699,.F.);
#3671=ORIENTED_EDGE('',*,*,#2700,.F.);
#3672=ORIENTED_EDGE('',*,*,#2701,.T.);
#3673=ORIENTED_EDGE('',*,*,#2700,.T.);
#3674=ORIENTED_EDGE('',*,*,#2702,.F.);
#3675=ORIENTED_EDGE('',*,*,#2703,.F.);
#3676=ORIENTED_EDGE('',*,*,#2704,.T.);
#3677=ORIENTED_EDGE('',*,*,#2703,.T.);
#3678=ORIENTED_EDGE('',*,*,#2705,.F.);
#3679=ORIENTED_EDGE('',*,*,#2706,.F.);
#3680=ORIENTED_EDGE('',*,*,#2707,.T.);
#3681=ORIENTED_EDGE('',*,*,#2706,.T.);
#3682=ORIENTED_EDGE('',*,*,#2708,.F.);
#3683=ORIENTED_EDGE('',*,*,#2709,.F.);
#3684=ORIENTED_EDGE('',*,*,#2710,.T.);
#3685=ORIENTED_EDGE('',*,*,#2709,.T.);
#3686=ORIENTED_EDGE('',*,*,#2711,.F.);
#3687=ORIENTED_EDGE('',*,*,#2712,.F.);
#3688=ORIENTED_EDGE('',*,*,#2713,.T.);
#3689=ORIENTED_EDGE('',*,*,#2712,.T.);
#3690=ORIENTED_EDGE('',*,*,#2714,.F.);
#3691=ORIENTED_EDGE('',*,*,#2715,.F.);
#3692=ORIENTED_EDGE('',*,*,#2716,.T.);
#3693=ORIENTED_EDGE('',*,*,#2715,.T.);
#3694=ORIENTED_EDGE('',*,*,#2717,.F.);
#3695=ORIENTED_EDGE('',*,*,#2718,.F.);
#3696=ORIENTED_EDGE('',*,*,#2719,.T.);
#3697=ORIENTED_EDGE('',*,*,#2718,.T.);
#3698=ORIENTED_EDGE('',*,*,#2720,.F.);
#3699=ORIENTED_EDGE('',*,*,#2721,.F.);
#3700=ORIENTED_EDGE('',*,*,#2722,.T.);
#3701=ORIENTED_EDGE('',*,*,#2721,.T.);
#3702=ORIENTED_EDGE('',*,*,#2723,.F.);
#3703=ORIENTED_EDGE('',*,*,#2668,.F.);
#3704=ORIENTED_EDGE('',*,*,#2723,.T.);
#3705=ORIENTED_EDGE('',*,*,#2720,.T.);
#3706=ORIENTED_EDGE('',*,*,#2717,.T.);
#3707=ORIENTED_EDGE('',*,*,#2714,.T.);
#3708=ORIENTED_EDGE('',*,*,#2711,.T.);
#3709=ORIENTED_EDGE('',*,*,#2708,.T.);
#3710=ORIENTED_EDGE('',*,*,#2705,.T.);
#3711=ORIENTED_EDGE('',*,*,#2702,.T.);
#3712=ORIENTED_EDGE('',*,*,#2699,.T.);
#3713=ORIENTED_EDGE('',*,*,#2696,.T.);
#3714=ORIENTED_EDGE('',*,*,#2693,.T.);
#3715=ORIENTED_EDGE('',*,*,#2690,.T.);
#3716=ORIENTED_EDGE('',*,*,#2687,.T.);
#3717=ORIENTED_EDGE('',*,*,#2684,.T.);
#3718=ORIENTED_EDGE('',*,*,#2681,.T.);
#3719=ORIENTED_EDGE('',*,*,#2678,.T.);
#3720=ORIENTED_EDGE('',*,*,#2675,.T.);
#3721=ORIENTED_EDGE('',*,*,#2672,.T.);
#3722=ORIENTED_EDGE('',*,*,#2669,.T.);
#3723=ORIENTED_EDGE('',*,*,#2722,.F.);
#3724=ORIENTED_EDGE('',*,*,#2667,.F.);
#3725=ORIENTED_EDGE('',*,*,#2671,.F.);
#3726=ORIENTED_EDGE('',*,*,#2674,.F.);
#3727=ORIENTED_EDGE('',*,*,#2677,.F.);
#3728=ORIENTED_EDGE('',*,*,#2680,.F.);
#3729=ORIENTED_EDGE('',*,*,#2683,.F.);
#3730=ORIENTED_EDGE('',*,*,#2686,.F.);
#3731=ORIENTED_EDGE('',*,*,#2689,.F.);
#3732=ORIENTED_EDGE('',*,*,#2692,.F.);
#3733=ORIENTED_EDGE('',*,*,#2695,.F.);
#3734=ORIENTED_EDGE('',*,*,#2698,.F.);
#3735=ORIENTED_EDGE('',*,*,#2701,.F.);
#3736=ORIENTED_EDGE('',*,*,#2704,.F.);
#3737=ORIENTED_EDGE('',*,*,#2707,.F.);
#3738=ORIENTED_EDGE('',*,*,#2710,.F.);
#3739=ORIENTED_EDGE('',*,*,#2713,.F.);
#3740=ORIENTED_EDGE('',*,*,#2716,.F.);
#3741=ORIENTED_EDGE('',*,*,#2719,.F.);
#3742=ORIENTED_EDGE('',*,*,#2724,.F.);
#3743=ORIENTED_EDGE('',*,*,#2725,.F.);
#3744=ORIENTED_EDGE('',*,*,#2725,.T.);
#3745=ORIENTED_EDGE('',*,*,#2724,.T.);
#3746=ORIENTED_EDGE('',*,*,#2726,.F.);
#3747=ORIENTED_EDGE('',*,*,#2727,.F.);
#3748=ORIENTED_EDGE('',*,*,#2727,.T.);
#3749=ORIENTED_EDGE('',*,*,#2726,.T.);
#3750=ORIENTED_EDGE('',*,*,#2728,.T.);
#3751=ORIENTED_EDGE('',*,*,#2729,.T.);
#3752=ORIENTED_EDGE('',*,*,#2730,.F.);
#3753=ORIENTED_EDGE('',*,*,#2731,.F.);
#3754=ORIENTED_EDGE('',*,*,#2732,.T.);
#3755=ORIENTED_EDGE('',*,*,#2731,.T.);
#3756=ORIENTED_EDGE('',*,*,#2733,.F.);
#3757=ORIENTED_EDGE('',*,*,#2734,.F.);
#3758=ORIENTED_EDGE('',*,*,#2735,.T.);
#3759=ORIENTED_EDGE('',*,*,#2734,.T.);
#3760=ORIENTED_EDGE('',*,*,#2736,.F.);
#3761=ORIENTED_EDGE('',*,*,#2737,.F.);
#3762=ORIENTED_EDGE('',*,*,#2738,.T.);
#3763=ORIENTED_EDGE('',*,*,#2737,.T.);
#3764=ORIENTED_EDGE('',*,*,#2739,.F.);
#3765=ORIENTED_EDGE('',*,*,#2729,.F.);
#3766=ORIENTED_EDGE('',*,*,#2739,.T.);
#3767=ORIENTED_EDGE('',*,*,#2736,.T.);
#3768=ORIENTED_EDGE('',*,*,#2733,.T.);
#3769=ORIENTED_EDGE('',*,*,#2730,.T.);
#3770=ORIENTED_EDGE('',*,*,#2738,.F.);
#3771=ORIENTED_EDGE('',*,*,#2728,.F.);
#3772=ORIENTED_EDGE('',*,*,#2732,.F.);
#3773=ORIENTED_EDGE('',*,*,#2735,.F.);
#3774=ORIENTED_EDGE('',*,*,#2740,.F.);
#3775=ORIENTED_EDGE('',*,*,#2741,.T.);
#3776=ORIENTED_EDGE('',*,*,#2742,.F.);
#3777=ORIENTED_EDGE('',*,*,#2743,.F.);
#3778=ORIENTED_EDGE('',*,*,#2744,.F.);
#3779=ORIENTED_EDGE('',*,*,#2743,.T.);
#3780=ORIENTED_EDGE('',*,*,#2745,.F.);
#3781=ORIENTED_EDGE('',*,*,#2746,.F.);
#3782=ORIENTED_EDGE('',*,*,#2747,.F.);
#3783=ORIENTED_EDGE('',*,*,#2746,.T.);
#3784=ORIENTED_EDGE('',*,*,#2748,.F.);
#3785=ORIENTED_EDGE('',*,*,#2749,.F.);
#3786=ORIENTED_EDGE('',*,*,#2750,.F.);
#3787=ORIENTED_EDGE('',*,*,#2749,.T.);
#3788=ORIENTED_EDGE('',*,*,#2751,.F.);
#3789=ORIENTED_EDGE('',*,*,#2741,.F.);
#3790=ORIENTED_EDGE('',*,*,#2750,.T.);
#3791=ORIENTED_EDGE('',*,*,#2740,.T.);
#3792=ORIENTED_EDGE('',*,*,#2744,.T.);
#3793=ORIENTED_EDGE('',*,*,#2747,.T.);
#3794=ORIENTED_EDGE('',*,*,#2751,.T.);
#3795=ORIENTED_EDGE('',*,*,#2748,.T.);
#3796=ORIENTED_EDGE('',*,*,#2745,.T.);
#3797=ORIENTED_EDGE('',*,*,#2742,.T.);
#3798=ORIENTED_EDGE('',*,*,#2752,.F.);
#3799=ORIENTED_EDGE('',*,*,#2753,.T.);
#3800=ORIENTED_EDGE('',*,*,#2754,.F.);
#3801=ORIENTED_EDGE('',*,*,#2755,.F.);
#3802=ORIENTED_EDGE('',*,*,#2756,.F.);
#3803=ORIENTED_EDGE('',*,*,#2755,.T.);
#3804=ORIENTED_EDGE('',*,*,#2757,.F.);
#3805=ORIENTED_EDGE('',*,*,#2758,.F.);
#3806=ORIENTED_EDGE('',*,*,#2759,.F.);
#3807=ORIENTED_EDGE('',*,*,#2758,.T.);
#3808=ORIENTED_EDGE('',*,*,#2760,.F.);
#3809=ORIENTED_EDGE('',*,*,#2761,.F.);
#3810=ORIENTED_EDGE('',*,*,#2762,.F.);
#3811=ORIENTED_EDGE('',*,*,#2761,.T.);
#3812=ORIENTED_EDGE('',*,*,#2763,.F.);
#3813=ORIENTED_EDGE('',*,*,#2753,.F.);
#3814=ORIENTED_EDGE('',*,*,#2762,.T.);
#3815=ORIENTED_EDGE('',*,*,#2752,.T.);
#3816=ORIENTED_EDGE('',*,*,#2756,.T.);
#3817=ORIENTED_EDGE('',*,*,#2759,.T.);
#3818=ORIENTED_EDGE('',*,*,#2763,.T.);
#3819=ORIENTED_EDGE('',*,*,#2760,.T.);
#3820=ORIENTED_EDGE('',*,*,#2757,.T.);
#3821=ORIENTED_EDGE('',*,*,#2754,.T.);
#3822=ORIENTED_EDGE('',*,*,#2764,.F.);
#3823=ORIENTED_EDGE('',*,*,#2765,.T.);
#3824=ORIENTED_EDGE('',*,*,#2766,.F.);
#3825=ORIENTED_EDGE('',*,*,#2767,.F.);
#3826=ORIENTED_EDGE('',*,*,#2768,.F.);
#3827=ORIENTED_EDGE('',*,*,#2767,.T.);
#3828=ORIENTED_EDGE('',*,*,#2769,.F.);
#3829=ORIENTED_EDGE('',*,*,#2770,.F.);
#3830=ORIENTED_EDGE('',*,*,#2771,.F.);
#3831=ORIENTED_EDGE('',*,*,#2770,.T.);
#3832=ORIENTED_EDGE('',*,*,#2772,.F.);
#3833=ORIENTED_EDGE('',*,*,#2773,.F.);
#3834=ORIENTED_EDGE('',*,*,#2774,.F.);
#3835=ORIENTED_EDGE('',*,*,#2773,.T.);
#3836=ORIENTED_EDGE('',*,*,#2775,.F.);
#3837=ORIENTED_EDGE('',*,*,#2776,.F.);
#3838=ORIENTED_EDGE('',*,*,#2777,.F.);
#3839=ORIENTED_EDGE('',*,*,#2776,.T.);
#3840=ORIENTED_EDGE('',*,*,#2778,.F.);
#3841=ORIENTED_EDGE('',*,*,#2779,.F.);
#3842=ORIENTED_EDGE('',*,*,#2780,.F.);
#3843=ORIENTED_EDGE('',*,*,#2779,.T.);
#3844=ORIENTED_EDGE('',*,*,#2781,.F.);
#3845=ORIENTED_EDGE('',*,*,#2782,.F.);
#3846=ORIENTED_EDGE('',*,*,#2783,.F.);
#3847=ORIENTED_EDGE('',*,*,#2782,.T.);
#3848=ORIENTED_EDGE('',*,*,#2784,.F.);
#3849=ORIENTED_EDGE('',*,*,#2785,.F.);
#3850=ORIENTED_EDGE('',*,*,#2786,.F.);
#3851=ORIENTED_EDGE('',*,*,#2785,.T.);
#3852=ORIENTED_EDGE('',*,*,#2787,.F.);
#3853=ORIENTED_EDGE('',*,*,#2788,.F.);
#3854=ORIENTED_EDGE('',*,*,#2789,.F.);
#3855=ORIENTED_EDGE('',*,*,#2788,.T.);
#3856=ORIENTED_EDGE('',*,*,#2790,.F.);
#3857=ORIENTED_EDGE('',*,*,#2791,.F.);
#3858=ORIENTED_EDGE('',*,*,#2792,.F.);
#3859=ORIENTED_EDGE('',*,*,#2791,.T.);
#3860=ORIENTED_EDGE('',*,*,#2793,.F.);
#3861=ORIENTED_EDGE('',*,*,#2794,.F.);
#3862=ORIENTED_EDGE('',*,*,#2795,.F.);
#3863=ORIENTED_EDGE('',*,*,#2794,.T.);
#3864=ORIENTED_EDGE('',*,*,#2796,.F.);
#3865=ORIENTED_EDGE('',*,*,#2797,.F.);
#3866=ORIENTED_EDGE('',*,*,#2798,.F.);
#3867=ORIENTED_EDGE('',*,*,#2797,.T.);
#3868=ORIENTED_EDGE('',*,*,#2799,.F.);
#3869=ORIENTED_EDGE('',*,*,#2800,.F.);
#3870=ORIENTED_EDGE('',*,*,#2801,.F.);
#3871=ORIENTED_EDGE('',*,*,#2800,.T.);
#3872=ORIENTED_EDGE('',*,*,#2802,.F.);
#3873=ORIENTED_EDGE('',*,*,#2765,.F.);
#3874=ORIENTED_EDGE('',*,*,#2801,.T.);
#3875=ORIENTED_EDGE('',*,*,#2764,.T.);
#3876=ORIENTED_EDGE('',*,*,#2768,.T.);
#3877=ORIENTED_EDGE('',*,*,#2771,.T.);
#3878=ORIENTED_EDGE('',*,*,#2774,.T.);
#3879=ORIENTED_EDGE('',*,*,#2777,.T.);
#3880=ORIENTED_EDGE('',*,*,#2780,.T.);
#3881=ORIENTED_EDGE('',*,*,#2783,.T.);
#3882=ORIENTED_EDGE('',*,*,#2786,.T.);
#3883=ORIENTED_EDGE('',*,*,#2789,.T.);
#3884=ORIENTED_EDGE('',*,*,#2792,.T.);
#3885=ORIENTED_EDGE('',*,*,#2795,.T.);
#3886=ORIENTED_EDGE('',*,*,#2798,.T.);
#3887=ORIENTED_EDGE('',*,*,#2802,.T.);
#3888=ORIENTED_EDGE('',*,*,#2799,.T.);
#3889=ORIENTED_EDGE('',*,*,#2796,.T.);
#3890=ORIENTED_EDGE('',*,*,#2793,.T.);
#3891=ORIENTED_EDGE('',*,*,#2790,.T.);
#3892=ORIENTED_EDGE('',*,*,#2787,.T.);
#3893=ORIENTED_EDGE('',*,*,#2784,.T.);
#3894=ORIENTED_EDGE('',*,*,#2781,.T.);
#3895=ORIENTED_EDGE('',*,*,#2778,.T.);
#3896=ORIENTED_EDGE('',*,*,#2775,.T.);
#3897=ORIENTED_EDGE('',*,*,#2772,.T.);
#3898=ORIENTED_EDGE('',*,*,#2769,.T.);
#3899=ORIENTED_EDGE('',*,*,#2766,.T.);
#3900=ORIENTED_EDGE('',*,*,#2803,.F.);
#3901=ORIENTED_EDGE('',*,*,#2804,.T.);
#3902=ORIENTED_EDGE('',*,*,#2805,.F.);
#3903=ORIENTED_EDGE('',*,*,#2806,.F.);
#3904=ORIENTED_EDGE('',*,*,#2807,.F.);
#3905=ORIENTED_EDGE('',*,*,#2808,.T.);
#3906=ORIENTED_EDGE('',*,*,#2809,.F.);
#3907=ORIENTED_EDGE('',*,*,#2804,.F.);
#3908=ORIENTED_EDGE('',*,*,#2810,.F.);
#3909=ORIENTED_EDGE('',*,*,#2811,.T.);
#3910=ORIENTED_EDGE('',*,*,#2812,.F.);
#3911=ORIENTED_EDGE('',*,*,#2808,.F.);
#3912=ORIENTED_EDGE('',*,*,#2813,.F.);
#3913=ORIENTED_EDGE('',*,*,#2814,.T.);
#3914=ORIENTED_EDGE('',*,*,#2815,.F.);
#3915=ORIENTED_EDGE('',*,*,#2811,.F.);
#3916=ORIENTED_EDGE('',*,*,#2816,.F.);
#3917=ORIENTED_EDGE('',*,*,#2817,.T.);
#3918=ORIENTED_EDGE('',*,*,#2818,.F.);
#3919=ORIENTED_EDGE('',*,*,#2814,.F.);
#3920=ORIENTED_EDGE('',*,*,#2819,.F.);
#3921=ORIENTED_EDGE('',*,*,#2820,.T.);
#3922=ORIENTED_EDGE('',*,*,#2821,.F.);
#3923=ORIENTED_EDGE('',*,*,#2817,.F.);
#3924=ORIENTED_EDGE('',*,*,#2822,.F.);
#3925=ORIENTED_EDGE('',*,*,#2823,.T.);
#3926=ORIENTED_EDGE('',*,*,#2824,.F.);
#3927=ORIENTED_EDGE('',*,*,#2820,.F.);
#3928=ORIENTED_EDGE('',*,*,#2825,.F.);
#3929=ORIENTED_EDGE('',*,*,#2826,.T.);
#3930=ORIENTED_EDGE('',*,*,#2827,.F.);
#3931=ORIENTED_EDGE('',*,*,#2823,.F.);
#3932=ORIENTED_EDGE('',*,*,#2828,.F.);
#3933=ORIENTED_EDGE('',*,*,#2806,.T.);
#3934=ORIENTED_EDGE('',*,*,#2829,.F.);
#3935=ORIENTED_EDGE('',*,*,#2826,.F.);
#3936=ORIENTED_EDGE('',*,*,#2830,.T.);
#3937=ORIENTED_EDGE('',*,*,#2831,.T.);
#3938=ORIENTED_EDGE('',*,*,#2832,.F.);
#3939=ORIENTED_EDGE('',*,*,#2833,.F.);
#3940=ORIENTED_EDGE('',*,*,#2834,.T.);
#3941=ORIENTED_EDGE('',*,*,#2833,.T.);
#3942=ORIENTED_EDGE('',*,*,#2835,.F.);
#3943=ORIENTED_EDGE('',*,*,#2836,.F.);
#3944=ORIENTED_EDGE('',*,*,#2837,.T.);
#3945=ORIENTED_EDGE('',*,*,#2836,.T.);
#3946=ORIENTED_EDGE('',*,*,#2838,.F.);
#3947=ORIENTED_EDGE('',*,*,#2839,.F.);
#3948=ORIENTED_EDGE('',*,*,#2840,.T.);
#3949=ORIENTED_EDGE('',*,*,#2839,.T.);
#3950=ORIENTED_EDGE('',*,*,#2841,.F.);
#3951=ORIENTED_EDGE('',*,*,#2842,.F.);
#3952=ORIENTED_EDGE('',*,*,#2843,.T.);
#3953=ORIENTED_EDGE('',*,*,#2842,.T.);
#3954=ORIENTED_EDGE('',*,*,#2844,.F.);
#3955=ORIENTED_EDGE('',*,*,#2845,.F.);
#3956=ORIENTED_EDGE('',*,*,#2846,.T.);
#3957=ORIENTED_EDGE('',*,*,#2845,.T.);
#3958=ORIENTED_EDGE('',*,*,#2847,.F.);
#3959=ORIENTED_EDGE('',*,*,#2848,.F.);
#3960=ORIENTED_EDGE('',*,*,#2849,.T.);
#3961=ORIENTED_EDGE('',*,*,#2848,.T.);
#3962=ORIENTED_EDGE('',*,*,#2850,.F.);
#3963=ORIENTED_EDGE('',*,*,#2851,.F.);
#3964=ORIENTED_EDGE('',*,*,#2852,.T.);
#3965=ORIENTED_EDGE('',*,*,#2851,.T.);
#3966=ORIENTED_EDGE('',*,*,#2853,.F.);
#3967=ORIENTED_EDGE('',*,*,#2854,.F.);
#3968=ORIENTED_EDGE('',*,*,#2855,.T.);
#3969=ORIENTED_EDGE('',*,*,#2854,.T.);
#3970=ORIENTED_EDGE('',*,*,#2856,.F.);
#3971=ORIENTED_EDGE('',*,*,#2857,.F.);
#3972=ORIENTED_EDGE('',*,*,#2858,.T.);
#3973=ORIENTED_EDGE('',*,*,#2857,.T.);
#3974=ORIENTED_EDGE('',*,*,#2859,.F.);
#3975=ORIENTED_EDGE('',*,*,#2860,.F.);
#3976=ORIENTED_EDGE('',*,*,#2861,.T.);
#3977=ORIENTED_EDGE('',*,*,#2860,.T.);
#3978=ORIENTED_EDGE('',*,*,#2862,.F.);
#3979=ORIENTED_EDGE('',*,*,#2863,.F.);
#3980=ORIENTED_EDGE('',*,*,#2864,.T.);
#3981=ORIENTED_EDGE('',*,*,#2863,.T.);
#3982=ORIENTED_EDGE('',*,*,#2865,.F.);
#3983=ORIENTED_EDGE('',*,*,#2866,.F.);
#3984=ORIENTED_EDGE('',*,*,#2867,.T.);
#3985=ORIENTED_EDGE('',*,*,#2866,.T.);
#3986=ORIENTED_EDGE('',*,*,#2868,.F.);
#3987=ORIENTED_EDGE('',*,*,#2869,.F.);
#3988=ORIENTED_EDGE('',*,*,#2870,.T.);
#3989=ORIENTED_EDGE('',*,*,#2869,.T.);
#3990=ORIENTED_EDGE('',*,*,#2871,.F.);
#3991=ORIENTED_EDGE('',*,*,#2872,.F.);
#3992=ORIENTED_EDGE('',*,*,#2873,.T.);
#3993=ORIENTED_EDGE('',*,*,#2872,.T.);
#3994=ORIENTED_EDGE('',*,*,#2874,.F.);
#3995=ORIENTED_EDGE('',*,*,#2875,.F.);
#3996=ORIENTED_EDGE('',*,*,#2876,.T.);
#3997=ORIENTED_EDGE('',*,*,#2875,.T.);
#3998=ORIENTED_EDGE('',*,*,#2877,.F.);
#3999=ORIENTED_EDGE('',*,*,#2878,.F.);
#4000=ORIENTED_EDGE('',*,*,#2879,.T.);
#4001=ORIENTED_EDGE('',*,*,#2878,.T.);
#4002=ORIENTED_EDGE('',*,*,#2880,.F.);
#4003=ORIENTED_EDGE('',*,*,#2881,.F.);
#4004=ORIENTED_EDGE('',*,*,#2882,.T.);
#4005=ORIENTED_EDGE('',*,*,#2881,.T.);
#4006=ORIENTED_EDGE('',*,*,#2883,.F.);
#4007=ORIENTED_EDGE('',*,*,#2884,.F.);
#4008=ORIENTED_EDGE('',*,*,#2885,.T.);
#4009=ORIENTED_EDGE('',*,*,#2884,.T.);
#4010=ORIENTED_EDGE('',*,*,#2886,.F.);
#4011=ORIENTED_EDGE('',*,*,#2887,.F.);
#4012=ORIENTED_EDGE('',*,*,#2888,.T.);
#4013=ORIENTED_EDGE('',*,*,#2887,.T.);
#4014=ORIENTED_EDGE('',*,*,#2889,.F.);
#4015=ORIENTED_EDGE('',*,*,#2890,.F.);
#4016=ORIENTED_EDGE('',*,*,#2891,.T.);
#4017=ORIENTED_EDGE('',*,*,#2890,.T.);
#4018=ORIENTED_EDGE('',*,*,#2892,.F.);
#4019=ORIENTED_EDGE('',*,*,#2893,.F.);
#4020=ORIENTED_EDGE('',*,*,#2894,.T.);
#4021=ORIENTED_EDGE('',*,*,#2893,.T.);
#4022=ORIENTED_EDGE('',*,*,#2895,.F.);
#4023=ORIENTED_EDGE('',*,*,#2896,.F.);
#4024=ORIENTED_EDGE('',*,*,#2897,.T.);
#4025=ORIENTED_EDGE('',*,*,#2896,.T.);
#4026=ORIENTED_EDGE('',*,*,#2898,.F.);
#4027=ORIENTED_EDGE('',*,*,#2899,.F.);
#4028=ORIENTED_EDGE('',*,*,#2900,.T.);
#4029=ORIENTED_EDGE('',*,*,#2899,.T.);
#4030=ORIENTED_EDGE('',*,*,#2901,.F.);
#4031=ORIENTED_EDGE('',*,*,#2902,.F.);
#4032=ORIENTED_EDGE('',*,*,#2903,.T.);
#4033=ORIENTED_EDGE('',*,*,#2902,.T.);
#4034=ORIENTED_EDGE('',*,*,#2904,.F.);
#4035=ORIENTED_EDGE('',*,*,#2905,.F.);
#4036=ORIENTED_EDGE('',*,*,#2906,.T.);
#4037=ORIENTED_EDGE('',*,*,#2905,.T.);
#4038=ORIENTED_EDGE('',*,*,#2907,.F.);
#4039=ORIENTED_EDGE('',*,*,#2908,.F.);
#4040=ORIENTED_EDGE('',*,*,#2909,.T.);
#4041=ORIENTED_EDGE('',*,*,#2908,.T.);
#4042=ORIENTED_EDGE('',*,*,#2910,.F.);
#4043=ORIENTED_EDGE('',*,*,#2911,.F.);
#4044=ORIENTED_EDGE('',*,*,#2912,.T.);
#4045=ORIENTED_EDGE('',*,*,#2911,.T.);
#4046=ORIENTED_EDGE('',*,*,#2913,.F.);
#4047=ORIENTED_EDGE('',*,*,#2914,.F.);
#4048=ORIENTED_EDGE('',*,*,#2915,.T.);
#4049=ORIENTED_EDGE('',*,*,#2914,.T.);
#4050=ORIENTED_EDGE('',*,*,#2916,.F.);
#4051=ORIENTED_EDGE('',*,*,#2917,.F.);
#4052=ORIENTED_EDGE('',*,*,#2918,.T.);
#4053=ORIENTED_EDGE('',*,*,#2917,.T.);
#4054=ORIENTED_EDGE('',*,*,#2919,.F.);
#4055=ORIENTED_EDGE('',*,*,#2920,.F.);
#4056=ORIENTED_EDGE('',*,*,#2921,.T.);
#4057=ORIENTED_EDGE('',*,*,#2920,.T.);
#4058=ORIENTED_EDGE('',*,*,#2922,.F.);
#4059=ORIENTED_EDGE('',*,*,#2923,.F.);
#4060=ORIENTED_EDGE('',*,*,#2924,.T.);
#4061=ORIENTED_EDGE('',*,*,#2923,.T.);
#4062=ORIENTED_EDGE('',*,*,#2925,.F.);
#4063=ORIENTED_EDGE('',*,*,#2926,.F.);
#4064=ORIENTED_EDGE('',*,*,#2927,.T.);
#4065=ORIENTED_EDGE('',*,*,#2926,.T.);
#4066=ORIENTED_EDGE('',*,*,#2928,.F.);
#4067=ORIENTED_EDGE('',*,*,#2929,.F.);
#4068=ORIENTED_EDGE('',*,*,#2930,.T.);
#4069=ORIENTED_EDGE('',*,*,#2929,.T.);
#4070=ORIENTED_EDGE('',*,*,#2931,.F.);
#4071=ORIENTED_EDGE('',*,*,#2932,.F.);
#4072=ORIENTED_EDGE('',*,*,#2933,.T.);
#4073=ORIENTED_EDGE('',*,*,#2932,.T.);
#4074=ORIENTED_EDGE('',*,*,#2934,.F.);
#4075=ORIENTED_EDGE('',*,*,#2935,.F.);
#4076=ORIENTED_EDGE('',*,*,#2936,.T.);
#4077=ORIENTED_EDGE('',*,*,#2935,.T.);
#4078=ORIENTED_EDGE('',*,*,#2937,.F.);
#4079=ORIENTED_EDGE('',*,*,#2831,.F.);
#4080=ORIENTED_EDGE('',*,*,#2937,.T.);
#4081=ORIENTED_EDGE('',*,*,#2934,.T.);
#4082=ORIENTED_EDGE('',*,*,#2931,.T.);
#4083=ORIENTED_EDGE('',*,*,#2928,.T.);
#4084=ORIENTED_EDGE('',*,*,#2925,.T.);
#4085=ORIENTED_EDGE('',*,*,#2922,.T.);
#4086=ORIENTED_EDGE('',*,*,#2919,.T.);
#4087=ORIENTED_EDGE('',*,*,#2916,.T.);
#4088=ORIENTED_EDGE('',*,*,#2913,.T.);
#4089=ORIENTED_EDGE('',*,*,#2910,.T.);
#4090=ORIENTED_EDGE('',*,*,#2907,.T.);
#4091=ORIENTED_EDGE('',*,*,#2904,.T.);
#4092=ORIENTED_EDGE('',*,*,#2901,.T.);
#4093=ORIENTED_EDGE('',*,*,#2898,.T.);
#4094=ORIENTED_EDGE('',*,*,#2895,.T.);
#4095=ORIENTED_EDGE('',*,*,#2892,.T.);
#4096=ORIENTED_EDGE('',*,*,#2889,.T.);
#4097=ORIENTED_EDGE('',*,*,#2886,.T.);
#4098=ORIENTED_EDGE('',*,*,#2883,.T.);
#4099=ORIENTED_EDGE('',*,*,#2880,.T.);
#4100=ORIENTED_EDGE('',*,*,#2877,.T.);
#4101=ORIENTED_EDGE('',*,*,#2874,.T.);
#4102=ORIENTED_EDGE('',*,*,#2871,.T.);
#4103=ORIENTED_EDGE('',*,*,#2868,.T.);
#4104=ORIENTED_EDGE('',*,*,#2865,.T.);
#4105=ORIENTED_EDGE('',*,*,#2862,.T.);
#4106=ORIENTED_EDGE('',*,*,#2859,.T.);
#4107=ORIENTED_EDGE('',*,*,#2856,.T.);
#4108=ORIENTED_EDGE('',*,*,#2853,.T.);
#4109=ORIENTED_EDGE('',*,*,#2850,.T.);
#4110=ORIENTED_EDGE('',*,*,#2847,.T.);
#4111=ORIENTED_EDGE('',*,*,#2844,.T.);
#4112=ORIENTED_EDGE('',*,*,#2841,.T.);
#4113=ORIENTED_EDGE('',*,*,#2838,.T.);
#4114=ORIENTED_EDGE('',*,*,#2835,.T.);
#4115=ORIENTED_EDGE('',*,*,#2832,.T.);
#4116=ORIENTED_EDGE('',*,*,#2805,.T.);
#4117=ORIENTED_EDGE('',*,*,#2809,.T.);
#4118=ORIENTED_EDGE('',*,*,#2812,.T.);
#4119=ORIENTED_EDGE('',*,*,#2815,.T.);
#4120=ORIENTED_EDGE('',*,*,#2818,.T.);
#4121=ORIENTED_EDGE('',*,*,#2821,.T.);
#4122=ORIENTED_EDGE('',*,*,#2824,.T.);
#4123=ORIENTED_EDGE('',*,*,#2827,.T.);
#4124=ORIENTED_EDGE('',*,*,#2829,.T.);
#4125=ORIENTED_EDGE('',*,*,#2936,.F.);
#4126=ORIENTED_EDGE('',*,*,#2830,.F.);
#4127=ORIENTED_EDGE('',*,*,#2834,.F.);
#4128=ORIENTED_EDGE('',*,*,#2837,.F.);
#4129=ORIENTED_EDGE('',*,*,#2840,.F.);
#4130=ORIENTED_EDGE('',*,*,#2843,.F.);
#4131=ORIENTED_EDGE('',*,*,#2846,.F.);
#4132=ORIENTED_EDGE('',*,*,#2849,.F.);
#4133=ORIENTED_EDGE('',*,*,#2852,.F.);
#4134=ORIENTED_EDGE('',*,*,#2855,.F.);
#4135=ORIENTED_EDGE('',*,*,#2858,.F.);
#4136=ORIENTED_EDGE('',*,*,#2861,.F.);
#4137=ORIENTED_EDGE('',*,*,#2864,.F.);
#4138=ORIENTED_EDGE('',*,*,#2867,.F.);
#4139=ORIENTED_EDGE('',*,*,#2870,.F.);
#4140=ORIENTED_EDGE('',*,*,#2873,.F.);
#4141=ORIENTED_EDGE('',*,*,#2876,.F.);
#4142=ORIENTED_EDGE('',*,*,#2879,.F.);
#4143=ORIENTED_EDGE('',*,*,#2882,.F.);
#4144=ORIENTED_EDGE('',*,*,#2885,.F.);
#4145=ORIENTED_EDGE('',*,*,#2888,.F.);
#4146=ORIENTED_EDGE('',*,*,#2891,.F.);
#4147=ORIENTED_EDGE('',*,*,#2894,.F.);
#4148=ORIENTED_EDGE('',*,*,#2897,.F.);
#4149=ORIENTED_EDGE('',*,*,#2900,.F.);
#4150=ORIENTED_EDGE('',*,*,#2903,.F.);
#4151=ORIENTED_EDGE('',*,*,#2906,.F.);
#4152=ORIENTED_EDGE('',*,*,#2909,.F.);
#4153=ORIENTED_EDGE('',*,*,#2912,.F.);
#4154=ORIENTED_EDGE('',*,*,#2915,.F.);
#4155=ORIENTED_EDGE('',*,*,#2918,.F.);
#4156=ORIENTED_EDGE('',*,*,#2921,.F.);
#4157=ORIENTED_EDGE('',*,*,#2924,.F.);
#4158=ORIENTED_EDGE('',*,*,#2927,.F.);
#4159=ORIENTED_EDGE('',*,*,#2930,.F.);
#4160=ORIENTED_EDGE('',*,*,#2933,.F.);
#4161=ORIENTED_EDGE('',*,*,#2803,.T.);
#4162=ORIENTED_EDGE('',*,*,#2828,.T.);
#4163=ORIENTED_EDGE('',*,*,#2825,.T.);
#4164=ORIENTED_EDGE('',*,*,#2822,.T.);
#4165=ORIENTED_EDGE('',*,*,#2819,.T.);
#4166=ORIENTED_EDGE('',*,*,#2816,.T.);
#4167=ORIENTED_EDGE('',*,*,#2813,.T.);
#4168=ORIENTED_EDGE('',*,*,#2810,.T.);
#4169=ORIENTED_EDGE('',*,*,#2807,.T.);
#4170=ORIENTED_EDGE('',*,*,#2938,.F.);
#4171=ORIENTED_EDGE('',*,*,#2939,.T.);
#4172=ORIENTED_EDGE('',*,*,#2940,.F.);
#4173=ORIENTED_EDGE('',*,*,#2941,.F.);
#4174=ORIENTED_EDGE('',*,*,#2942,.F.);
#4175=ORIENTED_EDGE('',*,*,#2943,.T.);
#4176=ORIENTED_EDGE('',*,*,#2944,.F.);
#4177=ORIENTED_EDGE('',*,*,#2939,.F.);
#4178=ORIENTED_EDGE('',*,*,#2945,.F.);
#4179=ORIENTED_EDGE('',*,*,#2946,.T.);
#4180=ORIENTED_EDGE('',*,*,#2947,.F.);
#4181=ORIENTED_EDGE('',*,*,#2943,.F.);
#4182=ORIENTED_EDGE('',*,*,#2948,.F.);
#4183=ORIENTED_EDGE('',*,*,#2949,.T.);
#4184=ORIENTED_EDGE('',*,*,#2950,.F.);
#4185=ORIENTED_EDGE('',*,*,#2946,.F.);
#4186=ORIENTED_EDGE('',*,*,#2951,.F.);
#4187=ORIENTED_EDGE('',*,*,#2952,.T.);
#4188=ORIENTED_EDGE('',*,*,#2953,.F.);
#4189=ORIENTED_EDGE('',*,*,#2949,.F.);
#4190=ORIENTED_EDGE('',*,*,#2954,.F.);
#4191=ORIENTED_EDGE('',*,*,#2955,.T.);
#4192=ORIENTED_EDGE('',*,*,#2956,.F.);
#4193=ORIENTED_EDGE('',*,*,#2952,.F.);
#4194=ORIENTED_EDGE('',*,*,#2957,.F.);
#4195=ORIENTED_EDGE('',*,*,#2958,.T.);
#4196=ORIENTED_EDGE('',*,*,#2959,.F.);
#4197=ORIENTED_EDGE('',*,*,#2955,.F.);
#4198=ORIENTED_EDGE('',*,*,#2960,.F.);
#4199=ORIENTED_EDGE('',*,*,#2961,.T.);
#4200=ORIENTED_EDGE('',*,*,#2962,.F.);
#4201=ORIENTED_EDGE('',*,*,#2958,.F.);
#4202=ORIENTED_EDGE('',*,*,#2963,.F.);
#4203=ORIENTED_EDGE('',*,*,#2964,.T.);
#4204=ORIENTED_EDGE('',*,*,#2965,.F.);
#4205=ORIENTED_EDGE('',*,*,#2961,.F.);
#4206=ORIENTED_EDGE('',*,*,#2966,.F.);
#4207=ORIENTED_EDGE('',*,*,#2967,.T.);
#4208=ORIENTED_EDGE('',*,*,#2968,.F.);
#4209=ORIENTED_EDGE('',*,*,#2964,.F.);
#4210=ORIENTED_EDGE('',*,*,#2969,.F.);
#4211=ORIENTED_EDGE('',*,*,#2970,.T.);
#4212=ORIENTED_EDGE('',*,*,#2971,.F.);
#4213=ORIENTED_EDGE('',*,*,#2967,.F.);
#4214=ORIENTED_EDGE('',*,*,#2972,.F.);
#4215=ORIENTED_EDGE('',*,*,#2973,.T.);
#4216=ORIENTED_EDGE('',*,*,#2974,.F.);
#4217=ORIENTED_EDGE('',*,*,#2970,.F.);
#4218=ORIENTED_EDGE('',*,*,#2975,.F.);
#4219=ORIENTED_EDGE('',*,*,#2976,.T.);
#4220=ORIENTED_EDGE('',*,*,#2977,.F.);
#4221=ORIENTED_EDGE('',*,*,#2973,.F.);
#4222=ORIENTED_EDGE('',*,*,#2978,.F.);
#4223=ORIENTED_EDGE('',*,*,#2979,.T.);
#4224=ORIENTED_EDGE('',*,*,#2980,.F.);
#4225=ORIENTED_EDGE('',*,*,#2976,.F.);
#4226=ORIENTED_EDGE('',*,*,#2981,.F.);
#4227=ORIENTED_EDGE('',*,*,#2982,.T.);
#4228=ORIENTED_EDGE('',*,*,#2983,.F.);
#4229=ORIENTED_EDGE('',*,*,#2979,.F.);
#4230=ORIENTED_EDGE('',*,*,#2984,.F.);
#4231=ORIENTED_EDGE('',*,*,#2985,.T.);
#4232=ORIENTED_EDGE('',*,*,#2986,.F.);
#4233=ORIENTED_EDGE('',*,*,#2982,.F.);
#4234=ORIENTED_EDGE('',*,*,#2987,.F.);
#4235=ORIENTED_EDGE('',*,*,#2988,.T.);
#4236=ORIENTED_EDGE('',*,*,#2989,.F.);
#4237=ORIENTED_EDGE('',*,*,#2985,.F.);
#4238=ORIENTED_EDGE('',*,*,#2990,.F.);
#4239=ORIENTED_EDGE('',*,*,#2991,.T.);
#4240=ORIENTED_EDGE('',*,*,#2992,.F.);
#4241=ORIENTED_EDGE('',*,*,#2988,.F.);
#4242=ORIENTED_EDGE('',*,*,#2993,.F.);
#4243=ORIENTED_EDGE('',*,*,#2994,.T.);
#4244=ORIENTED_EDGE('',*,*,#2995,.F.);
#4245=ORIENTED_EDGE('',*,*,#2991,.F.);
#4246=ORIENTED_EDGE('',*,*,#2996,.F.);
#4247=ORIENTED_EDGE('',*,*,#2997,.T.);
#4248=ORIENTED_EDGE('',*,*,#2998,.F.);
#4249=ORIENTED_EDGE('',*,*,#2994,.F.);
#4250=ORIENTED_EDGE('',*,*,#2999,.F.);
#4251=ORIENTED_EDGE('',*,*,#3000,.T.);
#4252=ORIENTED_EDGE('',*,*,#3001,.F.);
#4253=ORIENTED_EDGE('',*,*,#2997,.F.);
#4254=ORIENTED_EDGE('',*,*,#3002,.F.);
#4255=ORIENTED_EDGE('',*,*,#3003,.T.);
#4256=ORIENTED_EDGE('',*,*,#3004,.F.);
#4257=ORIENTED_EDGE('',*,*,#3000,.F.);
#4258=ORIENTED_EDGE('',*,*,#3005,.F.);
#4259=ORIENTED_EDGE('',*,*,#3006,.T.);
#4260=ORIENTED_EDGE('',*,*,#3007,.F.);
#4261=ORIENTED_EDGE('',*,*,#3003,.F.);
#4262=ORIENTED_EDGE('',*,*,#3008,.F.);
#4263=ORIENTED_EDGE('',*,*,#3009,.T.);
#4264=ORIENTED_EDGE('',*,*,#3010,.F.);
#4265=ORIENTED_EDGE('',*,*,#3006,.F.);
#4266=ORIENTED_EDGE('',*,*,#3011,.F.);
#4267=ORIENTED_EDGE('',*,*,#3012,.T.);
#4268=ORIENTED_EDGE('',*,*,#3013,.F.);
#4269=ORIENTED_EDGE('',*,*,#3009,.F.);
#4270=ORIENTED_EDGE('',*,*,#3014,.F.);
#4271=ORIENTED_EDGE('',*,*,#3015,.T.);
#4272=ORIENTED_EDGE('',*,*,#3016,.F.);
#4273=ORIENTED_EDGE('',*,*,#3012,.F.);
#4274=ORIENTED_EDGE('',*,*,#3017,.F.);
#4275=ORIENTED_EDGE('',*,*,#3018,.T.);
#4276=ORIENTED_EDGE('',*,*,#3019,.F.);
#4277=ORIENTED_EDGE('',*,*,#3015,.F.);
#4278=ORIENTED_EDGE('',*,*,#3020,.F.);
#4279=ORIENTED_EDGE('',*,*,#3021,.T.);
#4280=ORIENTED_EDGE('',*,*,#3022,.F.);
#4281=ORIENTED_EDGE('',*,*,#3018,.F.);
#4282=ORIENTED_EDGE('',*,*,#3023,.F.);
#4283=ORIENTED_EDGE('',*,*,#3024,.T.);
#4284=ORIENTED_EDGE('',*,*,#3025,.F.);
#4285=ORIENTED_EDGE('',*,*,#3021,.F.);
#4286=ORIENTED_EDGE('',*,*,#3026,.F.);
#4287=ORIENTED_EDGE('',*,*,#3027,.T.);
#4288=ORIENTED_EDGE('',*,*,#3028,.F.);
#4289=ORIENTED_EDGE('',*,*,#3024,.F.);
#4290=ORIENTED_EDGE('',*,*,#3029,.F.);
#4291=ORIENTED_EDGE('',*,*,#3030,.T.);
#4292=ORIENTED_EDGE('',*,*,#3031,.F.);
#4293=ORIENTED_EDGE('',*,*,#3027,.F.);
#4294=ORIENTED_EDGE('',*,*,#3032,.F.);
#4295=ORIENTED_EDGE('',*,*,#3033,.T.);
#4296=ORIENTED_EDGE('',*,*,#3034,.F.);
#4297=ORIENTED_EDGE('',*,*,#3030,.F.);
#4298=ORIENTED_EDGE('',*,*,#3035,.F.);
#4299=ORIENTED_EDGE('',*,*,#3036,.T.);
#4300=ORIENTED_EDGE('',*,*,#3037,.F.);
#4301=ORIENTED_EDGE('',*,*,#3033,.F.);
#4302=ORIENTED_EDGE('',*,*,#3038,.F.);
#4303=ORIENTED_EDGE('',*,*,#3039,.T.);
#4304=ORIENTED_EDGE('',*,*,#3040,.F.);
#4305=ORIENTED_EDGE('',*,*,#3036,.F.);
#4306=ORIENTED_EDGE('',*,*,#3041,.F.);
#4307=ORIENTED_EDGE('',*,*,#3042,.T.);
#4308=ORIENTED_EDGE('',*,*,#3043,.F.);
#4309=ORIENTED_EDGE('',*,*,#3039,.F.);
#4310=ORIENTED_EDGE('',*,*,#3044,.F.);
#4311=ORIENTED_EDGE('',*,*,#2941,.T.);
#4312=ORIENTED_EDGE('',*,*,#3045,.F.);
#4313=ORIENTED_EDGE('',*,*,#3042,.F.);
#4314=ORIENTED_EDGE('',*,*,#3046,.T.);
#4315=ORIENTED_EDGE('',*,*,#3047,.T.);
#4316=ORIENTED_EDGE('',*,*,#3048,.F.);
#4317=ORIENTED_EDGE('',*,*,#3049,.F.);
#4318=ORIENTED_EDGE('',*,*,#3050,.T.);
#4319=ORIENTED_EDGE('',*,*,#3049,.T.);
#4320=ORIENTED_EDGE('',*,*,#3051,.F.);
#4321=ORIENTED_EDGE('',*,*,#3052,.F.);
#4322=ORIENTED_EDGE('',*,*,#3053,.T.);
#4323=ORIENTED_EDGE('',*,*,#3052,.T.);
#4324=ORIENTED_EDGE('',*,*,#3054,.F.);
#4325=ORIENTED_EDGE('',*,*,#3055,.F.);
#4326=ORIENTED_EDGE('',*,*,#3056,.T.);
#4327=ORIENTED_EDGE('',*,*,#3055,.T.);
#4328=ORIENTED_EDGE('',*,*,#3057,.F.);
#4329=ORIENTED_EDGE('',*,*,#3058,.F.);
#4330=ORIENTED_EDGE('',*,*,#3059,.T.);
#4331=ORIENTED_EDGE('',*,*,#3058,.T.);
#4332=ORIENTED_EDGE('',*,*,#3060,.F.);
#4333=ORIENTED_EDGE('',*,*,#3061,.F.);
#4334=ORIENTED_EDGE('',*,*,#3062,.T.);
#4335=ORIENTED_EDGE('',*,*,#3061,.T.);
#4336=ORIENTED_EDGE('',*,*,#3063,.F.);
#4337=ORIENTED_EDGE('',*,*,#3064,.F.);
#4338=ORIENTED_EDGE('',*,*,#3065,.T.);
#4339=ORIENTED_EDGE('',*,*,#3064,.T.);
#4340=ORIENTED_EDGE('',*,*,#3066,.F.);
#4341=ORIENTED_EDGE('',*,*,#3067,.F.);
#4342=ORIENTED_EDGE('',*,*,#3068,.T.);
#4343=ORIENTED_EDGE('',*,*,#3067,.T.);
#4344=ORIENTED_EDGE('',*,*,#3069,.F.);
#4345=ORIENTED_EDGE('',*,*,#3070,.F.);
#4346=ORIENTED_EDGE('',*,*,#3071,.T.);
#4347=ORIENTED_EDGE('',*,*,#3070,.T.);
#4348=ORIENTED_EDGE('',*,*,#3072,.F.);
#4349=ORIENTED_EDGE('',*,*,#3073,.F.);
#4350=ORIENTED_EDGE('',*,*,#3074,.T.);
#4351=ORIENTED_EDGE('',*,*,#3073,.T.);
#4352=ORIENTED_EDGE('',*,*,#3075,.F.);
#4353=ORIENTED_EDGE('',*,*,#3076,.F.);
#4354=ORIENTED_EDGE('',*,*,#3077,.T.);
#4355=ORIENTED_EDGE('',*,*,#3076,.T.);
#4356=ORIENTED_EDGE('',*,*,#3078,.F.);
#4357=ORIENTED_EDGE('',*,*,#3079,.F.);
#4358=ORIENTED_EDGE('',*,*,#3080,.T.);
#4359=ORIENTED_EDGE('',*,*,#3079,.T.);
#4360=ORIENTED_EDGE('',*,*,#3081,.F.);
#4361=ORIENTED_EDGE('',*,*,#3082,.F.);
#4362=ORIENTED_EDGE('',*,*,#3083,.T.);
#4363=ORIENTED_EDGE('',*,*,#3082,.T.);
#4364=ORIENTED_EDGE('',*,*,#3084,.F.);
#4365=ORIENTED_EDGE('',*,*,#3085,.F.);
#4366=ORIENTED_EDGE('',*,*,#3086,.T.);
#4367=ORIENTED_EDGE('',*,*,#3085,.T.);
#4368=ORIENTED_EDGE('',*,*,#3087,.F.);
#4369=ORIENTED_EDGE('',*,*,#3088,.F.);
#4370=ORIENTED_EDGE('',*,*,#3089,.T.);
#4371=ORIENTED_EDGE('',*,*,#3088,.T.);
#4372=ORIENTED_EDGE('',*,*,#3090,.F.);
#4373=ORIENTED_EDGE('',*,*,#3091,.F.);
#4374=ORIENTED_EDGE('',*,*,#3092,.T.);
#4375=ORIENTED_EDGE('',*,*,#3091,.T.);
#4376=ORIENTED_EDGE('',*,*,#3093,.F.);
#4377=ORIENTED_EDGE('',*,*,#3094,.F.);
#4378=ORIENTED_EDGE('',*,*,#3095,.T.);
#4379=ORIENTED_EDGE('',*,*,#3094,.T.);
#4380=ORIENTED_EDGE('',*,*,#3096,.F.);
#4381=ORIENTED_EDGE('',*,*,#3097,.F.);
#4382=ORIENTED_EDGE('',*,*,#3098,.T.);
#4383=ORIENTED_EDGE('',*,*,#3097,.T.);
#4384=ORIENTED_EDGE('',*,*,#3099,.F.);
#4385=ORIENTED_EDGE('',*,*,#3100,.F.);
#4386=ORIENTED_EDGE('',*,*,#3101,.T.);
#4387=ORIENTED_EDGE('',*,*,#3100,.T.);
#4388=ORIENTED_EDGE('',*,*,#3102,.F.);
#4389=ORIENTED_EDGE('',*,*,#3103,.F.);
#4390=ORIENTED_EDGE('',*,*,#3104,.T.);
#4391=ORIENTED_EDGE('',*,*,#3103,.T.);
#4392=ORIENTED_EDGE('',*,*,#3105,.F.);
#4393=ORIENTED_EDGE('',*,*,#3047,.F.);
#4394=ORIENTED_EDGE('',*,*,#3105,.T.);
#4395=ORIENTED_EDGE('',*,*,#3102,.T.);
#4396=ORIENTED_EDGE('',*,*,#3099,.T.);
#4397=ORIENTED_EDGE('',*,*,#3096,.T.);
#4398=ORIENTED_EDGE('',*,*,#3093,.T.);
#4399=ORIENTED_EDGE('',*,*,#3090,.T.);
#4400=ORIENTED_EDGE('',*,*,#3087,.T.);
#4401=ORIENTED_EDGE('',*,*,#3084,.T.);
#4402=ORIENTED_EDGE('',*,*,#3081,.T.);
#4403=ORIENTED_EDGE('',*,*,#3078,.T.);
#4404=ORIENTED_EDGE('',*,*,#3075,.T.);
#4405=ORIENTED_EDGE('',*,*,#3072,.T.);
#4406=ORIENTED_EDGE('',*,*,#3069,.T.);
#4407=ORIENTED_EDGE('',*,*,#3066,.T.);
#4408=ORIENTED_EDGE('',*,*,#3063,.T.);
#4409=ORIENTED_EDGE('',*,*,#3060,.T.);
#4410=ORIENTED_EDGE('',*,*,#3057,.T.);
#4411=ORIENTED_EDGE('',*,*,#3054,.T.);
#4412=ORIENTED_EDGE('',*,*,#3051,.T.);
#4413=ORIENTED_EDGE('',*,*,#3048,.T.);
#4414=ORIENTED_EDGE('',*,*,#2940,.T.);
#4415=ORIENTED_EDGE('',*,*,#2944,.T.);
#4416=ORIENTED_EDGE('',*,*,#2947,.T.);
#4417=ORIENTED_EDGE('',*,*,#2950,.T.);
#4418=ORIENTED_EDGE('',*,*,#2953,.T.);
#4419=ORIENTED_EDGE('',*,*,#2956,.T.);
#4420=ORIENTED_EDGE('',*,*,#2959,.T.);
#4421=ORIENTED_EDGE('',*,*,#2962,.T.);
#4422=ORIENTED_EDGE('',*,*,#2965,.T.);
#4423=ORIENTED_EDGE('',*,*,#2968,.T.);
#4424=ORIENTED_EDGE('',*,*,#2971,.T.);
#4425=ORIENTED_EDGE('',*,*,#2974,.T.);
#4426=ORIENTED_EDGE('',*,*,#2977,.T.);
#4427=ORIENTED_EDGE('',*,*,#2980,.T.);
#4428=ORIENTED_EDGE('',*,*,#2983,.T.);
#4429=ORIENTED_EDGE('',*,*,#2986,.T.);
#4430=ORIENTED_EDGE('',*,*,#2989,.T.);
#4431=ORIENTED_EDGE('',*,*,#2992,.T.);
#4432=ORIENTED_EDGE('',*,*,#2995,.T.);
#4433=ORIENTED_EDGE('',*,*,#2998,.T.);
#4434=ORIENTED_EDGE('',*,*,#3001,.T.);
#4435=ORIENTED_EDGE('',*,*,#3004,.T.);
#4436=ORIENTED_EDGE('',*,*,#3007,.T.);
#4437=ORIENTED_EDGE('',*,*,#3010,.T.);
#4438=ORIENTED_EDGE('',*,*,#3013,.T.);
#4439=ORIENTED_EDGE('',*,*,#3016,.T.);
#4440=ORIENTED_EDGE('',*,*,#3019,.T.);
#4441=ORIENTED_EDGE('',*,*,#3022,.T.);
#4442=ORIENTED_EDGE('',*,*,#3025,.T.);
#4443=ORIENTED_EDGE('',*,*,#3028,.T.);
#4444=ORIENTED_EDGE('',*,*,#3031,.T.);
#4445=ORIENTED_EDGE('',*,*,#3034,.T.);
#4446=ORIENTED_EDGE('',*,*,#3037,.T.);
#4447=ORIENTED_EDGE('',*,*,#3040,.T.);
#4448=ORIENTED_EDGE('',*,*,#3043,.T.);
#4449=ORIENTED_EDGE('',*,*,#3045,.T.);
#4450=ORIENTED_EDGE('',*,*,#3104,.F.);
#4451=ORIENTED_EDGE('',*,*,#3046,.F.);
#4452=ORIENTED_EDGE('',*,*,#3050,.F.);
#4453=ORIENTED_EDGE('',*,*,#3053,.F.);
#4454=ORIENTED_EDGE('',*,*,#3056,.F.);
#4455=ORIENTED_EDGE('',*,*,#3059,.F.);
#4456=ORIENTED_EDGE('',*,*,#3062,.F.);
#4457=ORIENTED_EDGE('',*,*,#3065,.F.);
#4458=ORIENTED_EDGE('',*,*,#3068,.F.);
#4459=ORIENTED_EDGE('',*,*,#3071,.F.);
#4460=ORIENTED_EDGE('',*,*,#3074,.F.);
#4461=ORIENTED_EDGE('',*,*,#3077,.F.);
#4462=ORIENTED_EDGE('',*,*,#3080,.F.);
#4463=ORIENTED_EDGE('',*,*,#3083,.F.);
#4464=ORIENTED_EDGE('',*,*,#3086,.F.);
#4465=ORIENTED_EDGE('',*,*,#3089,.F.);
#4466=ORIENTED_EDGE('',*,*,#3092,.F.);
#4467=ORIENTED_EDGE('',*,*,#3095,.F.);
#4468=ORIENTED_EDGE('',*,*,#3098,.F.);
#4469=ORIENTED_EDGE('',*,*,#3101,.F.);
#4470=ORIENTED_EDGE('',*,*,#2938,.T.);
#4471=ORIENTED_EDGE('',*,*,#3044,.T.);
#4472=ORIENTED_EDGE('',*,*,#3041,.T.);
#4473=ORIENTED_EDGE('',*,*,#3038,.T.);
#4474=ORIENTED_EDGE('',*,*,#3035,.T.);
#4475=ORIENTED_EDGE('',*,*,#3032,.T.);
#4476=ORIENTED_EDGE('',*,*,#3029,.T.);
#4477=ORIENTED_EDGE('',*,*,#3026,.T.);
#4478=ORIENTED_EDGE('',*,*,#3023,.T.);
#4479=ORIENTED_EDGE('',*,*,#3020,.T.);
#4480=ORIENTED_EDGE('',*,*,#3017,.T.);
#4481=ORIENTED_EDGE('',*,*,#3014,.T.);
#4482=ORIENTED_EDGE('',*,*,#3011,.T.);
#4483=ORIENTED_EDGE('',*,*,#3008,.T.);
#4484=ORIENTED_EDGE('',*,*,#3005,.T.);
#4485=ORIENTED_EDGE('',*,*,#3002,.T.);
#4486=ORIENTED_EDGE('',*,*,#2999,.T.);
#4487=ORIENTED_EDGE('',*,*,#2996,.T.);
#4488=ORIENTED_EDGE('',*,*,#2993,.T.);
#4489=ORIENTED_EDGE('',*,*,#2990,.T.);
#4490=ORIENTED_EDGE('',*,*,#2987,.T.);
#4491=ORIENTED_EDGE('',*,*,#2984,.T.);
#4492=ORIENTED_EDGE('',*,*,#2981,.T.);
#4493=ORIENTED_EDGE('',*,*,#2978,.T.);
#4494=ORIENTED_EDGE('',*,*,#2975,.T.);
#4495=ORIENTED_EDGE('',*,*,#2972,.T.);
#4496=ORIENTED_EDGE('',*,*,#2969,.T.);
#4497=ORIENTED_EDGE('',*,*,#2966,.T.);
#4498=ORIENTED_EDGE('',*,*,#2963,.T.);
#4499=ORIENTED_EDGE('',*,*,#2960,.T.);
#4500=ORIENTED_EDGE('',*,*,#2957,.T.);
#4501=ORIENTED_EDGE('',*,*,#2954,.T.);
#4502=ORIENTED_EDGE('',*,*,#2951,.T.);
#4503=ORIENTED_EDGE('',*,*,#2948,.T.);
#4504=ORIENTED_EDGE('',*,*,#2945,.T.);
#4505=ORIENTED_EDGE('',*,*,#2942,.T.);
#4506=ORIENTED_EDGE('',*,*,#3106,.T.);
#4507=ORIENTED_EDGE('',*,*,#3107,.T.);
#4508=ORIENTED_EDGE('',*,*,#3108,.F.);
#4509=ORIENTED_EDGE('',*,*,#3109,.F.);
#4510=ORIENTED_EDGE('',*,*,#3110,.T.);
#4511=ORIENTED_EDGE('',*,*,#3109,.T.);
#4512=ORIENTED_EDGE('',*,*,#3111,.F.);
#4513=ORIENTED_EDGE('',*,*,#3112,.F.);
#4514=ORIENTED_EDGE('',*,*,#3113,.T.);
#4515=ORIENTED_EDGE('',*,*,#3112,.T.);
#4516=ORIENTED_EDGE('',*,*,#3114,.F.);
#4517=ORIENTED_EDGE('',*,*,#3115,.F.);
#4518=ORIENTED_EDGE('',*,*,#3116,.T.);
#4519=ORIENTED_EDGE('',*,*,#3115,.T.);
#4520=ORIENTED_EDGE('',*,*,#3117,.F.);
#4521=ORIENTED_EDGE('',*,*,#3107,.F.);
#4522=ORIENTED_EDGE('',*,*,#3117,.T.);
#4523=ORIENTED_EDGE('',*,*,#3114,.T.);
#4524=ORIENTED_EDGE('',*,*,#3111,.T.);
#4525=ORIENTED_EDGE('',*,*,#3108,.T.);
#4526=ORIENTED_EDGE('',*,*,#3116,.F.);
#4527=ORIENTED_EDGE('',*,*,#3106,.F.);
#4528=ORIENTED_EDGE('',*,*,#3110,.F.);
#4529=ORIENTED_EDGE('',*,*,#3113,.F.);
#4530=PLANE('',#5075);
#4531=PLANE('',#5076);
#4532=PLANE('',#5077);
#4533=PLANE('',#5078);
#4534=PLANE('',#5079);
#4535=PLANE('',#5080);
#4536=PLANE('',#5081);
#4537=PLANE('',#5082);
#4538=PLANE('',#5083);
#4539=PLANE('',#5084);
#4540=PLANE('',#5085);
#4541=PLANE('',#5086);
#4542=PLANE('',#5087);
#4543=PLANE('',#5088);
#4544=PLANE('',#5089);
#4545=PLANE('',#5090);
#4546=PLANE('',#5091);
#4547=PLANE('',#5092);
#4548=PLANE('',#5093);
#4549=PLANE('',#5094);
#4550=PLANE('',#5095);
#4551=PLANE('',#5096);
#4552=PLANE('',#5097);
#4553=PLANE('',#5098);
#4554=PLANE('',#5099);
#4555=PLANE('',#5100);
#4556=PLANE('',#5101);
#4557=PLANE('',#5102);
#4558=PLANE('',#5103);
#4559=PLANE('',#5104);
#4560=PLANE('',#5105);
#4561=PLANE('',#5106);
#4562=PLANE('',#5107);
#4563=PLANE('',#5108);
#4564=PLANE('',#5109);
#4565=PLANE('',#5110);
#4566=PLANE('',#5111);
#4567=PLANE('',#5112);
#4568=PLANE('',#5113);
#4569=PLANE('',#5114);
#4570=PLANE('',#5115);
#4571=PLANE('',#5116);
#4572=PLANE('',#5117);
#4573=PLANE('',#5118);
#4574=PLANE('',#5119);
#4575=PLANE('',#5121);
#4576=PLANE('',#5122);
#4577=PLANE('',#5123);
#4578=PLANE('',#5124);
#4579=PLANE('',#5125);
#4580=PLANE('',#5126);
#4581=PLANE('',#5131);
#4582=PLANE('',#5177);
#4583=PLANE('',#5184);
#4584=PLANE('',#5185);
#4585=PLANE('',#5186);
#4586=PLANE('',#5187);
#4587=PLANE('',#5188);
#4588=PLANE('',#5189);
#4589=PLANE('',#5190);
#4590=PLANE('',#5203);
#4591=PLANE('',#5204);
#4592=PLANE('',#5205);
#4593=PLANE('',#5209);
#4594=PLANE('',#5210);
#4595=PLANE('',#5211);
#4596=PLANE('',#5212);
#4597=PLANE('',#5213);
#4598=PLANE('',#5214);
#4599=PLANE('',#5215);
#4600=PLANE('',#5228);
#4601=PLANE('',#5229);
#4602=PLANE('',#5230);
#4603=PLANE('',#5234);
#4604=PLANE('',#5235);
#4605=PLANE('',#5242);
#4606=PLANE('',#5255);
#4607=PLANE('',#5256);
#4608=PLANE('',#5257);
#4609=PLANE('',#5258);
#4610=PLANE('',#5259);
#4611=PLANE('',#5260);
#4612=PLANE('',#5261);
#4613=PLANE('',#5262);
#4614=PLANE('',#5263);
#4615=PLANE('',#5264);
#4616=PLANE('',#5265);
#4617=PLANE('',#5269);
#4618=PLANE('',#5270);
#4619=PLANE('',#5274);
#4620=PLANE('',#5275);
#4621=PLANE('',#5279);
#4622=PLANE('',#5280);
#4623=PLANE('',#5281);
#4624=PLANE('',#5282);
#4625=PLANE('',#5283);
#4626=PLANE('',#5284);
#4627=PLANE('',#5285);
#4628=PLANE('',#5286);
#4629=PLANE('',#5287);
#4630=PLANE('',#5288);
#4631=PLANE('',#5289);
#4632=PLANE('',#5290);
#4633=PLANE('',#5291);
#4634=PLANE('',#5292);
#4635=PLANE('',#5293);
#4636=PLANE('',#5294);
#4637=PLANE('',#5295);
#4638=PLANE('',#5296);
#4639=PLANE('',#5297);
#4640=PLANE('',#5298);
#4641=PLANE('',#5299);
#4642=PLANE('',#5300);
#4643=PLANE('',#5301);
#4644=PLANE('',#5302);
#4645=PLANE('',#5303);
#4646=PLANE('',#5316);
#4647=PLANE('',#5317);
#4648=PLANE('',#5318);
#4649=PLANE('',#5322);
#4650=PLANE('',#5323);
#4651=PLANE('',#5324);
#4652=PLANE('',#5325);
#4653=PLANE('',#5356);
#4654=PLANE('',#5357);
#4655=PLANE('',#5385);
#4656=PLANE('',#5386);
#4657=PLANE('',#5447);
#4658=PLANE('',#5448);
#4659=PLANE('',#5617);
#4660=PLANE('',#5618);
#4661=PLANE('',#5620);
#4662=PLANE('',#5621);
#4663=PLANE('',#5622);
#4664=PLANE('',#5623);
#4665=PLANE('',#5624);
#4666=PLANE('',#5625);
#4667=ADVANCED_FACE('',(#514),#4530,.F.);
#4668=ADVANCED_FACE('',(#515),#4531,.F.);
#4669=ADVANCED_FACE('',(#516),#4532,.F.);
#4670=ADVANCED_FACE('',(#517),#4533,.F.);
#4671=ADVANCED_FACE('',(#518),#4534,.F.);
#4672=ADVANCED_FACE('',(#519),#4535,.F.);
#4673=ADVANCED_FACE('',(#520),#4536,.F.);
#4674=ADVANCED_FACE('',(#521),#4537,.F.);
#4675=ADVANCED_FACE('',(#522),#4538,.F.);
#4676=ADVANCED_FACE('',(#523),#4539,.F.);
#4677=ADVANCED_FACE('',(#524),#4540,.F.);
#4678=ADVANCED_FACE('',(#525),#4541,.F.);
#4679=ADVANCED_FACE('',(#526),#4542,.F.);
#4680=ADVANCED_FACE('',(#527),#4543,.F.);
#4681=ADVANCED_FACE('',(#528),#4544,.F.);
#4682=ADVANCED_FACE('',(#529),#4545,.F.);
#4683=ADVANCED_FACE('',(#530),#4546,.F.);
#4684=ADVANCED_FACE('',(#531),#4547,.F.);
#4685=ADVANCED_FACE('',(#532),#4548,.F.);
#4686=ADVANCED_FACE('',(#533),#4549,.F.);
#4687=ADVANCED_FACE('',(#534),#4550,.F.);
#4688=ADVANCED_FACE('',(#535),#4551,.F.);
#4689=ADVANCED_FACE('',(#536),#4552,.F.);
#4690=ADVANCED_FACE('',(#537),#4553,.F.);
#4691=ADVANCED_FACE('',(#538),#4554,.F.);
#4692=ADVANCED_FACE('',(#539),#4555,.F.);
#4693=ADVANCED_FACE('',(#540),#4556,.F.);
#4694=ADVANCED_FACE('',(#541),#4557,.F.);
#4695=ADVANCED_FACE('',(#542),#4558,.F.);
#4696=ADVANCED_FACE('',(#543),#4559,.F.);
#4697=ADVANCED_FACE('',(#544),#4560,.F.);
#4698=ADVANCED_FACE('',(#545),#4561,.F.);
#4699=ADVANCED_FACE('',(#546),#4562,.F.);
#4700=ADVANCED_FACE('',(#547),#4563,.F.);
#4701=ADVANCED_FACE('',(#548),#4564,.F.);
#4702=ADVANCED_FACE('',(#549),#4565,.T.);
#4703=ADVANCED_FACE('',(#550),#4566,.T.);
#4704=ADVANCED_FACE('',(#551),#4567,.T.);
#4705=ADVANCED_FACE('',(#552),#4568,.T.);
#4706=ADVANCED_FACE('',(#553),#4569,.T.);
#4707=ADVANCED_FACE('',(#554),#4570,.T.);
#4708=ADVANCED_FACE('',(#555),#4571,.T.);
#4709=ADVANCED_FACE('',(#556),#4572,.T.);
#4710=ADVANCED_FACE('',(#557,#481,#482,#483,#484,#485,#486,#487),#4573,
 .F.);
#4711=ADVANCED_FACE('',(#558,#488),#4574,.T.);
#4712=ADVANCED_FACE('',(#559),#4575,.T.);
#4713=ADVANCED_FACE('',(#560),#4576,.T.);
#4714=ADVANCED_FACE('',(#561),#4577,.T.);
#4715=ADVANCED_FACE('',(#562),#4578,.T.);
#4716=ADVANCED_FACE('',(#563),#4579,.F.);
#4717=ADVANCED_FACE('',(#564),#4580,.T.);
#4718=ADVANCED_FACE('',(#565),#321,.T.);
#4719=ADVANCED_FACE('',(#566),#4581,.T.);
#4720=ADVANCED_FACE('',(#567),#322,.T.);
#4721=ADVANCED_FACE('',(#568),#323,.T.);
#4722=ADVANCED_FACE('',(#569),#324,.T.);
#4723=ADVANCED_FACE('',(#570),#325,.T.);
#4724=ADVANCED_FACE('',(#571),#326,.T.);
#4725=ADVANCED_FACE('',(#572),#327,.T.);
#4726=ADVANCED_FACE('',(#573),#328,.T.);
#4727=ADVANCED_FACE('',(#574),#329,.T.);
#4728=ADVANCED_FACE('',(#575),#330,.F.);
#4729=ADVANCED_FACE('',(#576),#331,.F.);
#4730=ADVANCED_FACE('',(#577),#332,.F.);
#4731=ADVANCED_FACE('',(#578),#333,.F.);
#4732=ADVANCED_FACE('',(#579),#334,.F.);
#4733=ADVANCED_FACE('',(#580),#335,.F.);
#4734=ADVANCED_FACE('',(#581),#336,.F.);
#4735=ADVANCED_FACE('',(#582),#4582,.T.);
#4736=ADVANCED_FACE('',(#583),#337,.F.);
#4737=ADVANCED_FACE('',(#584),#338,.F.);
#4738=ADVANCED_FACE('',(#585),#4583,.F.);
#4739=ADVANCED_FACE('',(#586),#4584,.T.);
#4740=ADVANCED_FACE('',(#587),#4585,.T.);
#4741=ADVANCED_FACE('',(#588),#4586,.T.);
#4742=ADVANCED_FACE('',(#589),#4587,.T.);
#4743=ADVANCED_FACE('',(#590),#4588,.T.);
#4744=ADVANCED_FACE('',(#591),#4589,.T.);
#4745=ADVANCED_FACE('',(#592),#339,.T.);
#4746=ADVANCED_FACE('',(#593),#340,.T.);
#4747=ADVANCED_FACE('',(#594),#341,.T.);
#4748=ADVANCED_FACE('',(#595),#342,.T.);
#4749=ADVANCED_FACE('',(#596),#4590,.T.);
#4750=ADVANCED_FACE('',(#597),#4591,.T.);
#4751=ADVANCED_FACE('',(#598),#4592,.T.);
#4752=ADVANCED_FACE('',(#599),#343,.F.);
#4753=ADVANCED_FACE('',(#600),#4593,.F.);
#4754=ADVANCED_FACE('',(#601),#4594,.T.);
#4755=ADVANCED_FACE('',(#602),#4595,.T.);
#4756=ADVANCED_FACE('',(#603),#4596,.T.);
#4757=ADVANCED_FACE('',(#604),#4597,.T.);
#4758=ADVANCED_FACE('',(#605),#4598,.T.);
#4759=ADVANCED_FACE('',(#606),#4599,.T.);
#4760=ADVANCED_FACE('',(#607),#344,.T.);
#4761=ADVANCED_FACE('',(#608),#345,.T.);
#4762=ADVANCED_FACE('',(#609),#346,.T.);
#4763=ADVANCED_FACE('',(#610),#347,.T.);
#4764=ADVANCED_FACE('',(#611),#4600,.T.);
#4765=ADVANCED_FACE('',(#612),#4601,.T.);
#4766=ADVANCED_FACE('',(#613),#4602,.T.);
#4767=ADVANCED_FACE('',(#614),#348,.F.);
#4768=ADVANCED_FACE('',(#615),#4603,.F.);
#4769=ADVANCED_FACE('',(#616),#4604,.T.);
#4770=ADVANCED_FACE('',(#617),#349,.T.);
#4771=ADVANCED_FACE('',(#618),#350,.T.);
#4772=ADVANCED_FACE('',(#619),#4605,.T.);
#4773=ADVANCED_FACE('',(#620),#351,.F.);
#4774=ADVANCED_FACE('',(#621),#352,.F.);
#4775=ADVANCED_FACE('',(#622),#353,.F.);
#4776=ADVANCED_FACE('',(#623),#354,.F.);
#4777=ADVANCED_FACE('',(#624),#4606,.T.);
#4778=ADVANCED_FACE('',(#625),#4607,.T.);
#4779=ADVANCED_FACE('',(#626),#4608,.T.);
#4780=ADVANCED_FACE('',(#627),#4609,.T.);
#4781=ADVANCED_FACE('',(#628),#4610,.T.);
#4782=ADVANCED_FACE('',(#629),#4611,.T.);
#4783=ADVANCED_FACE('',(#630),#4612,.T.);
#4784=ADVANCED_FACE('',(#631),#4613,.T.);
#4785=ADVANCED_FACE('',(#632),#4614,.T.);
#4786=ADVANCED_FACE('',(#633),#4615,.T.);
#4787=ADVANCED_FACE('',(#634),#4616,.T.);
#4788=ADVANCED_FACE('',(#635),#355,.T.);
#4789=ADVANCED_FACE('',(#636),#4617,.T.);
#4790=ADVANCED_FACE('',(#637),#4618,.F.);
#4791=ADVANCED_FACE('',(#638,#489),#356,.T.);
#4792=ADVANCED_FACE('',(#639),#4619,.F.);
#4793=ADVANCED_FACE('',(#640),#4620,.T.);
#4794=ADVANCED_FACE('',(#641,#490),#357,.T.);
#4795=ADVANCED_FACE('',(#642),#4621,.F.);
#4796=ADVANCED_FACE('',(#643),#4622,.T.);
#4797=ADVANCED_FACE('',(#644),#4623,.T.);
#4798=ADVANCED_FACE('',(#645),#4624,.T.);
#4799=ADVANCED_FACE('',(#646),#4625,.T.);
#4800=ADVANCED_FACE('',(#647),#4626,.T.);
#4801=ADVANCED_FACE('',(#648),#4627,.T.);
#4802=ADVANCED_FACE('',(#649),#4628,.F.);
#4803=ADVANCED_FACE('',(#650),#4629,.T.);
#4804=ADVANCED_FACE('',(#651),#4630,.T.);
#4805=ADVANCED_FACE('',(#652),#4631,.T.);
#4806=ADVANCED_FACE('',(#653),#4632,.T.);
#4807=ADVANCED_FACE('',(#654),#4633,.F.);
#4808=ADVANCED_FACE('',(#655),#4634,.T.);
#4809=ADVANCED_FACE('',(#656),#4635,.T.);
#4810=ADVANCED_FACE('',(#657),#4636,.T.);
#4811=ADVANCED_FACE('',(#658),#4637,.T.);
#4812=ADVANCED_FACE('',(#659),#4638,.T.);
#4813=ADVANCED_FACE('',(#660),#4639,.F.);
#4814=ADVANCED_FACE('',(#661),#4640,.T.);
#4815=ADVANCED_FACE('',(#662),#4641,.T.);
#4816=ADVANCED_FACE('',(#663),#4642,.T.);
#4817=ADVANCED_FACE('',(#664),#4643,.T.);
#4818=ADVANCED_FACE('',(#665),#4644,.T.);
#4819=ADVANCED_FACE('',(#666),#4645,.T.);
#4820=ADVANCED_FACE('',(#667),#358,.T.);
#4821=ADVANCED_FACE('',(#668),#359,.T.);
#4822=ADVANCED_FACE('',(#669),#360,.T.);
#4823=ADVANCED_FACE('',(#670),#361,.T.);
#4824=ADVANCED_FACE('',(#671),#4646,.T.);
#4825=ADVANCED_FACE('',(#672),#4647,.T.);
#4826=ADVANCED_FACE('',(#673),#4648,.T.);
#4827=ADVANCED_FACE('',(#674),#362,.F.);
#4828=ADVANCED_FACE('',(#675),#4649,.F.);
#4829=ADVANCED_FACE('',(#676),#4650,.T.);
#4830=ADVANCED_FACE('',(#677),#4651,.F.);
#4831=ADVANCED_FACE('',(#678),#4652,.F.);
#4832=ADVANCED_FACE('',(#679),#363,.F.);
#4833=ADVANCED_FACE('',(#680),#364,.F.);
#4834=ADVANCED_FACE('',(#681),#365,.F.);
#4835=ADVANCED_FACE('',(#682),#366,.F.);
#4836=ADVANCED_FACE('',(#683),#367,.F.);
#4837=ADVANCED_FACE('',(#684),#368,.F.);
#4838=ADVANCED_FACE('',(#685),#369,.F.);
#4839=ADVANCED_FACE('',(#686),#370,.T.);
#4840=ADVANCED_FACE('',(#687),#371,.T.);
#4841=ADVANCED_FACE('',(#688),#372,.T.);
#4842=ADVANCED_FACE('',(#689),#4653,.T.);
#4843=ADVANCED_FACE('',(#690),#4654,.T.);
#4844=ADVANCED_FACE('',(#691),#373,.F.);
#4845=ADVANCED_FACE('',(#692),#374,.F.);
#4846=ADVANCED_FACE('',(#693),#375,.F.);
#4847=ADVANCED_FACE('',(#694),#376,.F.);
#4848=ADVANCED_FACE('',(#695),#377,.F.);
#4849=ADVANCED_FACE('',(#696),#378,.F.);
#4850=ADVANCED_FACE('',(#697),#379,.F.);
#4851=ADVANCED_FACE('',(#698),#380,.F.);
#4852=ADVANCED_FACE('',(#699),#381,.F.);
#4853=ADVANCED_FACE('',(#700),#4655,.T.);
#4854=ADVANCED_FACE('',(#701),#4656,.T.);
#4855=ADVANCED_FACE('',(#702),#382,.T.);
#4856=ADVANCED_FACE('',(#703),#383,.T.);
#4857=ADVANCED_FACE('',(#704),#384,.T.);
#4858=ADVANCED_FACE('',(#705),#385,.T.);
#4859=ADVANCED_FACE('',(#706),#386,.T.);
#4860=ADVANCED_FACE('',(#707),#387,.T.);
#4861=ADVANCED_FACE('',(#708),#388,.T.);
#4862=ADVANCED_FACE('',(#709),#389,.T.);
#4863=ADVANCED_FACE('',(#710),#390,.T.);
#4864=ADVANCED_FACE('',(#711),#391,.T.);
#4865=ADVANCED_FACE('',(#712),#392,.T.);
#4866=ADVANCED_FACE('',(#713),#393,.T.);
#4867=ADVANCED_FACE('',(#714),#394,.T.);
#4868=ADVANCED_FACE('',(#715),#395,.T.);
#4869=ADVANCED_FACE('',(#716),#396,.T.);
#4870=ADVANCED_FACE('',(#717),#397,.T.);
#4871=ADVANCED_FACE('',(#718),#398,.T.);
#4872=ADVANCED_FACE('',(#719),#399,.T.);
#4873=ADVANCED_FACE('',(#720),#400,.T.);
#4874=ADVANCED_FACE('',(#721),#401,.T.);
#4875=ADVANCED_FACE('',(#722,#491),#4657,.T.);
#4876=ADVANCED_FACE('',(#723,#492),#4658,.F.);
#4877=ADVANCED_FACE('',(#724),#402,.F.);
#4878=ADVANCED_FACE('',(#725),#403,.F.);
#4879=ADVANCED_FACE('',(#726),#404,.F.);
#4880=ADVANCED_FACE('',(#727),#405,.F.);
#4881=ADVANCED_FACE('',(#728),#406,.F.);
#4882=ADVANCED_FACE('',(#729),#407,.F.);
#4883=ADVANCED_FACE('',(#730),#408,.F.);
#4884=ADVANCED_FACE('',(#731),#409,.F.);
#4885=ADVANCED_FACE('',(#732),#410,.F.);
#4886=ADVANCED_FACE('',(#733),#411,.F.);
#4887=ADVANCED_FACE('',(#734),#412,.F.);
#4888=ADVANCED_FACE('',(#735),#413,.F.);
#4889=ADVANCED_FACE('',(#736),#414,.F.);
#4890=ADVANCED_FACE('',(#737),#415,.F.);
#4891=ADVANCED_FACE('',(#738),#416,.F.);
#4892=ADVANCED_FACE('',(#739),#417,.F.);
#4893=ADVANCED_FACE('',(#740),#418,.F.);
#4894=ADVANCED_FACE('',(#741),#419,.F.);
#4895=ADVANCED_FACE('',(#742),#420,.F.);
#4896=ADVANCED_FACE('',(#743),#421,.F.);
#4897=ADVANCED_FACE('',(#744),#422,.F.);
#4898=ADVANCED_FACE('',(#745),#423,.F.);
#4899=ADVANCED_FACE('',(#746),#424,.F.);
#4900=ADVANCED_FACE('',(#747),#425,.F.);
#4901=ADVANCED_FACE('',(#748),#426,.F.);
#4902=ADVANCED_FACE('',(#749),#427,.F.);
#4903=ADVANCED_FACE('',(#750),#428,.F.);
#4904=ADVANCED_FACE('',(#751),#429,.F.);
#4905=ADVANCED_FACE('',(#752),#430,.F.);
#4906=ADVANCED_FACE('',(#753),#431,.F.);
#4907=ADVANCED_FACE('',(#754),#432,.F.);
#4908=ADVANCED_FACE('',(#755),#433,.F.);
#4909=ADVANCED_FACE('',(#756),#434,.F.);
#4910=ADVANCED_FACE('',(#757),#435,.F.);
#4911=ADVANCED_FACE('',(#758),#436,.F.);
#4912=ADVANCED_FACE('',(#759),#437,.F.);
#4913=ADVANCED_FACE('',(#760),#438,.T.);
#4914=ADVANCED_FACE('',(#761),#439,.T.);
#4915=ADVANCED_FACE('',(#762),#440,.T.);
#4916=ADVANCED_FACE('',(#763),#441,.T.);
#4917=ADVANCED_FACE('',(#764),#442,.T.);
#4918=ADVANCED_FACE('',(#765),#443,.T.);
#4919=ADVANCED_FACE('',(#766),#444,.T.);
#4920=ADVANCED_FACE('',(#767),#445,.T.);
#4921=ADVANCED_FACE('',(#768),#446,.T.);
#4922=ADVANCED_FACE('',(#769),#447,.T.);
#4923=ADVANCED_FACE('',(#770),#448,.T.);
#4924=ADVANCED_FACE('',(#771),#449,.T.);
#4925=ADVANCED_FACE('',(#772),#450,.T.);
#4926=ADVANCED_FACE('',(#773),#451,.T.);
#4927=ADVANCED_FACE('',(#774),#452,.T.);
#4928=ADVANCED_FACE('',(#775),#453,.T.);
#4929=ADVANCED_FACE('',(#776),#454,.T.);
#4930=ADVANCED_FACE('',(#777),#455,.T.);
#4931=ADVANCED_FACE('',(#778),#456,.T.);
#4932=ADVANCED_FACE('',(#779),#457,.T.);
#4933=ADVANCED_FACE('',(#780,#493),#4659,.T.);
#4934=ADVANCED_FACE('',(#781,#494),#4660,.F.);
#4935=ADVANCED_FACE('',(#782),#4661,.T.);
#4936=ADVANCED_FACE('',(#783),#4662,.T.);
#4937=ADVANCED_FACE('',(#784),#4663,.T.);
#4938=ADVANCED_FACE('',(#785),#4664,.T.);
#4939=ADVANCED_FACE('',(#786),#4665,.T.);
#4940=ADVANCED_FACE('',(#787),#4666,.F.);
#4941=CLOSED_SHELL('',(#4667,#4668,#4669,#4670,#4671,#4672,#4673,#4674,
#4675,#4676,#4677,#4678,#4679,#4680,#4681,#4682,#4683,#4684,#4685,#4686,
#4687,#4688,#4689,#4690,#4691,#4692,#4693,#4694,#4695,#4696,#4697,#4698,
#4699,#4700,#4701,#4702,#4703,#4704,#4705,#4706,#4707,#4708,#4709,#4710,
#4711));
#4942=CLOSED_SHELL('',(#4712,#4713,#4714,#4715,#4716,#4717));
#4943=CLOSED_SHELL('',(#4718,#4719,#4720,#4721,#4722,#4723,#4724,#4725,
#4726,#4727,#4728,#4729,#4730,#4731,#4732,#4733,#4734,#4735,#4736,#4737,
#4738,#4739));
#4944=CLOSED_SHELL('',(#4740,#4741,#4742,#4743,#4744,#4745,#4746,#4747,
#4748,#4749,#4750,#4751,#4752,#4753,#4754));
#4945=CLOSED_SHELL('',(#4755,#4756,#4757,#4758,#4759,#4760,#4761,#4762,
#4763,#4764,#4765,#4766,#4767,#4768,#4769));
#4946=CLOSED_SHELL('',(#4770,#4771,#4772,#4773,#4774,#4775,#4776,#4777,
#4778,#4779,#4780,#4781,#4782,#4783,#4784,#4785,#4786,#4787,#4788,#4789,
#4790));
#4947=CLOSED_SHELL('',(#4791,#4792,#4793));
#4948=CLOSED_SHELL('',(#4794,#4795,#4796));
#4949=CLOSED_SHELL('',(#4797,#4798,#4799,#4800,#4801,#4802));
#4950=CLOSED_SHELL('',(#4803,#4804,#4805,#4806,#4807,#4808));
#4951=CLOSED_SHELL('',(#4809,#4810,#4811,#4812,#4813,#4814));
#4952=CLOSED_SHELL('',(#4815,#4816,#4817,#4818,#4819,#4820,#4821,#4822,
#4823,#4824,#4825,#4826,#4827,#4828,#4829));
#4953=CLOSED_SHELL('',(#4830,#4831,#4832,#4833,#4834,#4835,#4836,#4837,
#4838,#4839,#4840,#4841,#4842,#4843,#4844,#4845,#4846,#4847,#4848,#4849,
#4850,#4851,#4852,#4853,#4854,#4855,#4856,#4857,#4858,#4859,#4860,#4861,
#4862,#4863,#4864,#4865,#4866,#4867,#4868,#4869,#4870,#4871,#4872,#4873,
#4874,#4875,#4876));
#4954=CLOSED_SHELL('',(#4877,#4878,#4879,#4880,#4881,#4882,#4883,#4884,
#4885,#4886,#4887,#4888,#4889,#4890,#4891,#4892,#4893,#4894,#4895,#4896,
#4897,#4898,#4899,#4900,#4901,#4902,#4903,#4904,#4905,#4906,#4907,#4908,
#4909,#4910,#4911,#4912,#4913,#4914,#4915,#4916,#4917,#4918,#4919,#4920,
#4921,#4922,#4923,#4924,#4925,#4926,#4927,#4928,#4929,#4930,#4931,#4932,
#4933,#4934));
#4955=CLOSED_SHELL('',(#4935,#4936,#4937,#4938,#4939,#4940));
#4956=DERIVED_UNIT_ELEMENT(#4964,0.);
#4957=DERIVED_UNIT_ELEMENT(#8670,0.);
#4958=DERIVED_UNIT_ELEMENT(#4964,0.);
#4959=DERIVED_UNIT_ELEMENT(#8670,0.);
#4960=DERIVED_UNIT_ELEMENT(#4964,0.);
#4961=DERIVED_UNIT_ELEMENT(#8670,0.);
#4962=DERIVED_UNIT_ELEMENT(#4964,0.);
#4963=DERIVED_UNIT_ELEMENT(#8670,0.);
#4964=(
MASS_UNIT()
NAMED_UNIT(*)
SI_UNIT($,.GRAM.)
);
#4965=DERIVED_UNIT((#4956,#4957));
#4966=DERIVED_UNIT((#4958,#4959));
#4967=DERIVED_UNIT((#4960,#4961));
#4968=DERIVED_UNIT((#4962,#4963));
#4969=MEASURE_REPRESENTATION_ITEM('density measure',
POSITIVE_RATIO_MEASURE(1.),#4965);
#4970=MEASURE_REPRESENTATION_ITEM('density measure',
POSITIVE_RATIO_MEASURE(1.),#4966);
#4971=MEASURE_REPRESENTATION_ITEM('density measure',
POSITIVE_RATIO_MEASURE(1.),#4967);
#4972=MEASURE_REPRESENTATION_ITEM('density measure',
POSITIVE_RATIO_MEASURE(1.),#4968);
#4973=PROPERTY_DEFINITION_REPRESENTATION(#4993,#4981);
#4974=PROPERTY_DEFINITION_REPRESENTATION(#4994,#4982);
#4975=PROPERTY_DEFINITION_REPRESENTATION(#4995,#4983);
#4976=PROPERTY_DEFINITION_REPRESENTATION(#4996,#4984);
#4977=PROPERTY_DEFINITION_REPRESENTATION(#4997,#4985);
#4978=PROPERTY_DEFINITION_REPRESENTATION(#4998,#4986);
#4979=PROPERTY_DEFINITION_REPRESENTATION(#4999,#4987);
#4980=PROPERTY_DEFINITION_REPRESENTATION(#5000,#4988);
#4981=REPRESENTATION('material name',(#4989),#8664);
#4982=REPRESENTATION('density',(#4969),#8664);
#4983=REPRESENTATION('material name',(#4990),#8665);
#4984=REPRESENTATION('density',(#4970),#8665);
#4985=REPRESENTATION('material name',(#4991),#8666);
#4986=REPRESENTATION('density',(#4971),#8666);
#4987=REPRESENTATION('material name',(#4992),#8667);
#4988=REPRESENTATION('density',(#4972),#8667);
#4989=DESCRIPTIVE_REPRESENTATION_ITEM('Generic','Generic');
#4990=DESCRIPTIVE_REPRESENTATION_ITEM('Generic','Generic');
#4991=DESCRIPTIVE_REPRESENTATION_ITEM('Generic','Generic');
#4992=DESCRIPTIVE_REPRESENTATION_ITEM('Generic','Generic');
#4993=PROPERTY_DEFINITION('material property','material name',#8699);
#4994=PROPERTY_DEFINITION('material property','density of part',#8699);
#4995=PROPERTY_DEFINITION('material property','material name',#8700);
#4996=PROPERTY_DEFINITION('material property','density of part',#8700);
#4997=PROPERTY_DEFINITION('material property','material name',#8701);
#4998=PROPERTY_DEFINITION('material property','density of part',#8701);
#4999=PROPERTY_DEFINITION('material property','material name',#8702);
#5000=PROPERTY_DEFINITION('material property','density of part',#8702);
#5001=PRESENTATION_STYLE_ASSIGNMENT((#5007));
#5002=PRESENTATION_STYLE_ASSIGNMENT((#5008));
#5003=PRESENTATION_STYLE_ASSIGNMENT((#5009));
#5004=PRESENTATION_STYLE_ASSIGNMENT((#5010));
#5005=PRESENTATION_STYLE_ASSIGNMENT((#5011));
#5006=PRESENTATION_STYLE_ASSIGNMENT((#5012));
#5007=SURFACE_STYLE_USAGE(.BOTH.,#5013);
#5008=SURFACE_STYLE_USAGE(.BOTH.,#5014);
#5009=SURFACE_STYLE_USAGE(.BOTH.,#5015);
#5010=SURFACE_STYLE_USAGE(.BOTH.,#5016);
#5011=SURFACE_STYLE_USAGE(.BOTH.,#5017);
#5012=SURFACE_STYLE_USAGE(.BOTH.,#5018);
#5013=SURFACE_SIDE_STYLE('',(#5019));
#5014=SURFACE_SIDE_STYLE('',(#5020));
#5015=SURFACE_SIDE_STYLE('',(#5021));
#5016=SURFACE_SIDE_STYLE('',(#5022));
#5017=SURFACE_SIDE_STYLE('',(#5023));
#5018=SURFACE_SIDE_STYLE('',(#5024));
#5019=SURFACE_STYLE_FILL_AREA(#5025);
#5020=SURFACE_STYLE_FILL_AREA(#5026);
#5021=SURFACE_STYLE_FILL_AREA(#5027);
#5022=SURFACE_STYLE_FILL_AREA(#5028);
#5023=SURFACE_STYLE_FILL_AREA(#5029);
#5024=SURFACE_STYLE_FILL_AREA(#5030);
#5025=FILL_AREA_STYLE('',(#5031));
#5026=FILL_AREA_STYLE('',(#5032));
#5027=FILL_AREA_STYLE('',(#5033));
#5028=FILL_AREA_STYLE('',(#5034));
#5029=FILL_AREA_STYLE('',(#5035));
#5030=FILL_AREA_STYLE('',(#5036));
#5031=FILL_AREA_STYLE_COLOUR('',#5037);
#5032=FILL_AREA_STYLE_COLOUR('',#5038);
#5033=FILL_AREA_STYLE_COLOUR('',#5039);
#5034=FILL_AREA_STYLE_COLOUR('',#5040);
#5035=FILL_AREA_STYLE_COLOUR('',#5041);
#5036=FILL_AREA_STYLE_COLOUR('',#5042);
#5037=COLOUR_RGB('',0.749019607843137,0.749019607843137,0.749019607843137);
#5038=COLOUR_RGB('',0.349019607843137,0.349019607843137,0.349019607843137);
#5039=COLOUR_RGB('',0.96078431372549,0.96078431372549,0.96078431372549);
#5040=COLOUR_RGB('',1.,0.8,0.2);
#5041=COLOUR_RGB('',0.956862745098039,0.956862745098039,0.956862745098039);
#5042=COLOUR_RGB('',1.,0.8,0.2);
#5043=DATE_TIME_ROLE('creation_date');
#5044=DATE_TIME_ROLE('creation_date');
#5045=DATE_TIME_ROLE('creation_date');
#5046=DATE_TIME_ROLE('creation_date');
#5047=DATE_TIME_ROLE('creation_date');
#5048=CC_DESIGN_DATE_AND_TIME_ASSIGNMENT(#5053,#5043,(#8698));
#5049=CC_DESIGN_DATE_AND_TIME_ASSIGNMENT(#5054,#5044,(#8699));
#5050=CC_DESIGN_DATE_AND_TIME_ASSIGNMENT(#5055,#5045,(#8700));
#5051=CC_DESIGN_DATE_AND_TIME_ASSIGNMENT(#5056,#5046,(#8701));
#5052=CC_DESIGN_DATE_AND_TIME_ASSIGNMENT(#5057,#5047,(#8702));
#5053=DATE_AND_TIME(#5058,#5063);
#5054=DATE_AND_TIME(#5059,#5064);
#5055=DATE_AND_TIME(#5060,#5065);
#5056=DATE_AND_TIME(#5061,#5066);
#5057=DATE_AND_TIME(#5062,#5067);
#5058=CALENDAR_DATE(2018,4,6);
#5059=CALENDAR_DATE(2018,4,6);
#5060=CALENDAR_DATE(2018,4,6);
#5061=CALENDAR_DATE(2018,4,6);
#5062=CALENDAR_DATE(2018,4,6);
#5063=LOCAL_TIME(7,8,33.,#5068);
#5064=LOCAL_TIME(7,8,33.,#5069);
#5065=LOCAL_TIME(7,8,33.,#5070);
#5066=LOCAL_TIME(7,8,33.,#5071);
#5067=LOCAL_TIME(7,8,33.,#5072);
#5068=COORDINATED_UNIVERSAL_TIME_OFFSET(0,0,.BEHIND.);
#5069=COORDINATED_UNIVERSAL_TIME_OFFSET(0,0,.BEHIND.);
#5070=COORDINATED_UNIVERSAL_TIME_OFFSET(0,0,.BEHIND.);
#5071=COORDINATED_UNIVERSAL_TIME_OFFSET(0,0,.BEHIND.);
#5072=COORDINATED_UNIVERSAL_TIME_OFFSET(0,0,.BEHIND.);
#5073=AXIS2_PLACEMENT_3D('placement',#7191,#5635,#5636);
#5074=AXIS2_PLACEMENT_3D('placement',#7192,#5637,#5638);
#5075=AXIS2_PLACEMENT_3D('',#7193,#5639,#5640);
#5076=AXIS2_PLACEMENT_3D('',#7202,#5645,#5646);
#5077=AXIS2_PLACEMENT_3D('',#7208,#5650,#5651);
#5078=AXIS2_PLACEMENT_3D('',#7214,#5655,#5656);
#5079=AXIS2_PLACEMENT_3D('',#7217,#5659,#5660);
#5080=AXIS2_PLACEMENT_3D('',#7218,#5661,#5662);
#5081=AXIS2_PLACEMENT_3D('',#7227,#5667,#5668);
#5082=AXIS2_PLACEMENT_3D('',#7233,#5672,#5673);
#5083=AXIS2_PLACEMENT_3D('',#7239,#5677,#5678);
#5084=AXIS2_PLACEMENT_3D('',#7242,#5681,#5682);
#5085=AXIS2_PLACEMENT_3D('',#7243,#5683,#5684);
#5086=AXIS2_PLACEMENT_3D('',#7252,#5689,#5690);
#5087=AXIS2_PLACEMENT_3D('',#7258,#5694,#5695);
#5088=AXIS2_PLACEMENT_3D('',#7264,#5699,#5700);
#5089=AXIS2_PLACEMENT_3D('',#7267,#5703,#5704);
#5090=AXIS2_PLACEMENT_3D('',#7268,#5705,#5706);
#5091=AXIS2_PLACEMENT_3D('',#7277,#5711,#5712);
#5092=AXIS2_PLACEMENT_3D('',#7283,#5716,#5717);
#5093=AXIS2_PLACEMENT_3D('',#7289,#5721,#5722);
#5094=AXIS2_PLACEMENT_3D('',#7292,#5725,#5726);
#5095=AXIS2_PLACEMENT_3D('',#7293,#5727,#5728);
#5096=AXIS2_PLACEMENT_3D('',#7302,#5733,#5734);
#5097=AXIS2_PLACEMENT_3D('',#7308,#5738,#5739);
#5098=AXIS2_PLACEMENT_3D('',#7314,#5743,#5744);
#5099=AXIS2_PLACEMENT_3D('',#7317,#5747,#5748);
#5100=AXIS2_PLACEMENT_3D('',#7318,#5749,#5750);
#5101=AXIS2_PLACEMENT_3D('',#7327,#5755,#5756);
#5102=AXIS2_PLACEMENT_3D('',#7333,#5760,#5761);
#5103=AXIS2_PLACEMENT_3D('',#7339,#5765,#5766);
#5104=AXIS2_PLACEMENT_3D('',#7342,#5769,#5770);
#5105=AXIS2_PLACEMENT_3D('',#7343,#5771,#5772);
#5106=AXIS2_PLACEMENT_3D('',#7352,#5777,#5778);
#5107=AXIS2_PLACEMENT_3D('',#7358,#5782,#5783);
#5108=AXIS2_PLACEMENT_3D('',#7364,#5787,#5788);
#5109=AXIS2_PLACEMENT_3D('',#7367,#5791,#5792);
#5110=AXIS2_PLACEMENT_3D('',#7368,#5793,#5794);
#5111=AXIS2_PLACEMENT_3D('',#7377,#5799,#5800);
#5112=AXIS2_PLACEMENT_3D('',#7383,#5804,#5805);
#5113=AXIS2_PLACEMENT_3D('',#7386,#5808,#5809);
#5114=AXIS2_PLACEMENT_3D('',#7387,#5810,#5811);
#5115=AXIS2_PLACEMENT_3D('',#7396,#5816,#5817);
#5116=AXIS2_PLACEMENT_3D('',#7402,#5821,#5822);
#5117=AXIS2_PLACEMENT_3D('',#7408,#5826,#5827);
#5118=AXIS2_PLACEMENT_3D('',#7411,#5830,#5831);
#5119=AXIS2_PLACEMENT_3D('',#7412,#5832,#5833);
#5120=AXIS2_PLACEMENT_3D('placement',#7413,#5834,#5835);
#5121=AXIS2_PLACEMENT_3D('',#7414,#5836,#5837);
#5122=AXIS2_PLACEMENT_3D('',#7423,#5842,#5843);
#5123=AXIS2_PLACEMENT_3D('',#7429,#5847,#5848);
#5124=AXIS2_PLACEMENT_3D('',#7435,#5852,#5853);
#5125=AXIS2_PLACEMENT_3D('',#7438,#5856,#5857);
#5126=AXIS2_PLACEMENT_3D('',#7439,#5858,#5859);
#5127=AXIS2_PLACEMENT_3D('placement',#7440,#5860,#5861);
#5128=AXIS2_PLACEMENT_3D('',#7441,#5862,#5863);
#5129=AXIS2_PLACEMENT_3D('',#7444,#5864,#5865);
#5130=AXIS2_PLACEMENT_3D('',#7448,#5867,#5868);
#5131=AXIS2_PLACEMENT_3D('',#7450,#5870,#5871);
#5132=AXIS2_PLACEMENT_3D('',#7456,#5875,#5876);
#5133=AXIS2_PLACEMENT_3D('',#7458,#5877,#5878);
#5134=AXIS2_PLACEMENT_3D('',#7460,#5879,#5880);
#5135=AXIS2_PLACEMENT_3D('',#7462,#5882,#5883);
#5136=AXIS2_PLACEMENT_3D('',#7464,#5884,#5885);
#5137=AXIS2_PLACEMENT_3D('',#7466,#5886,#5887);
#5138=AXIS2_PLACEMENT_3D('',#7468,#5889,#5890);
#5139=AXIS2_PLACEMENT_3D('',#7470,#5891,#5892);
#5140=AXIS2_PLACEMENT_3D('',#7472,#5893,#5894);
#5141=AXIS2_PLACEMENT_3D('',#7474,#5896,#5897);
#5142=AXIS2_PLACEMENT_3D('',#7476,#5898,#5899);
#5143=AXIS2_PLACEMENT_3D('',#7478,#5900,#5901);
#5144=AXIS2_PLACEMENT_3D('',#7480,#5903,#5904);
#5145=AXIS2_PLACEMENT_3D('',#7482,#5905,#5906);
#5146=AXIS2_PLACEMENT_3D('',#7484,#5907,#5908);
#5147=AXIS2_PLACEMENT_3D('',#7486,#5910,#5911);
#5148=AXIS2_PLACEMENT_3D('',#7488,#5912,#5913);
#5149=AXIS2_PLACEMENT_3D('',#7490,#5914,#5915);
#5150=AXIS2_PLACEMENT_3D('',#7492,#5917,#5918);
#5151=AXIS2_PLACEMENT_3D('',#7494,#5919,#5920);
#5152=AXIS2_PLACEMENT_3D('',#7496,#5921,#5922);
#5153=AXIS2_PLACEMENT_3D('',#7498,#5924,#5925);
#5154=AXIS2_PLACEMENT_3D('',#7500,#5926,#5927);
#5155=AXIS2_PLACEMENT_3D('',#7502,#5928,#5929);
#5156=AXIS2_PLACEMENT_3D('',#7504,#5931,#5932);
#5157=AXIS2_PLACEMENT_3D('',#7506,#5933,#5934);
#5158=AXIS2_PLACEMENT_3D('',#7508,#5935,#5936);
#5159=AXIS2_PLACEMENT_3D('',#7510,#5938,#5939);
#5160=AXIS2_PLACEMENT_3D('',#7512,#5940,#5941);
#5161=AXIS2_PLACEMENT_3D('',#7514,#5942,#5943);
#5162=AXIS2_PLACEMENT_3D('',#7516,#5945,#5946);
#5163=AXIS2_PLACEMENT_3D('',#7518,#5947,#5948);
#5164=AXIS2_PLACEMENT_3D('',#7520,#5949,#5950);
#5165=AXIS2_PLACEMENT_3D('',#7522,#5952,#5953);
#5166=AXIS2_PLACEMENT_3D('',#7524,#5954,#5955);
#5167=AXIS2_PLACEMENT_3D('',#7526,#5956,#5957);
#5168=AXIS2_PLACEMENT_3D('',#7528,#5959,#5960);
#5169=AXIS2_PLACEMENT_3D('',#7530,#5961,#5962);
#5170=AXIS2_PLACEMENT_3D('',#7532,#5963,#5964);
#5171=AXIS2_PLACEMENT_3D('',#7534,#5966,#5967);
#5172=AXIS2_PLACEMENT_3D('',#7536,#5968,#5969);
#5173=AXIS2_PLACEMENT_3D('',#7538,#5970,#5971);
#5174=AXIS2_PLACEMENT_3D('',#7540,#5973,#5974);
#5175=AXIS2_PLACEMENT_3D('',#7542,#5975,#5976);
#5176=AXIS2_PLACEMENT_3D('',#7544,#5977,#5978);
#5177=AXIS2_PLACEMENT_3D('',#7546,#5980,#5981);
#5178=AXIS2_PLACEMENT_3D('',#7552,#5985,#5986);
#5179=AXIS2_PLACEMENT_3D('',#7554,#5987,#5988);
#5180=AXIS2_PLACEMENT_3D('',#7556,#5989,#5990);
#5181=AXIS2_PLACEMENT_3D('',#7558,#5992,#5993);
#5182=AXIS2_PLACEMENT_3D('',#7559,#5994,#5995);
#5183=AXIS2_PLACEMENT_3D('',#7560,#5996,#5997);
#5184=AXIS2_PLACEMENT_3D('',#7561,#5998,#5999);
#5185=AXIS2_PLACEMENT_3D('',#7562,#6000,#6001);
#5186=AXIS2_PLACEMENT_3D('',#7563,#6002,#6003);
#5187=AXIS2_PLACEMENT_3D('',#7572,#6008,#6009);
#5188=AXIS2_PLACEMENT_3D('',#7578,#6013,#6014);
#5189=AXIS2_PLACEMENT_3D('',#7584,#6018,#6019);
#5190=AXIS2_PLACEMENT_3D('',#7590,#6023,#6024);
#5191=AXIS2_PLACEMENT_3D('',#7596,#6028,#6029);
#5192=AXIS2_PLACEMENT_3D('',#7598,#6030,#6031);
#5193=AXIS2_PLACEMENT_3D('',#7600,#6032,#6033);
#5194=AXIS2_PLACEMENT_3D('',#7602,#6035,#6036);
#5195=AXIS2_PLACEMENT_3D('',#7604,#6037,#6038);
#5196=AXIS2_PLACEMENT_3D('',#7606,#6039,#6040);
#5197=AXIS2_PLACEMENT_3D('',#7608,#6042,#6043);
#5198=AXIS2_PLACEMENT_3D('',#7610,#6044,#6045);
#5199=AXIS2_PLACEMENT_3D('',#7612,#6046,#6047);
#5200=AXIS2_PLACEMENT_3D('',#7614,#6049,#6050);
#5201=AXIS2_PLACEMENT_3D('',#7616,#6051,#6052);
#5202=AXIS2_PLACEMENT_3D('',#7618,#6053,#6054);
#5203=AXIS2_PLACEMENT_3D('',#7620,#6056,#6057);
#5204=AXIS2_PLACEMENT_3D('',#7626,#6061,#6062);
#5205=AXIS2_PLACEMENT_3D('',#7632,#6066,#6067);
#5206=AXIS2_PLACEMENT_3D('',#7638,#6071,#6072);
#5207=AXIS2_PLACEMENT_3D('',#7639,#6073,#6074);
#5208=AXIS2_PLACEMENT_3D('',#7640,#6075,#6076);
#5209=AXIS2_PLACEMENT_3D('',#7641,#6077,#6078);
#5210=AXIS2_PLACEMENT_3D('',#7642,#6079,#6080);
#5211=AXIS2_PLACEMENT_3D('',#7643,#6081,#6082);
#5212=AXIS2_PLACEMENT_3D('',#7652,#6087,#6088);
#5213=AXIS2_PLACEMENT_3D('',#7658,#6092,#6093);
#5214=AXIS2_PLACEMENT_3D('',#7664,#6097,#6098);
#5215=AXIS2_PLACEMENT_3D('',#7670,#6102,#6103);
#5216=AXIS2_PLACEMENT_3D('',#7676,#6107,#6108);
#5217=AXIS2_PLACEMENT_3D('',#7678,#6109,#6110);
#5218=AXIS2_PLACEMENT_3D('',#7680,#6111,#6112);
#5219=AXIS2_PLACEMENT_3D('',#7682,#6114,#6115);
#5220=AXIS2_PLACEMENT_3D('',#7684,#6116,#6117);
#5221=AXIS2_PLACEMENT_3D('',#7686,#6118,#6119);
#5222=AXIS2_PLACEMENT_3D('',#7688,#6121,#6122);
#5223=AXIS2_PLACEMENT_3D('',#7690,#6123,#6124);
#5224=AXIS2_PLACEMENT_3D('',#7692,#6125,#6126);
#5225=AXIS2_PLACEMENT_3D('',#7694,#6128,#6129);
#5226=AXIS2_PLACEMENT_3D('',#7696,#6130,#6131);
#5227=AXIS2_PLACEMENT_3D('',#7698,#6132,#6133);
#5228=AXIS2_PLACEMENT_3D('',#7700,#6135,#6136);
#5229=AXIS2_PLACEMENT_3D('',#7706,#6140,#6141);
#5230=AXIS2_PLACEMENT_3D('',#7712,#6145,#6146);
#5231=AXIS2_PLACEMENT_3D('',#7718,#6150,#6151);
#5232=AXIS2_PLACEMENT_3D('',#7719,#6152,#6153);
#5233=AXIS2_PLACEMENT_3D('',#7720,#6154,#6155);
#5234=AXIS2_PLACEMENT_3D('',#7721,#6156,#6157);
#5235=AXIS2_PLACEMENT_3D('',#7722,#6158,#6159);
#5236=AXIS2_PLACEMENT_3D('',#7723,#6160,#6161);
#5237=AXIS2_PLACEMENT_3D('',#7726,#6162,#6163);
#5238=AXIS2_PLACEMENT_3D('',#7730,#6165,#6166);
#5239=AXIS2_PLACEMENT_3D('',#7732,#6168,#6169);
#5240=AXIS2_PLACEMENT_3D('',#7734,#6170,#6171);
#5241=AXIS2_PLACEMENT_3D('',#7736,#6172,#6173);
#5242=AXIS2_PLACEMENT_3D('',#7738,#6175,#6176);
#5243=AXIS2_PLACEMENT_3D('',#7744,#6180,#6181);
#5244=AXIS2_PLACEMENT_3D('',#7746,#6182,#6183);
#5245=AXIS2_PLACEMENT_3D('',#7748,#6184,#6185);
#5246=AXIS2_PLACEMENT_3D('',#7750,#6187,#6188);
#5247=AXIS2_PLACEMENT_3D('',#7752,#6189,#6190);
#5248=AXIS2_PLACEMENT_3D('',#7754,#6191,#6192);
#5249=AXIS2_PLACEMENT_3D('',#7756,#6194,#6195);
#5250=AXIS2_PLACEMENT_3D('',#7758,#6196,#6197);
#5251=AXIS2_PLACEMENT_3D('',#7760,#6198,#6199);
#5252=AXIS2_PLACEMENT_3D('',#7762,#6201,#6202);
#5253=AXIS2_PLACEMENT_3D('',#7764,#6203,#6204);
#5254=AXIS2_PLACEMENT_3D('',#7766,#6205,#6206);
#5255=AXIS2_PLACEMENT_3D('',#7768,#6208,#6209);
#5256=AXIS2_PLACEMENT_3D('',#7774,#6213,#6214);
#5257=AXIS2_PLACEMENT_3D('',#7780,#6218,#6219);
#5258=AXIS2_PLACEMENT_3D('',#7786,#6223,#6224);
#5259=AXIS2_PLACEMENT_3D('',#7792,#6228,#6229);
#5260=AXIS2_PLACEMENT_3D('',#7798,#6233,#6234);
#5261=AXIS2_PLACEMENT_3D('',#7804,#6238,#6239);
#5262=AXIS2_PLACEMENT_3D('',#7810,#6243,#6244);
#5263=AXIS2_PLACEMENT_3D('',#7816,#6248,#6249);
#5264=AXIS2_PLACEMENT_3D('',#7822,#6253,#6254);
#5265=AXIS2_PLACEMENT_3D('',#7828,#6258,#6259);
#5266=AXIS2_PLACEMENT_3D('',#7834,#6263,#6264);
#5267=AXIS2_PLACEMENT_3D('',#7835,#6265,#6266);
#5268=AXIS2_PLACEMENT_3D('',#7836,#6267,#6268);
#5269=AXIS2_PLACEMENT_3D('',#7837,#6269,#6270);
#5270=AXIS2_PLACEMENT_3D('',#7838,#6271,#6272);
#5271=AXIS2_PLACEMENT_3D('',#7839,#6273,#6274);
#5272=AXIS2_PLACEMENT_3D('',#7841,#6275,#6276);
#5273=AXIS2_PLACEMENT_3D('',#7843,#6277,#6278);
#5274=AXIS2_PLACEMENT_3D('',#7844,#6279,#6280);
#5275=AXIS2_PLACEMENT_3D('',#7845,#6281,#6282);
#5276=AXIS2_PLACEMENT_3D('',#7846,#6283,#6284);
#5277=AXIS2_PLACEMENT_3D('',#7848,#6285,#6286);
#5278=AXIS2_PLACEMENT_3D('',#7850,#6287,#6288);
#5279=AXIS2_PLACEMENT_3D('',#7851,#6289,#6290);
#5280=AXIS2_PLACEMENT_3D('',#7852,#6291,#6292);
#5281=AXIS2_PLACEMENT_3D('',#7853,#6293,#6294);
#5282=AXIS2_PLACEMENT_3D('',#7862,#6299,#6300);
#5283=AXIS2_PLACEMENT_3D('',#7868,#6304,#6305);
#5284=AXIS2_PLACEMENT_3D('',#7874,#6309,#6310);
#5285=AXIS2_PLACEMENT_3D('',#7877,#6313,#6314);
#5286=AXIS2_PLACEMENT_3D('',#7878,#6315,#6316);
#5287=AXIS2_PLACEMENT_3D('',#7879,#6317,#6318);
#5288=AXIS2_PLACEMENT_3D('',#7888,#6323,#6324);
#5289=AXIS2_PLACEMENT_3D('',#7894,#6328,#6329);
#5290=AXIS2_PLACEMENT_3D('',#7900,#6333,#6334);
#5291=AXIS2_PLACEMENT_3D('',#7903,#6337,#6338);
#5292=AXIS2_PLACEMENT_3D('',#7904,#6339,#6340);
#5293=AXIS2_PLACEMENT_3D('',#7905,#6341,#6342);
#5294=AXIS2_PLACEMENT_3D('',#7914,#6347,#6348);
#5295=AXIS2_PLACEMENT_3D('',#7920,#6352,#6353);
#5296=AXIS2_PLACEMENT_3D('',#7926,#6357,#6358);
#5297=AXIS2_PLACEMENT_3D('',#7929,#6361,#6362);
#5298=AXIS2_PLACEMENT_3D('',#7930,#6363,#6364);
#5299=AXIS2_PLACEMENT_3D('',#7931,#6365,#6366);
#5300=AXIS2_PLACEMENT_3D('',#7940,#6371,#6372);
#5301=AXIS2_PLACEMENT_3D('',#7946,#6376,#6377);
#5302=AXIS2_PLACEMENT_3D('',#7952,#6381,#6382);
#5303=AXIS2_PLACEMENT_3D('',#7958,#6386,#6387);
#5304=AXIS2_PLACEMENT_3D('',#7964,#6391,#6392);
#5305=AXIS2_PLACEMENT_3D('',#7966,#6393,#6394);
#5306=AXIS2_PLACEMENT_3D('',#7968,#6395,#6396);
#5307=AXIS2_PLACEMENT_3D('',#7970,#6398,#6399);
#5308=AXIS2_PLACEMENT_3D('',#7972,#6400,#6401);
#5309=AXIS2_PLACEMENT_3D('',#7974,#6402,#6403);
#5310=AXIS2_PLACEMENT_3D('',#7976,#6405,#6406);
#5311=AXIS2_PLACEMENT_3D('',#7978,#6407,#6408);
#5312=AXIS2_PLACEMENT_3D('',#7980,#6409,#6410);
#5313=AXIS2_PLACEMENT_3D('',#7982,#6412,#6413);
#5314=AXIS2_PLACEMENT_3D('',#7984,#6414,#6415);
#5315=AXIS2_PLACEMENT_3D('',#7986,#6416,#6417);
#5316=AXIS2_PLACEMENT_3D('',#7988,#6419,#6420);
#5317=AXIS2_PLACEMENT_3D('',#7994,#6424,#6425);
#5318=AXIS2_PLACEMENT_3D('',#8000,#6429,#6430);
#5319=AXIS2_PLACEMENT_3D('',#8006,#6434,#6435);
#5320=AXIS2_PLACEMENT_3D('',#8007,#6436,#6437);
#5321=AXIS2_PLACEMENT_3D('',#8008,#6438,#6439);
#5322=AXIS2_PLACEMENT_3D('',#8009,#6440,#6441);
#5323=AXIS2_PLACEMENT_3D('',#8010,#6442,#6443);
#5324=AXIS2_PLACEMENT_3D('',#8011,#6444,#6445);
#5325=AXIS2_PLACEMENT_3D('',#8020,#6450,#6451);
#5326=AXIS2_PLACEMENT_3D('',#8026,#6455,#6456);
#5327=AXIS2_PLACEMENT_3D('',#8028,#6457,#6458);
#5328=AXIS2_PLACEMENT_3D('',#8031,#6460,#6461);
#5329=AXIS2_PLACEMENT_3D('',#8032,#6462,#6463);
#5330=AXIS2_PLACEMENT_3D('',#8034,#6464,#6465);
#5331=AXIS2_PLACEMENT_3D('',#8037,#6467,#6468);
#5332=AXIS2_PLACEMENT_3D('',#8038,#6469,#6470);
#5333=AXIS2_PLACEMENT_3D('',#8040,#6471,#6472);
#5334=AXIS2_PLACEMENT_3D('',#8043,#6474,#6475);
#5335=AXIS2_PLACEMENT_3D('',#8044,#6476,#6477);
#5336=AXIS2_PLACEMENT_3D('',#8046,#6478,#6479);
#5337=AXIS2_PLACEMENT_3D('',#8049,#6481,#6482);
#5338=AXIS2_PLACEMENT_3D('',#8050,#6483,#6484);
#5339=AXIS2_PLACEMENT_3D('',#8052,#6485,#6486);
#5340=AXIS2_PLACEMENT_3D('',#8055,#6488,#6489);
#5341=AXIS2_PLACEMENT_3D('',#8056,#6490,#6491);
#5342=AXIS2_PLACEMENT_3D('',#8058,#6492,#6493);
#5343=AXIS2_PLACEMENT_3D('',#8061,#6495,#6496);
#5344=AXIS2_PLACEMENT_3D('',#8062,#6497,#6498);
#5345=AXIS2_PLACEMENT_3D('',#8063,#6499,#6500);
#5346=AXIS2_PLACEMENT_3D('',#8064,#6501,#6502);
#5347=AXIS2_PLACEMENT_3D('',#8065,#6503,#6504);
#5348=AXIS2_PLACEMENT_3D('',#8068,#6505,#6506);
#5349=AXIS2_PLACEMENT_3D('',#8072,#6508,#6509);
#5350=AXIS2_PLACEMENT_3D('',#8074,#6511,#6512);
#5351=AXIS2_PLACEMENT_3D('',#8076,#6513,#6514);
#5352=AXIS2_PLACEMENT_3D('',#8078,#6515,#6516);
#5353=AXIS2_PLACEMENT_3D('',#8080,#6518,#6519);
#5354=AXIS2_PLACEMENT_3D('',#8082,#6520,#6521);
#5355=AXIS2_PLACEMENT_3D('',#8084,#6522,#6523);
#5356=AXIS2_PLACEMENT_3D('',#8086,#6525,#6526);
#5357=AXIS2_PLACEMENT_3D('',#8092,#6530,#6531);
#5358=AXIS2_PLACEMENT_3D('',#8098,#6535,#6536);
#5359=AXIS2_PLACEMENT_3D('',#8100,#6537,#6538);
#5360=AXIS2_PLACEMENT_3D('',#8102,#6539,#6540);
#5361=AXIS2_PLACEMENT_3D('',#8104,#6542,#6543);
#5362=AXIS2_PLACEMENT_3D('',#8106,#6544,#6545);
#5363=AXIS2_PLACEMENT_3D('',#8108,#6546,#6547);
#5364=AXIS2_PLACEMENT_3D('',#8110,#6549,#6550);
#5365=AXIS2_PLACEMENT_3D('',#8112,#6551,#6552);
#5366=AXIS2_PLACEMENT_3D('',#8114,#6553,#6554);
#5367=AXIS2_PLACEMENT_3D('',#8116,#6556,#6557);
#5368=AXIS2_PLACEMENT_3D('',#8118,#6558,#6559);
#5369=AXIS2_PLACEMENT_3D('',#8120,#6560,#6561);
#5370=AXIS2_PLACEMENT_3D('',#8122,#6563,#6564);
#5371=AXIS2_PLACEMENT_3D('',#8124,#6565,#6566);
#5372=AXIS2_PLACEMENT_3D('',#8126,#6567,#6568);
#5373=AXIS2_PLACEMENT_3D('',#8128,#6570,#6571);
#5374=AXIS2_PLACEMENT_3D('',#8130,#6572,#6573);
#5375=AXIS2_PLACEMENT_3D('',#8132,#6574,#6575);
#5376=AXIS2_PLACEMENT_3D('',#8134,#6577,#6578);
#5377=AXIS2_PLACEMENT_3D('',#8136,#6579,#6580);
#5378=AXIS2_PLACEMENT_3D('',#8138,#6581,#6582);
#5379=AXIS2_PLACEMENT_3D('',#8140,#6584,#6585);
#5380=AXIS2_PLACEMENT_3D('',#8142,#6586,#6587);
#5381=AXIS2_PLACEMENT_3D('',#8144,#6588,#6589);
#5382=AXIS2_PLACEMENT_3D('',#8146,#6591,#6592);
#5383=AXIS2_PLACEMENT_3D('',#8148,#6593,#6594);
#5384=AXIS2_PLACEMENT_3D('',#8150,#6595,#6596);
#5385=AXIS2_PLACEMENT_3D('',#8152,#6598,#6599);
#5386=AXIS2_PLACEMENT_3D('',#8158,#6603,#6604);
#5387=AXIS2_PLACEMENT_3D('',#8164,#6608,#6609);
#5388=AXIS2_PLACEMENT_3D('',#8166,#6610,#6611);
#5389=AXIS2_PLACEMENT_3D('',#8168,#6612,#6613);
#5390=AXIS2_PLACEMENT_3D('',#8170,#6615,#6616);
#5391=AXIS2_PLACEMENT_3D('',#8172,#6617,#6618);
#5392=AXIS2_PLACEMENT_3D('',#8174,#6619,#6620);
#5393=AXIS2_PLACEMENT_3D('',#8176,#6622,#6623);
#5394=AXIS2_PLACEMENT_3D('',#8178,#6624,#6625);
#5395=AXIS2_PLACEMENT_3D('',#8180,#6626,#6627);
#5396=AXIS2_PLACEMENT_3D('',#8182,#6629,#6630);
#5397=AXIS2_PLACEMENT_3D('',#8184,#6631,#6632);
#5398=AXIS2_PLACEMENT_3D('',#8186,#6633,#6634);
#5399=AXIS2_PLACEMENT_3D('',#8188,#6636,#6637);
#5400=AXIS2_PLACEMENT_3D('',#8190,#6638,#6639);
#5401=AXIS2_PLACEMENT_3D('',#8192,#6640,#6641);
#5402=AXIS2_PLACEMENT_3D('',#8194,#6643,#6644);
#5403=AXIS2_PLACEMENT_3D('',#8196,#6645,#6646);
#5404=AXIS2_PLACEMENT_3D('',#8198,#6647,#6648);
#5405=AXIS2_PLACEMENT_3D('',#8200,#6650,#6651);
#5406=AXIS2_PLACEMENT_3D('',#8202,#6652,#6653);
#5407=AXIS2_PLACEMENT_3D('',#8204,#6654,#6655);
#5408=AXIS2_PLACEMENT_3D('',#8206,#6657,#6658);
#5409=AXIS2_PLACEMENT_3D('',#8208,#6659,#6660);
#5410=AXIS2_PLACEMENT_3D('',#8210,#6661,#6662);
#5411=AXIS2_PLACEMENT_3D('',#8212,#6664,#6665);
#5412=AXIS2_PLACEMENT_3D('',#8214,#6666,#6667);
#5413=AXIS2_PLACEMENT_3D('',#8216,#6668,#6669);
#5414=AXIS2_PLACEMENT_3D('',#8218,#6671,#6672);
#5415=AXIS2_PLACEMENT_3D('',#8220,#6673,#6674);
#5416=AXIS2_PLACEMENT_3D('',#8222,#6675,#6676);
#5417=AXIS2_PLACEMENT_3D('',#8224,#6678,#6679);
#5418=AXIS2_PLACEMENT_3D('',#8226,#6680,#6681);
#5419=AXIS2_PLACEMENT_3D('',#8228,#6682,#6683);
#5420=AXIS2_PLACEMENT_3D('',#8230,#6685,#6686);
#5421=AXIS2_PLACEMENT_3D('',#8232,#6687,#6688);
#5422=AXIS2_PLACEMENT_3D('',#8234,#6689,#6690);
#5423=AXIS2_PLACEMENT_3D('',#8236,#6692,#6693);
#5424=AXIS2_PLACEMENT_3D('',#8238,#6694,#6695);
#5425=AXIS2_PLACEMENT_3D('',#8240,#6696,#6697);
#5426=AXIS2_PLACEMENT_3D('',#8242,#6699,#6700);
#5427=AXIS2_PLACEMENT_3D('',#8244,#6701,#6702);
#5428=AXIS2_PLACEMENT_3D('',#8246,#6703,#6704);
#5429=AXIS2_PLACEMENT_3D('',#8248,#6706,#6707);
#5430=AXIS2_PLACEMENT_3D('',#8250,#6708,#6709);
#5431=AXIS2_PLACEMENT_3D('',#8252,#6710,#6711);
#5432=AXIS2_PLACEMENT_3D('',#8254,#6713,#6714);
#5433=AXIS2_PLACEMENT_3D('',#8256,#6715,#6716);
#5434=AXIS2_PLACEMENT_3D('',#8258,#6717,#6718);
#5435=AXIS2_PLACEMENT_3D('',#8260,#6720,#6721);
#5436=AXIS2_PLACEMENT_3D('',#8262,#6722,#6723);
#5437=AXIS2_PLACEMENT_3D('',#8264,#6724,#6725);
#5438=AXIS2_PLACEMENT_3D('',#8266,#6727,#6728);
#5439=AXIS2_PLACEMENT_3D('',#8268,#6729,#6730);
#5440=AXIS2_PLACEMENT_3D('',#8270,#6731,#6732);
#5441=AXIS2_PLACEMENT_3D('',#8272,#6734,#6735);
#5442=AXIS2_PLACEMENT_3D('',#8274,#6736,#6737);
#5443=AXIS2_PLACEMENT_3D('',#8276,#6738,#6739);
#5444=AXIS2_PLACEMENT_3D('',#8278,#6741,#6742);
#5445=AXIS2_PLACEMENT_3D('',#8279,#6743,#6744);
#5446=AXIS2_PLACEMENT_3D('',#8280,#6745,#6746);
#5447=AXIS2_PLACEMENT_3D('',#8281,#6747,#6748);
#5448=AXIS2_PLACEMENT_3D('',#8282,#6749,#6750);
#5449=AXIS2_PLACEMENT_3D('',#8283,#6751,#6752);
#5450=AXIS2_PLACEMENT_3D('',#8286,#6753,#6754);
#5451=AXIS2_PLACEMENT_3D('',#8290,#6756,#6757);
#5452=AXIS2_PLACEMENT_3D('',#8292,#6759,#6760);
#5453=AXIS2_PLACEMENT_3D('',#8294,#6761,#6762);
#5454=AXIS2_PLACEMENT_3D('',#8297,#6764,#6765);
#5455=AXIS2_PLACEMENT_3D('',#8298,#6766,#6767);
#5456=AXIS2_PLACEMENT_3D('',#8300,#6768,#6769);
#5457=AXIS2_PLACEMENT_3D('',#8303,#6771,#6772);
#5458=AXIS2_PLACEMENT_3D('',#8304,#6773,#6774);
#5459=AXIS2_PLACEMENT_3D('',#8306,#6775,#6776);
#5460=AXIS2_PLACEMENT_3D('',#8309,#6778,#6779);
#5461=AXIS2_PLACEMENT_3D('',#8310,#6780,#6781);
#5462=AXIS2_PLACEMENT_3D('',#8312,#6782,#6783);
#5463=AXIS2_PLACEMENT_3D('',#8315,#6785,#6786);
#5464=AXIS2_PLACEMENT_3D('',#8316,#6787,#6788);
#5465=AXIS2_PLACEMENT_3D('',#8318,#6789,#6790);
#5466=AXIS2_PLACEMENT_3D('',#8321,#6792,#6793);
#5467=AXIS2_PLACEMENT_3D('',#8322,#6794,#6795);
#5468=AXIS2_PLACEMENT_3D('',#8324,#6796,#6797);
#5469=AXIS2_PLACEMENT_3D('',#8327,#6799,#6800);
#5470=AXIS2_PLACEMENT_3D('',#8328,#6801,#6802);
#5471=AXIS2_PLACEMENT_3D('',#8330,#6803,#6804);
#5472=AXIS2_PLACEMENT_3D('',#8333,#6806,#6807);
#5473=AXIS2_PLACEMENT_3D('',#8334,#6808,#6809);
#5474=AXIS2_PLACEMENT_3D('',#8336,#6810,#6811);
#5475=AXIS2_PLACEMENT_3D('',#8339,#6813,#6814);
#5476=AXIS2_PLACEMENT_3D('',#8340,#6815,#6816);
#5477=AXIS2_PLACEMENT_3D('',#8342,#6817,#6818);
#5478=AXIS2_PLACEMENT_3D('',#8345,#6820,#6821);
#5479=AXIS2_PLACEMENT_3D('',#8346,#6822,#6823);
#5480=AXIS2_PLACEMENT_3D('',#8348,#6824,#6825);
#5481=AXIS2_PLACEMENT_3D('',#8351,#6827,#6828);
#5482=AXIS2_PLACEMENT_3D('',#8352,#6829,#6830);
#5483=AXIS2_PLACEMENT_3D('',#8354,#6831,#6832);
#5484=AXIS2_PLACEMENT_3D('',#8357,#6834,#6835);
#5485=AXIS2_PLACEMENT_3D('',#8358,#6836,#6837);
#5486=AXIS2_PLACEMENT_3D('',#8360,#6838,#6839);
#5487=AXIS2_PLACEMENT_3D('',#8363,#6841,#6842);
#5488=AXIS2_PLACEMENT_3D('',#8364,#6843,#6844);
#5489=AXIS2_PLACEMENT_3D('',#8366,#6845,#6846);
#5490=AXIS2_PLACEMENT_3D('',#8369,#6848,#6849);
#5491=AXIS2_PLACEMENT_3D('',#8370,#6850,#6851);
#5492=AXIS2_PLACEMENT_3D('',#8372,#6852,#6853);
#5493=AXIS2_PLACEMENT_3D('',#8375,#6855,#6856);
#5494=AXIS2_PLACEMENT_3D('',#8376,#6857,#6858);
#5495=AXIS2_PLACEMENT_3D('',#8378,#6859,#6860);
#5496=AXIS2_PLACEMENT_3D('',#8381,#6862,#6863);
#5497=AXIS2_PLACEMENT_3D('',#8382,#6864,#6865);
#5498=AXIS2_PLACEMENT_3D('',#8384,#6866,#6867);
#5499=AXIS2_PLACEMENT_3D('',#8387,#6869,#6870);
#5500=AXIS2_PLACEMENT_3D('',#8388,#6871,#6872);
#5501=AXIS2_PLACEMENT_3D('',#8390,#6873,#6874);
#5502=AXIS2_PLACEMENT_3D('',#8393,#6876,#6877);
#5503=AXIS2_PLACEMENT_3D('',#8394,#6878,#6879);
#5504=AXIS2_PLACEMENT_3D('',#8396,#6880,#6881);
#5505=AXIS2_PLACEMENT_3D('',#8399,#6883,#6884);
#5506=AXIS2_PLACEMENT_3D('',#8400,#6885,#6886);
#5507=AXIS2_PLACEMENT_3D('',#8402,#6887,#6888);
#5508=AXIS2_PLACEMENT_3D('',#8405,#6890,#6891);
#5509=AXIS2_PLACEMENT_3D('',#8406,#6892,#6893);
#5510=AXIS2_PLACEMENT_3D('',#8408,#6894,#6895);
#5511=AXIS2_PLACEMENT_3D('',#8411,#6897,#6898);
#5512=AXIS2_PLACEMENT_3D('',#8412,#6899,#6900);
#5513=AXIS2_PLACEMENT_3D('',#8414,#6901,#6902);
#5514=AXIS2_PLACEMENT_3D('',#8417,#6904,#6905);
#5515=AXIS2_PLACEMENT_3D('',#8418,#6906,#6907);
#5516=AXIS2_PLACEMENT_3D('',#8420,#6908,#6909);
#5517=AXIS2_PLACEMENT_3D('',#8423,#6911,#6912);
#5518=AXIS2_PLACEMENT_3D('',#8424,#6913,#6914);
#5519=AXIS2_PLACEMENT_3D('',#8426,#6915,#6916);
#5520=AXIS2_PLACEMENT_3D('',#8429,#6918,#6919);
#5521=AXIS2_PLACEMENT_3D('',#8430,#6920,#6921);
#5522=AXIS2_PLACEMENT_3D('',#8432,#6922,#6923);
#5523=AXIS2_PLACEMENT_3D('',#8435,#6925,#6926);
#5524=AXIS2_PLACEMENT_3D('',#8436,#6927,#6928);
#5525=AXIS2_PLACEMENT_3D('',#8438,#6929,#6930);
#5526=AXIS2_PLACEMENT_3D('',#8441,#6932,#6933);
#5527=AXIS2_PLACEMENT_3D('',#8442,#6934,#6935);
#5528=AXIS2_PLACEMENT_3D('',#8444,#6936,#6937);
#5529=AXIS2_PLACEMENT_3D('',#8447,#6939,#6940);
#5530=AXIS2_PLACEMENT_3D('',#8448,#6941,#6942);
#5531=AXIS2_PLACEMENT_3D('',#8450,#6943,#6944);
#5532=AXIS2_PLACEMENT_3D('',#8453,#6946,#6947);
#5533=AXIS2_PLACEMENT_3D('',#8454,#6948,#6949);
#5534=AXIS2_PLACEMENT_3D('',#8456,#6950,#6951);
#5535=AXIS2_PLACEMENT_3D('',#8459,#6953,#6954);
#5536=AXIS2_PLACEMENT_3D('',#8460,#6955,#6956);
#5537=AXIS2_PLACEMENT_3D('',#8462,#6957,#6958);
#5538=AXIS2_PLACEMENT_3D('',#8465,#6960,#6961);
#5539=AXIS2_PLACEMENT_3D('',#8466,#6962,#6963);
#5540=AXIS2_PLACEMENT_3D('',#8468,#6964,#6965);
#5541=AXIS2_PLACEMENT_3D('',#8471,#6967,#6968);
#5542=AXIS2_PLACEMENT_3D('',#8472,#6969,#6970);
#5543=AXIS2_PLACEMENT_3D('',#8474,#6971,#6972);
#5544=AXIS2_PLACEMENT_3D('',#8477,#6974,#6975);
#5545=AXIS2_PLACEMENT_3D('',#8478,#6976,#6977);
#5546=AXIS2_PLACEMENT_3D('',#8480,#6978,#6979);
#5547=AXIS2_PLACEMENT_3D('',#8483,#6981,#6982);
#5548=AXIS2_PLACEMENT_3D('',#8484,#6983,#6984);
#5549=AXIS2_PLACEMENT_3D('',#8486,#6985,#6986);
#5550=AXIS2_PLACEMENT_3D('',#8489,#6988,#6989);
#5551=AXIS2_PLACEMENT_3D('',#8490,#6990,#6991);
#5552=AXIS2_PLACEMENT_3D('',#8492,#6992,#6993);
#5553=AXIS2_PLACEMENT_3D('',#8495,#6995,#6996);
#5554=AXIS2_PLACEMENT_3D('',#8496,#6997,#6998);
#5555=AXIS2_PLACEMENT_3D('',#8497,#6999,#7000);
#5556=AXIS2_PLACEMENT_3D('',#8498,#7001,#7002);
#5557=AXIS2_PLACEMENT_3D('',#8499,#7003,#7004);
#5558=AXIS2_PLACEMENT_3D('',#8502,#7005,#7006);
#5559=AXIS2_PLACEMENT_3D('',#8506,#7008,#7009);
#5560=AXIS2_PLACEMENT_3D('',#8508,#7011,#7012);
#5561=AXIS2_PLACEMENT_3D('',#8510,#7013,#7014);
#5562=AXIS2_PLACEMENT_3D('',#8512,#7015,#7016);
#5563=AXIS2_PLACEMENT_3D('',#8514,#7018,#7019);
#5564=AXIS2_PLACEMENT_3D('',#8516,#7020,#7021);
#5565=AXIS2_PLACEMENT_3D('',#8518,#7022,#7023);
#5566=AXIS2_PLACEMENT_3D('',#8520,#7025,#7026);
#5567=AXIS2_PLACEMENT_3D('',#8522,#7027,#7028);
#5568=AXIS2_PLACEMENT_3D('',#8524,#7029,#7030);
#5569=AXIS2_PLACEMENT_3D('',#8526,#7032,#7033);
#5570=AXIS2_PLACEMENT_3D('',#8528,#7034,#7035);
#5571=AXIS2_PLACEMENT_3D('',#8530,#7036,#7037);
#5572=AXIS2_PLACEMENT_3D('',#8532,#7039,#7040);
#5573=AXIS2_PLACEMENT_3D('',#8534,#7041,#7042);
#5574=AXIS2_PLACEMENT_3D('',#8536,#7043,#7044);
#5575=AXIS2_PLACEMENT_3D('',#8538,#7046,#7047);
#5576=AXIS2_PLACEMENT_3D('',#8540,#7048,#7049);
#5577=AXIS2_PLACEMENT_3D('',#8542,#7050,#7051);
#5578=AXIS2_PLACEMENT_3D('',#8544,#7053,#7054);
#5579=AXIS2_PLACEMENT_3D('',#8546,#7055,#7056);
#5580=AXIS2_PLACEMENT_3D('',#8548,#7057,#7058);
#5581=AXIS2_PLACEMENT_3D('',#8550,#7060,#7061);
#5582=AXIS2_PLACEMENT_3D('',#8552,#7062,#7063);
#5583=AXIS2_PLACEMENT_3D('',#8554,#7064,#7065);
#5584=AXIS2_PLACEMENT_3D('',#8556,#7067,#7068);
#5585=AXIS2_PLACEMENT_3D('',#8558,#7069,#7070);
#5586=AXIS2_PLACEMENT_3D('',#8560,#7071,#7072);
#5587=AXIS2_PLACEMENT_3D('',#8562,#7074,#7075);
#5588=AXIS2_PLACEMENT_3D('',#8564,#7076,#7077);
#5589=AXIS2_PLACEMENT_3D('',#8566,#7078,#7079);
#5590=AXIS2_PLACEMENT_3D('',#8568,#7081,#7082);
#5591=AXIS2_PLACEMENT_3D('',#8570,#7083,#7084);
#5592=AXIS2_PLACEMENT_3D('',#8572,#7085,#7086);
#5593=AXIS2_PLACEMENT_3D('',#8574,#7088,#7089);
#5594=AXIS2_PLACEMENT_3D('',#8576,#7090,#7091);
#5595=AXIS2_PLACEMENT_3D('',#8578,#7092,#7093);
#5596=AXIS2_PLACEMENT_3D('',#8580,#7095,#7096);
#5597=AXIS2_PLACEMENT_3D('',#8582,#7097,#7098);
#5598=AXIS2_PLACEMENT_3D('',#8584,#7099,#7100);
#5599=AXIS2_PLACEMENT_3D('',#8586,#7102,#7103);
#5600=AXIS2_PLACEMENT_3D('',#8588,#7104,#7105);
#5601=AXIS2_PLACEMENT_3D('',#8590,#7106,#7107);
#5602=AXIS2_PLACEMENT_3D('',#8592,#7109,#7110);
#5603=AXIS2_PLACEMENT_3D('',#8594,#7111,#7112);
#5604=AXIS2_PLACEMENT_3D('',#8596,#7113,#7114);
#5605=AXIS2_PLACEMENT_3D('',#8598,#7116,#7117);
#5606=AXIS2_PLACEMENT_3D('',#8600,#7118,#7119);
#5607=AXIS2_PLACEMENT_3D('',#8602,#7120,#7121);
#5608=AXIS2_PLACEMENT_3D('',#8604,#7123,#7124);
#5609=AXIS2_PLACEMENT_3D('',#8606,#7125,#7126);
#5610=AXIS2_PLACEMENT_3D('',#8608,#7127,#7128);
#5611=AXIS2_PLACEMENT_3D('',#8610,#7130,#7131);
#5612=AXIS2_PLACEMENT_3D('',#8612,#7132,#7133);
#5613=AXIS2_PLACEMENT_3D('',#8614,#7134,#7135);
#5614=AXIS2_PLACEMENT_3D('',#8616,#7137,#7138);
#5615=AXIS2_PLACEMENT_3D('',#8617,#7139,#7140);
#5616=AXIS2_PLACEMENT_3D('',#8618,#7141,#7142);
#5617=AXIS2_PLACEMENT_3D('',#8619,#7143,#7144);
#5618=AXIS2_PLACEMENT_3D('',#8620,#7145,#7146);
#5619=AXIS2_PLACEMENT_3D('placement',#8621,#7147,#7148);
#5620=AXIS2_PLACEMENT_3D('',#8622,#7149,#7150);
#5621=AXIS2_PLACEMENT_3D('',#8631,#7155,#7156);
#5622=AXIS2_PLACEMENT_3D('',#8637,#7160,#7161);
#5623=AXIS2_PLACEMENT_3D('',#8643,#7165,#7166);
#5624=AXIS2_PLACEMENT_3D('',#8646,#7169,#7170);
#5625=AXIS2_PLACEMENT_3D('',#8647,#7171,#7172);
#5626=AXIS2_PLACEMENT_3D('',#8648,#7173,#7174);
#5627=AXIS2_PLACEMENT_3D('',#8649,#7175,#7176);
#5628=AXIS2_PLACEMENT_3D('',#8650,#7177,#7178);
#5629=AXIS2_PLACEMENT_3D('',#8651,#7179,#7180);
#5630=AXIS2_PLACEMENT_3D('',#8652,#7181,#7182);
#5631=AXIS2_PLACEMENT_3D('',#8653,#7183,#7184);
#5632=AXIS2_PLACEMENT_3D('',#8654,#7185,#7186);
#5633=AXIS2_PLACEMENT_3D('',#8655,#7187,#7188);
#5634=AXIS2_PLACEMENT_3D('',#8656,#7189,#7190);
#5635=DIRECTION('axis',(0.,0.,1.));
#5636=DIRECTION('refdir',(1.,0.,0.));
#5637=DIRECTION('axis',(0.,0.,1.));
#5638=DIRECTION('refdir',(1.,0.,0.));
#5639=DIRECTION('center_axis',(-1.,-6.93889390390723E-16,0.));
#5640=DIRECTION('ref_axis',(6.93889390390723E-16,-1.,0.));
#5641=DIRECTION('',(6.93889390390723E-16,-1.,0.));
#5642=DIRECTION('',(0.,0.,1.));
#5643=DIRECTION('',(6.93889390390723E-16,-1.,0.));
#5644=DIRECTION('',(0.,0.,1.));
#5645=DIRECTION('center_axis',(0.,1.,0.));
#5646=DIRECTION('ref_axis',(-1.,0.,0.));
#5647=DIRECTION('',(-1.,0.,0.));
#5648=DIRECTION('',(0.,0.,1.));
#5649=DIRECTION('',(-1.,0.,0.));
#5650=DIRECTION('center_axis',(1.,3.46944695195362E-16,0.));
#5651=DIRECTION('ref_axis',(-3.46944695195362E-16,1.,0.));
#5652=DIRECTION('',(-3.46944695195362E-16,1.,0.));
#5653=DIRECTION('',(0.,0.,1.));
#5654=DIRECTION('',(-3.46944695195362E-16,1.,0.));
#5655=DIRECTION('center_axis',(0.,-1.,0.));
#5656=DIRECTION('ref_axis',(1.,0.,0.));
#5657=DIRECTION('',(1.,0.,0.));
#5658=DIRECTION('',(1.,0.,0.));
#5659=DIRECTION('center_axis',(0.,0.,1.));
#5660=DIRECTION('ref_axis',(1.,0.,0.));
#5661=DIRECTION('center_axis',(-1.,-3.46944695195362E-16,0.));
#5662=DIRECTION('ref_axis',(3.46944695195362E-16,-1.,0.));
#5663=DIRECTION('',(3.46944695195362E-16,-1.,0.));
#5664=DIRECTION('',(0.,0.,1.));
#5665=DIRECTION('',(3.46944695195362E-16,-1.,0.));
#5666=DIRECTION('',(0.,0.,1.));
#5667=DIRECTION('center_axis',(0.,1.,0.));
#5668=DIRECTION('ref_axis',(-1.,0.,0.));
#5669=DIRECTION('',(-1.,0.,0.));
#5670=DIRECTION('',(0.,0.,1.));
#5671=DIRECTION('',(-1.,0.,0.));
#5672=DIRECTION('center_axis',(1.,3.46944695195362E-16,0.));
#5673=DIRECTION('ref_axis',(-3.46944695195362E-16,1.,0.));
#5674=DIRECTION('',(-3.46944695195362E-16,1.,0.));
#5675=DIRECTION('',(0.,0.,1.));
#5676=DIRECTION('',(-3.46944695195362E-16,1.,0.));
#5677=DIRECTION('center_axis',(0.,-1.,0.));
#5678=DIRECTION('ref_axis',(1.,0.,0.));
#5679=DIRECTION('',(1.,0.,0.));
#5680=DIRECTION('',(1.,0.,0.));
#5681=DIRECTION('center_axis',(0.,0.,1.));
#5682=DIRECTION('ref_axis',(1.,0.,0.));
#5683=DIRECTION('center_axis',(-1.,-1.73472347597681E-16,0.));
#5684=DIRECTION('ref_axis',(1.73472347597681E-16,-1.,0.));
#5685=DIRECTION('',(1.73472347597681E-16,-1.,0.));
#5686=DIRECTION('',(0.,0.,1.));
#5687=DIRECTION('',(1.73472347597681E-16,-1.,0.));
#5688=DIRECTION('',(0.,0.,1.));
#5689=DIRECTION('center_axis',(0.,1.,0.));
#5690=DIRECTION('ref_axis',(-1.,0.,0.));
#5691=DIRECTION('',(-1.,0.,0.));
#5692=DIRECTION('',(0.,0.,1.));
#5693=DIRECTION('',(-1.,0.,0.));
#5694=DIRECTION('center_axis',(1.,3.46944695195362E-16,0.));
#5695=DIRECTION('ref_axis',(-3.46944695195362E-16,1.,0.));
#5696=DIRECTION('',(-3.46944695195362E-16,1.,0.));
#5697=DIRECTION('',(0.,0.,1.));
#5698=DIRECTION('',(-3.46944695195362E-16,1.,0.));
#5699=DIRECTION('center_axis',(0.,-1.,0.));
#5700=DIRECTION('ref_axis',(1.,0.,0.));
#5701=DIRECTION('',(1.,0.,0.));
#5702=DIRECTION('',(1.,0.,0.));
#5703=DIRECTION('center_axis',(0.,0.,1.));
#5704=DIRECTION('ref_axis',(1.,0.,0.));
#5705=DIRECTION('center_axis',(-1.,-3.46944695195362E-16,0.));
#5706=DIRECTION('ref_axis',(3.46944695195362E-16,-1.,0.));
#5707=DIRECTION('',(3.46944695195362E-16,-1.,0.));
#5708=DIRECTION('',(0.,0.,1.));
#5709=DIRECTION('',(3.46944695195362E-16,-1.,0.));
#5710=DIRECTION('',(0.,0.,1.));
#5711=DIRECTION('center_axis',(0.,1.,0.));
#5712=DIRECTION('ref_axis',(-1.,0.,0.));
#5713=DIRECTION('',(-1.,0.,0.));
#5714=DIRECTION('',(0.,0.,1.));
#5715=DIRECTION('',(-1.,0.,0.));
#5716=DIRECTION('center_axis',(1.,3.46944695195362E-16,0.));
#5717=DIRECTION('ref_axis',(-3.46944695195362E-16,1.,0.));
#5718=DIRECTION('',(-3.46944695195362E-16,1.,0.));
#5719=DIRECTION('',(0.,0.,1.));
#5720=DIRECTION('',(-3.46944695195362E-16,1.,0.));
#5721=DIRECTION('center_axis',(0.,-1.,0.));
#5722=DIRECTION('ref_axis',(1.,0.,0.));
#5723=DIRECTION('',(1.,0.,0.));
#5724=DIRECTION('',(1.,0.,0.));
#5725=DIRECTION('center_axis',(0.,0.,1.));
#5726=DIRECTION('ref_axis',(1.,0.,0.));
#5727=DIRECTION('center_axis',(-1.,-6.93889390390723E-16,0.));
#5728=DIRECTION('ref_axis',(6.93889390390723E-16,-1.,0.));
#5729=DIRECTION('',(6.93889390390723E-16,-1.,0.));
#5730=DIRECTION('',(0.,0.,1.));
#5731=DIRECTION('',(6.93889390390723E-16,-1.,0.));
#5732=DIRECTION('',(0.,0.,1.));
#5733=DIRECTION('center_axis',(0.,1.,0.));
#5734=DIRECTION('ref_axis',(-1.,0.,0.));
#5735=DIRECTION('',(-1.,0.,0.));
#5736=DIRECTION('',(0.,0.,1.));
#5737=DIRECTION('',(-1.,0.,0.));
#5738=DIRECTION('center_axis',(1.,3.46944695195362E-16,0.));
#5739=DIRECTION('ref_axis',(-3.46944695195362E-16,1.,0.));
#5740=DIRECTION('',(-3.46944695195362E-16,1.,0.));
#5741=DIRECTION('',(0.,0.,1.));
#5742=DIRECTION('',(-3.46944695195362E-16,1.,0.));
#5743=DIRECTION('center_axis',(0.,-1.,0.));
#5744=DIRECTION('ref_axis',(1.,0.,0.));
#5745=DIRECTION('',(1.,0.,0.));
#5746=DIRECTION('',(1.,0.,0.));
#5747=DIRECTION('center_axis',(0.,0.,1.));
#5748=DIRECTION('ref_axis',(1.,0.,0.));
#5749=DIRECTION('center_axis',(-1.,-1.73472347597681E-16,0.));
#5750=DIRECTION('ref_axis',(1.73472347597681E-16,-1.,0.));
#5751=DIRECTION('',(1.73472347597681E-16,-1.,0.));
#5752=DIRECTION('',(0.,0.,1.));
#5753=DIRECTION('',(1.73472347597681E-16,-1.,0.));
#5754=DIRECTION('',(0.,0.,1.));
#5755=DIRECTION('center_axis',(0.,1.,0.));
#5756=DIRECTION('ref_axis',(-1.,0.,0.));
#5757=DIRECTION('',(-1.,0.,0.));
#5758=DIRECTION('',(0.,0.,1.));
#5759=DIRECTION('',(-1.,0.,0.));
#5760=DIRECTION('center_axis',(1.,3.46944695195362E-16,0.));
#5761=DIRECTION('ref_axis',(-3.46944695195362E-16,1.,0.));
#5762=DIRECTION('',(-3.46944695195362E-16,1.,0.));
#5763=DIRECTION('',(0.,0.,1.));
#5764=DIRECTION('',(-3.46944695195362E-16,1.,0.));
#5765=DIRECTION('center_axis',(0.,-1.,0.));
#5766=DIRECTION('ref_axis',(1.,0.,0.));
#5767=DIRECTION('',(1.,0.,0.));
#5768=DIRECTION('',(1.,0.,0.));
#5769=DIRECTION('center_axis',(0.,0.,1.));
#5770=DIRECTION('ref_axis',(1.,0.,0.));
#5771=DIRECTION('center_axis',(-2.31296463463574E-16,1.,0.));
#5772=DIRECTION('ref_axis',(-1.,-2.31296463463574E-16,0.));
#5773=DIRECTION('',(-1.,-2.31296463463574E-16,0.));
#5774=DIRECTION('',(0.,0.,1.));
#5775=DIRECTION('',(-1.,-2.31296463463574E-16,0.));
#5776=DIRECTION('',(0.,0.,1.));
#5777=DIRECTION('center_axis',(1.,1.89242561015652E-16,0.));
#5778=DIRECTION('ref_axis',(-1.89242561015652E-16,1.,0.));
#5779=DIRECTION('',(-1.89242561015652E-16,1.,0.));
#5780=DIRECTION('',(0.,0.,1.));
#5781=DIRECTION('',(-1.89242561015652E-16,1.,0.));
#5782=DIRECTION('center_axis',(5.20417042793042E-16,-1.,0.));
#5783=DIRECTION('ref_axis',(1.,5.20417042793042E-16,0.));
#5784=DIRECTION('',(1.,5.20417042793042E-16,0.));
#5785=DIRECTION('',(0.,0.,1.));
#5786=DIRECTION('',(1.,5.20417042793042E-16,0.));
#5787=DIRECTION('center_axis',(-1.,0.,0.));
#5788=DIRECTION('ref_axis',(0.,-1.,0.));
#5789=DIRECTION('',(0.,-1.,0.));
#5790=DIRECTION('',(0.,-1.,0.));
#5791=DIRECTION('center_axis',(0.,0.,1.));
#5792=DIRECTION('ref_axis',(1.,0.,0.));
#5793=DIRECTION('center_axis',(-0.894427190999916,-0.447213595499958,0.));
#5794=DIRECTION('ref_axis',(0.447213595499958,-0.894427190999916,0.));
#5795=DIRECTION('',(-0.447213595499958,0.894427190999916,0.));
#5796=DIRECTION('',(0.,0.,1.));
#5797=DIRECTION('',(0.447213595499958,-0.894427190999916,0.));
#5798=DIRECTION('',(0.,0.,1.));
#5799=DIRECTION('center_axis',(0.,1.,0.));
#5800=DIRECTION('ref_axis',(-1.,0.,0.));
#5801=DIRECTION('',(1.,0.,0.));
#5802=DIRECTION('',(-1.,0.,0.));
#5803=DIRECTION('',(0.,0.,1.));
#5804=DIRECTION('center_axis',(0.894427190999916,-0.447213595499958,0.));
#5805=DIRECTION('ref_axis',(0.447213595499958,0.894427190999916,0.));
#5806=DIRECTION('',(-0.447213595499958,-0.894427190999916,0.));
#5807=DIRECTION('',(0.447213595499958,0.894427190999916,0.));
#5808=DIRECTION('center_axis',(0.,0.,1.));
#5809=DIRECTION('ref_axis',(1.,0.,0.));
#5810=DIRECTION('center_axis',(-1.,6.93889390390723E-17,0.));
#5811=DIRECTION('ref_axis',(-6.93889390390723E-17,-1.,0.));
#5812=DIRECTION('',(6.93889390390723E-17,1.,0.));
#5813=DIRECTION('',(0.,0.,1.));
#5814=DIRECTION('',(-6.93889390390723E-17,-1.,0.));
#5815=DIRECTION('',(0.,0.,1.));
#5816=DIRECTION('center_axis',(-2.1350442781253E-16,1.,0.));
#5817=DIRECTION('ref_axis',(-1.,-2.1350442781253E-16,0.));
#5818=DIRECTION('',(1.,2.1350442781253E-16,0.));
#5819=DIRECTION('',(-1.,-2.1350442781253E-16,0.));
#5820=DIRECTION('',(0.,0.,1.));
#5821=DIRECTION('center_axis',(1.,1.38777878078145E-16,0.));
#5822=DIRECTION('ref_axis',(-1.38777878078145E-16,1.,0.));
#5823=DIRECTION('',(1.38777878078145E-16,-1.,0.));
#5824=DIRECTION('',(-1.38777878078145E-16,1.,0.));
#5825=DIRECTION('',(0.,0.,1.));
#5826=DIRECTION('center_axis',(0.,-1.,0.));
#5827=DIRECTION('ref_axis',(1.,0.,0.));
#5828=DIRECTION('',(-1.,0.,0.));
#5829=DIRECTION('',(1.,0.,0.));
#5830=DIRECTION('center_axis',(0.,0.,1.));
#5831=DIRECTION('ref_axis',(1.,0.,0.));
#5832=DIRECTION('center_axis',(0.,0.,1.));
#5833=DIRECTION('ref_axis',(1.,0.,0.));
#5834=DIRECTION('axis',(0.,0.,1.));
#5835=DIRECTION('refdir',(1.,0.,0.));
#5836=DIRECTION('center_axis',(-1.,-1.73472347597681E-16,0.));
#5837=DIRECTION('ref_axis',(1.73472347597681E-16,-1.,0.));
#5838=DIRECTION('',(-1.73472347597681E-16,1.,0.));
#5839=DIRECTION('',(0.,0.,1.));
#5840=DIRECTION('',(1.73472347597681E-16,-1.,0.));
#5841=DIRECTION('',(0.,0.,1.));
#5842=DIRECTION('center_axis',(-1.73472347597681E-16,1.,0.));
#5843=DIRECTION('ref_axis',(-1.,-1.73472347597681E-16,0.));
#5844=DIRECTION('',(1.,1.73472347597681E-16,0.));
#5845=DIRECTION('',(-1.,-1.73472347597681E-16,0.));
#5846=DIRECTION('',(0.,0.,1.));
#5847=DIRECTION('center_axis',(1.,3.46944695195361E-16,0.));
#5848=DIRECTION('ref_axis',(-3.46944695195361E-16,1.,0.));
#5849=DIRECTION('',(3.46944695195361E-16,-1.,0.));
#5850=DIRECTION('',(-3.46944695195361E-16,1.,0.));
#5851=DIRECTION('',(0.,0.,1.));
#5852=DIRECTION('center_axis',(8.67361737988403E-17,-1.,0.));
#5853=DIRECTION('ref_axis',(1.,8.67361737988403E-17,0.));
#5854=DIRECTION('',(-1.,-8.67361737988403E-17,0.));
#5855=DIRECTION('',(1.,8.67361737988403E-17,0.));
#5856=DIRECTION('center_axis',(0.,0.,1.));
#5857=DIRECTION('ref_axis',(1.,0.,0.));
#5858=DIRECTION('center_axis',(0.,0.,1.));
#5859=DIRECTION('ref_axis',(1.,0.,0.));
#5860=DIRECTION('axis',(0.,0.,1.));
#5861=DIRECTION('refdir',(1.,0.,0.));
#5862=DIRECTION('center_axis',(0.,0.,1.));
#5863=DIRECTION('ref_axis',(-0.30969385267502,-0.95083632535537,0.));
#5864=DIRECTION('center_axis',(0.,0.,-1.));
#5865=DIRECTION('ref_axis',(-0.30969385267502,-0.95083632535537,0.));
#5866=DIRECTION('',(0.,0.,1.));
#5867=DIRECTION('center_axis',(0.,0.,1.));
#5868=DIRECTION('ref_axis',(-0.30969385267502,-0.95083632535537,0.));
#5869=DIRECTION('',(0.,0.,1.));
#5870=DIRECTION('center_axis',(0.974057022501067,0.226302710802048,0.));
#5871=DIRECTION('ref_axis',(-0.226302710802048,0.974057022501067,0.));
#5872=DIRECTION('',(0.226302710802048,-0.974057022501067,0.));
#5873=DIRECTION('',(-0.226302710802048,0.974057022501067,0.));
#5874=DIRECTION('',(0.,0.,1.));
#5875=DIRECTION('center_axis',(0.,0.,1.));
#5876=DIRECTION('ref_axis',(0.0571247638036906,0.998367047413111,0.));
#5877=DIRECTION('center_axis',(0.,0.,-1.));
#5878=DIRECTION('ref_axis',(0.0571247638036906,0.998367047413111,0.));
#5879=DIRECTION('center_axis',(0.,0.,1.));
#5880=DIRECTION('ref_axis',(0.0571247638036906,0.998367047413111,0.));
#5881=DIRECTION('',(0.,0.,1.));
#5882=DIRECTION('center_axis',(0.,0.,1.));
#5883=DIRECTION('ref_axis',(0.457567116683249,0.889175086093947,0.));
#5884=DIRECTION('center_axis',(0.,0.,-1.));
#5885=DIRECTION('ref_axis',(0.457567116683249,0.889175086093947,0.));
#5886=DIRECTION('center_axis',(0.,0.,1.));
#5887=DIRECTION('ref_axis',(0.457567116683249,0.889175086093947,0.));
#5888=DIRECTION('',(0.,0.,1.));
#5889=DIRECTION('center_axis',(0.,0.,1.));
#5890=DIRECTION('ref_axis',(0.630804460933947,0.775941835491445,0.));
#5891=DIRECTION('center_axis',(0.,0.,-1.));
#5892=DIRECTION('ref_axis',(0.630804460933947,0.775941835491445,0.));
#5893=DIRECTION('center_axis',(0.,0.,1.));
#5894=DIRECTION('ref_axis',(0.630804460933947,0.775941835491445,0.));
#5895=DIRECTION('',(0.,0.,1.));
#5896=DIRECTION('center_axis',(0.,0.,1.));
#5897=DIRECTION('ref_axis',(0.898503675579098,0.438965995232946,0.));
#5898=DIRECTION('center_axis',(0.,0.,-1.));
#5899=DIRECTION('ref_axis',(0.898503675579098,0.438965995232946,0.));
#5900=DIRECTION('center_axis',(0.,0.,1.));
#5901=DIRECTION('ref_axis',(0.898503675579098,0.438965995232946,0.));
#5902=DIRECTION('',(0.,0.,1.));
#5903=DIRECTION('center_axis',(0.,0.,1.));
#5904=DIRECTION('ref_axis',(0.998249081551456,0.0591504115089256,0.));
#5905=DIRECTION('center_axis',(0.,0.,-1.));
#5906=DIRECTION('ref_axis',(0.998249081551456,0.0591504115089256,0.));
#5907=DIRECTION('center_axis',(0.,0.,1.));
#5908=DIRECTION('ref_axis',(0.998249081551456,0.0591504115089256,0.));
#5909=DIRECTION('',(0.,0.,1.));
#5910=DIRECTION('center_axis',(0.,0.,1.));
#5911=DIRECTION('ref_axis',(0.891572507504542,-0.452877978998828,0.));
#5912=DIRECTION('center_axis',(0.,0.,-1.));
#5913=DIRECTION('ref_axis',(0.891572507504542,-0.452877978998828,0.));
#5914=DIRECTION('center_axis',(0.,0.,1.));
#5915=DIRECTION('ref_axis',(0.891572507504542,-0.452877978998828,0.));
#5916=DIRECTION('',(0.,0.,1.));
#5917=DIRECTION('center_axis',(0.,0.,1.));
#5918=DIRECTION('ref_axis',(0.697880046144829,-0.716214661392024,0.));
#5919=DIRECTION('center_axis',(0.,0.,-1.));
#5920=DIRECTION('ref_axis',(0.697880046144829,-0.716214661392024,0.));
#5921=DIRECTION('center_axis',(0.,0.,1.));
#5922=DIRECTION('ref_axis',(0.697880046144829,-0.716214661392024,0.));
#5923=DIRECTION('',(0.,0.,1.));
#5924=DIRECTION('center_axis',(0.,0.,1.));
#5925=DIRECTION('ref_axis',(0.404463831158234,-0.914553994734485,0.));
#5926=DIRECTION('center_axis',(0.,0.,-1.));
#5927=DIRECTION('ref_axis',(0.404463831158234,-0.914553994734485,0.));
#5928=DIRECTION('center_axis',(0.,0.,1.));
#5929=DIRECTION('ref_axis',(0.404463831158234,-0.914553994734485,0.));
#5930=DIRECTION('',(0.,0.,1.));
#5931=DIRECTION('center_axis',(0.,0.,1.));
#5932=DIRECTION('ref_axis',(-0.981906754621043,-0.189365058100935,0.));
#5933=DIRECTION('center_axis',(0.,0.,1.));
#5934=DIRECTION('ref_axis',(-0.981906754621043,-0.189365058100935,0.));
#5935=DIRECTION('center_axis',(0.,0.,-1.));
#5936=DIRECTION('ref_axis',(-0.981906754621043,-0.189365058100935,0.));
#5937=DIRECTION('',(0.,0.,1.));
#5938=DIRECTION('center_axis',(0.,0.,1.));
#5939=DIRECTION('ref_axis',(-0.668847885450416,0.743399291181063,0.));
#5940=DIRECTION('center_axis',(0.,0.,1.));
#5941=DIRECTION('ref_axis',(-0.668847885450416,0.743399291181063,0.));
#5942=DIRECTION('center_axis',(0.,0.,-1.));
#5943=DIRECTION('ref_axis',(-0.668847885450416,0.743399291181063,0.));
#5944=DIRECTION('',(0.,0.,1.));
#5945=DIRECTION('center_axis',(0.,0.,1.));
#5946=DIRECTION('ref_axis',(-0.818066300206966,0.575123924442103,0.));
#5947=DIRECTION('center_axis',(0.,0.,1.));
#5948=DIRECTION('ref_axis',(-0.818066300206966,0.575123924442103,0.));
#5949=DIRECTION('center_axis',(0.,0.,-1.));
#5950=DIRECTION('ref_axis',(-0.818066300206966,0.575123924442103,0.));
#5951=DIRECTION('',(0.,0.,1.));
#5952=DIRECTION('center_axis',(0.,0.,1.));
#5953=DIRECTION('ref_axis',(-0.955163997800541,0.29607724888226,0.));
#5954=DIRECTION('center_axis',(0.,0.,1.));
#5955=DIRECTION('ref_axis',(-0.955163997800541,0.29607724888226,0.));
#5956=DIRECTION('center_axis',(0.,0.,-1.));
#5957=DIRECTION('ref_axis',(-0.955163997800541,0.29607724888226,0.));
#5958=DIRECTION('',(0.,0.,1.));
#5959=DIRECTION('center_axis',(0.,0.,1.));
#5960=DIRECTION('ref_axis',(-0.942488342256724,-0.334239023320396,0.));
#5961=DIRECTION('center_axis',(0.,0.,1.));
#5962=DIRECTION('ref_axis',(-0.942488342256724,-0.334239023320396,0.));
#5963=DIRECTION('center_axis',(0.,0.,-1.));
#5964=DIRECTION('ref_axis',(-0.942488342256724,-0.334239023320396,0.));
#5965=DIRECTION('',(0.,0.,1.));
#5966=DIRECTION('center_axis',(0.,0.,1.));
#5967=DIRECTION('ref_axis',(-0.629348463142379,-0.777123228285145,0.));
#5968=DIRECTION('center_axis',(0.,0.,1.));
#5969=DIRECTION('ref_axis',(-0.629348463142379,-0.777123228285145,0.));
#5970=DIRECTION('center_axis',(0.,0.,-1.));
#5971=DIRECTION('ref_axis',(-0.629348463142379,-0.777123228285145,0.));
#5972=DIRECTION('',(0.,0.,1.));
#5973=DIRECTION('center_axis',(0.,0.,1.));
#5974=DIRECTION('ref_axis',(-0.16926812425559,-0.98557003917073,0.));
#5975=DIRECTION('center_axis',(0.,0.,1.));
#5976=DIRECTION('ref_axis',(-0.16926812425559,-0.98557003917073,0.));
#5977=DIRECTION('center_axis',(0.,0.,-1.));
#5978=DIRECTION('ref_axis',(-0.16926812425559,-0.98557003917073,0.));
#5979=DIRECTION('',(0.,0.,1.));
#5980=DIRECTION('center_axis',(-0.974252691808504,-0.225458848803688,0.));
#5981=DIRECTION('ref_axis',(0.225458848803688,-0.974252691808504,0.));
#5982=DIRECTION('',(-0.225458848803688,0.974252691808504,0.));
#5983=DIRECTION('',(0.225458848803688,-0.974252691808504,0.));
#5984=DIRECTION('',(0.,0.,1.));
#5985=DIRECTION('center_axis',(0.,0.,1.));
#5986=DIRECTION('ref_axis',(-0.0202832208122135,0.999794274315213,0.));
#5987=DIRECTION('center_axis',(0.,0.,1.));
#5988=DIRECTION('ref_axis',(-0.0202832208122135,0.999794274315213,0.));
#5989=DIRECTION('center_axis',(0.,0.,-1.));
#5990=DIRECTION('ref_axis',(-0.0202832208122135,0.999794274315213,0.));
#5991=DIRECTION('',(0.,0.,1.));
#5992=DIRECTION('center_axis',(0.,0.,1.));
#5993=DIRECTION('ref_axis',(0.998393191993447,0.0566659878686946,0.));
#5994=DIRECTION('center_axis',(0.,0.,1.));
#5995=DIRECTION('ref_axis',(0.998393191993447,0.0566659878686946,0.));
#5996=DIRECTION('center_axis',(0.,0.,-1.));
#5997=DIRECTION('ref_axis',(0.998393191993447,0.0566659878686946,0.));
#5998=DIRECTION('center_axis',(0.,0.,1.));
#5999=DIRECTION('ref_axis',(1.,0.,0.));
#6000=DIRECTION('center_axis',(0.,0.,1.));
#6001=DIRECTION('ref_axis',(1.,0.,0.));
#6002=DIRECTION('center_axis',(1.,-1.39256111031028E-14,0.));
#6003=DIRECTION('ref_axis',(1.39256111031028E-14,1.,0.));
#6004=DIRECTION('',(-1.39256111031028E-14,-1.,0.));
#6005=DIRECTION('',(0.,0.,1.));
#6006=DIRECTION('',(1.39256111031028E-14,1.,0.));
#6007=DIRECTION('',(0.,0.,1.));
#6008=DIRECTION('center_axis',(0.,-1.,0.));
#6009=DIRECTION('ref_axis',(1.,0.,0.));
#6010=DIRECTION('',(-1.,0.,0.));
#6011=DIRECTION('',(1.,0.,0.));
#6012=DIRECTION('',(0.,0.,1.));
#6013=DIRECTION('center_axis',(-1.,0.,0.));
#6014=DIRECTION('ref_axis',(0.,-1.,0.));
#6015=DIRECTION('',(0.,1.,0.));
#6016=DIRECTION('',(0.,-1.,0.));
#6017=DIRECTION('',(0.,0.,1.));
#6018=DIRECTION('center_axis',(0.,1.,0.));
#6019=DIRECTION('ref_axis',(-1.,0.,0.));
#6020=DIRECTION('',(1.,0.,0.));
#6021=DIRECTION('',(-1.,0.,0.));
#6022=DIRECTION('',(0.,0.,1.));
#6023=DIRECTION('center_axis',(1.,0.,0.));
#6024=DIRECTION('ref_axis',(0.,1.,0.));
#6025=DIRECTION('',(0.,-1.,0.));
#6026=DIRECTION('',(0.,1.,0.));
#6027=DIRECTION('',(0.,0.,1.));
#6028=DIRECTION('center_axis',(0.,0.,1.));
#6029=DIRECTION('ref_axis',(0.0718228521568826,-0.997417404053113,0.));
#6030=DIRECTION('center_axis',(0.,0.,-1.));
#6031=DIRECTION('ref_axis',(0.0718228521568826,-0.997417404053113,0.));
#6032=DIRECTION('center_axis',(0.,0.,1.));
#6033=DIRECTION('ref_axis',(0.0718228521568826,-0.997417404053113,0.));
#6034=DIRECTION('',(0.,0.,1.));
#6035=DIRECTION('center_axis',(0.,0.,1.));
#6036=DIRECTION('ref_axis',(-0.345854438869116,-0.938288179140358,0.));
#6037=DIRECTION('center_axis',(0.,0.,-1.));
#6038=DIRECTION('ref_axis',(-0.345854438869116,-0.938288179140358,0.));
#6039=DIRECTION('center_axis',(0.,0.,1.));
#6040=DIRECTION('ref_axis',(-0.345854438869116,-0.938288179140358,0.));
#6041=DIRECTION('',(0.,0.,1.));
#6042=DIRECTION('center_axis',(0.,0.,1.));
#6043=DIRECTION('ref_axis',(-0.717118887448047,-0.696950860007559,0.));
#6044=DIRECTION('center_axis',(0.,0.,-1.));
#6045=DIRECTION('ref_axis',(-0.717118887448047,-0.696950860007559,0.));
#6046=DIRECTION('center_axis',(0.,0.,1.));
#6047=DIRECTION('ref_axis',(-0.717118887448047,-0.696950860007559,0.));
#6048=DIRECTION('',(0.,0.,1.));
#6049=DIRECTION('center_axis',(0.,0.,1.));
#6050=DIRECTION('ref_axis',(-0.986479631664627,-0.16388391107983,0.));
#6051=DIRECTION('center_axis',(0.,0.,-1.));
#6052=DIRECTION('ref_axis',(-0.986479631664627,-0.16388391107983,0.));
#6053=DIRECTION('center_axis',(0.,0.,1.));
#6054=DIRECTION('ref_axis',(-0.986479631664627,-0.16388391107983,0.));
#6055=DIRECTION('',(0.,0.,1.));
#6056=DIRECTION('center_axis',(1.,-2.61206235877582E-14,0.));
#6057=DIRECTION('ref_axis',(2.61206235877582E-14,1.,0.));
#6058=DIRECTION('',(-2.61206235877582E-14,-1.,0.));
#6059=DIRECTION('',(2.61206235877582E-14,1.,0.));
#6060=DIRECTION('',(0.,0.,1.));
#6061=DIRECTION('center_axis',(0.,-1.,0.));
#6062=DIRECTION('ref_axis',(1.,0.,0.));
#6063=DIRECTION('',(-1.,0.,0.));
#6064=DIRECTION('',(1.,0.,0.));
#6065=DIRECTION('',(0.,0.,1.));
#6066=DIRECTION('center_axis',(-1.,-6.62634154878278E-15,0.));
#6067=DIRECTION('ref_axis',(6.62634154878278E-15,-1.,0.));
#6068=DIRECTION('',(-6.62634154878278E-15,1.,0.));
#6069=DIRECTION('',(6.62634154878278E-15,-1.,0.));
#6070=DIRECTION('',(0.,0.,1.));
#6071=DIRECTION('center_axis',(0.,0.,1.));
#6072=DIRECTION('ref_axis',(1.,0.,0.));
#6073=DIRECTION('center_axis',(0.,0.,1.));
#6074=DIRECTION('ref_axis',(1.,0.,0.));
#6075=DIRECTION('center_axis',(0.,0.,-1.));
#6076=DIRECTION('ref_axis',(1.,0.,0.));
#6077=DIRECTION('center_axis',(0.,0.,1.));
#6078=DIRECTION('ref_axis',(1.,0.,0.));
#6079=DIRECTION('center_axis',(0.,0.,1.));
#6080=DIRECTION('ref_axis',(1.,0.,0.));
#6081=DIRECTION('center_axis',(1.,2.17075702489546E-14,0.));
#6082=DIRECTION('ref_axis',(-2.17075702489546E-14,1.,0.));
#6083=DIRECTION('',(2.17075702489546E-14,-1.,0.));
#6084=DIRECTION('',(0.,0.,1.));
#6085=DIRECTION('',(-2.17075702489546E-14,1.,0.));
#6086=DIRECTION('',(0.,0.,1.));
#6087=DIRECTION('center_axis',(0.,-1.,0.));
#6088=DIRECTION('ref_axis',(1.,0.,0.));
#6089=DIRECTION('',(-1.,0.,0.));
#6090=DIRECTION('',(1.,0.,0.));
#6091=DIRECTION('',(0.,0.,1.));
#6092=DIRECTION('center_axis',(-1.,0.,0.));
#6093=DIRECTION('ref_axis',(0.,-1.,0.));
#6094=DIRECTION('',(0.,1.,0.));
#6095=DIRECTION('',(0.,-1.,0.));
#6096=DIRECTION('',(0.,0.,1.));
#6097=DIRECTION('center_axis',(0.,1.,0.));
#6098=DIRECTION('ref_axis',(-1.,0.,0.));
#6099=DIRECTION('',(1.,0.,0.));
#6100=DIRECTION('',(-1.,0.,0.));
#6101=DIRECTION('',(0.,0.,1.));
#6102=DIRECTION('center_axis',(1.,-6.37612047528575E-15,0.));
#6103=DIRECTION('ref_axis',(6.37612047528575E-15,1.,0.));
#6104=DIRECTION('',(-6.37612047528575E-15,-1.,0.));
#6105=DIRECTION('',(6.37612047528575E-15,1.,0.));
#6106=DIRECTION('',(0.,0.,1.));
#6107=DIRECTION('center_axis',(0.,0.,1.));
#6108=DIRECTION('ref_axis',(0.07312704856424,-0.997322633237752,0.));
#6109=DIRECTION('center_axis',(0.,0.,-1.));
#6110=DIRECTION('ref_axis',(0.07312704856424,-0.997322633237752,0.));
#6111=DIRECTION('center_axis',(0.,0.,1.));
#6112=DIRECTION('ref_axis',(0.07312704856424,-0.997322633237752,0.));
#6113=DIRECTION('',(0.,0.,1.));
#6114=DIRECTION('center_axis',(0.,0.,1.));
#6115=DIRECTION('ref_axis',(-0.317283230098195,-0.948330824079053,0.));
#6116=DIRECTION('center_axis',(0.,0.,-1.));
#6117=DIRECTION('ref_axis',(-0.317283230098195,-0.948330824079053,0.));
#6118=DIRECTION('center_axis',(0.,0.,1.));
#6119=DIRECTION('ref_axis',(-0.317283230098195,-0.948330824079053,0.));
#6120=DIRECTION('',(0.,0.,1.));
#6121=DIRECTION('center_axis',(0.,0.,1.));
#6122=DIRECTION('ref_axis',(-0.717118887448336,-0.696950860007261,0.));
#6123=DIRECTION('center_axis',(0.,0.,-1.));
#6124=DIRECTION('ref_axis',(-0.717118887448336,-0.696950860007261,0.));
#6125=DIRECTION('center_axis',(0.,0.,1.));
#6126=DIRECTION('ref_axis',(-0.717118887448336,-0.696950860007261,0.));
#6127=DIRECTION('',(0.,0.,1.));
#6128=DIRECTION('center_axis',(0.,0.,1.));
#6129=DIRECTION('ref_axis',(-0.986479631664619,-0.163883911079876,0.));
#6130=DIRECTION('center_axis',(0.,0.,-1.));
#6131=DIRECTION('ref_axis',(-0.986479631664619,-0.163883911079876,0.));
#6132=DIRECTION('center_axis',(0.,0.,1.));
#6133=DIRECTION('ref_axis',(-0.986479631664619,-0.163883911079876,0.));
#6134=DIRECTION('',(0.,0.,1.));
#6135=DIRECTION('center_axis',(1.,-2.84359670762561E-9,0.));
#6136=DIRECTION('ref_axis',(2.84359670762561E-9,1.,0.));
#6137=DIRECTION('',(-2.84359670762561E-9,-1.,0.));
#6138=DIRECTION('',(2.84359670762561E-9,1.,0.));
#6139=DIRECTION('',(0.,0.,1.));
#6140=DIRECTION('center_axis',(0.,-1.,0.));
#6141=DIRECTION('ref_axis',(1.,0.,0.));
#6142=DIRECTION('',(-1.,0.,0.));
#6143=DIRECTION('',(1.,0.,0.));
#6144=DIRECTION('',(0.,0.,1.));
#6145=DIRECTION('center_axis',(-1.,3.72731712119033E-15,0.));
#6146=DIRECTION('ref_axis',(-3.72731712119033E-15,-1.,0.));
#6147=DIRECTION('',(3.72731712119033E-15,1.,0.));
#6148=DIRECTION('',(-3.72731712119033E-15,-1.,0.));
#6149=DIRECTION('',(0.,0.,1.));
#6150=DIRECTION('center_axis',(0.,0.,1.));
#6151=DIRECTION('ref_axis',(1.,-1.39779868327875E-13,0.));
#6152=DIRECTION('center_axis',(0.,0.,1.));
#6153=DIRECTION('ref_axis',(1.,-1.39779868327875E-13,0.));
#6154=DIRECTION('center_axis',(0.,0.,-1.));
#6155=DIRECTION('ref_axis',(1.,-1.39779868327875E-13,0.));
#6156=DIRECTION('center_axis',(0.,0.,1.));
#6157=DIRECTION('ref_axis',(1.,0.,0.));
#6158=DIRECTION('center_axis',(0.,0.,1.));
#6159=DIRECTION('ref_axis',(1.,0.,0.));
#6160=DIRECTION('center_axis',(0.,0.,1.));
#6161=DIRECTION('ref_axis',(0.0145910664779772,0.999893544723155,0.));
#6162=DIRECTION('center_axis',(0.,0.,1.));
#6163=DIRECTION('ref_axis',(0.0145910664779772,0.999893544723155,0.));
#6164=DIRECTION('',(0.,0.,1.));
#6165=DIRECTION('center_axis',(0.,0.,1.));
#6166=DIRECTION('ref_axis',(0.0145910664779772,0.999893544723155,0.));
#6167=DIRECTION('',(0.,0.,1.));
#6168=DIRECTION('center_axis',(0.,0.,1.));
#6169=DIRECTION('ref_axis',(0.416342930608952,0.909207657321445,0.));
#6170=DIRECTION('center_axis',(0.,0.,1.));
#6171=DIRECTION('ref_axis',(0.416342930608952,0.909207657321445,0.));
#6172=DIRECTION('center_axis',(0.,0.,1.));
#6173=DIRECTION('ref_axis',(0.416342930608952,0.909207657321445,0.));
#6174=DIRECTION('',(0.,0.,1.));
#6175=DIRECTION('center_axis',(1.,8.60695894165219E-15,0.));
#6176=DIRECTION('ref_axis',(-8.60695894165219E-15,1.,0.));
#6177=DIRECTION('',(-8.60695894165219E-15,1.,0.));
#6178=DIRECTION('',(-8.60695894165219E-15,1.,0.));
#6179=DIRECTION('',(0.,0.,1.));
#6180=DIRECTION('center_axis',(0.,0.,1.));
#6181=DIRECTION('ref_axis',(-0.502868779679077,-0.864362765523872,0.));
#6182=DIRECTION('center_axis',(0.,0.,-1.));
#6183=DIRECTION('ref_axis',(-0.502868779679077,-0.864362765523872,0.));
#6184=DIRECTION('center_axis',(0.,0.,-1.));
#6185=DIRECTION('ref_axis',(-0.502868779679077,-0.864362765523872,0.));
#6186=DIRECTION('',(0.,0.,1.));
#6187=DIRECTION('center_axis',(0.,0.,1.));
#6188=DIRECTION('ref_axis',(-0.135499191090462,-0.990777456956824,0.));
#6189=DIRECTION('center_axis',(0.,0.,-1.));
#6190=DIRECTION('ref_axis',(-0.135499191090462,-0.990777456956824,0.));
#6191=DIRECTION('center_axis',(0.,0.,-1.));
#6192=DIRECTION('ref_axis',(-0.135499191090462,-0.990777456956824,0.));
#6193=DIRECTION('',(0.,0.,1.));
#6194=DIRECTION('center_axis',(0.,0.,1.));
#6195=DIRECTION('ref_axis',(0.228513275013407,-0.973540796855811,0.));
#6196=DIRECTION('center_axis',(0.,0.,-1.));
#6197=DIRECTION('ref_axis',(0.228513275013407,-0.973540796855811,0.));
#6198=DIRECTION('center_axis',(0.,0.,-1.));
#6199=DIRECTION('ref_axis',(0.228513275013407,-0.973540796855811,0.));
#6200=DIRECTION('',(0.,0.,1.));
#6201=DIRECTION('center_axis',(0.,0.,1.));
#6202=DIRECTION('ref_axis',(0.864640914594842,-0.502390374916354,0.));
#6203=DIRECTION('center_axis',(0.,0.,-1.));
#6204=DIRECTION('ref_axis',(0.864640914594842,-0.502390374916354,0.));
#6205=DIRECTION('center_axis',(0.,0.,-1.));
#6206=DIRECTION('ref_axis',(0.864640914594842,-0.502390374916354,0.));
#6207=DIRECTION('',(0.,0.,1.));
#6208=DIRECTION('center_axis',(1.,-6.59421537437712E-14,0.));
#6209=DIRECTION('ref_axis',(6.59421537437712E-14,1.,0.));
#6210=DIRECTION('',(6.59421537437712E-14,1.,0.));
#6211=DIRECTION('',(6.59421537437712E-14,1.,0.));
#6212=DIRECTION('',(0.,0.,1.));
#6213=DIRECTION('center_axis',(0.,1.,0.));
#6214=DIRECTION('ref_axis',(-1.,0.,0.));
#6215=DIRECTION('',(-1.,0.,0.));
#6216=DIRECTION('',(-1.,0.,0.));
#6217=DIRECTION('',(0.,0.,1.));
#6218=DIRECTION('center_axis',(1.,0.,0.));
#6219=DIRECTION('ref_axis',(0.,1.,0.));
#6220=DIRECTION('',(0.,1.,0.));
#6221=DIRECTION('',(0.,1.,0.));
#6222=DIRECTION('',(0.,0.,1.));
#6223=DIRECTION('center_axis',(0.,-1.,0.));
#6224=DIRECTION('ref_axis',(1.,0.,0.));
#6225=DIRECTION('',(1.,0.,0.));
#6226=DIRECTION('',(1.,0.,0.));
#6227=DIRECTION('',(0.,0.,1.));
#6228=DIRECTION('center_axis',(1.,0.,0.));
#6229=DIRECTION('ref_axis',(0.,1.,0.));
#6230=DIRECTION('',(0.,1.,0.));
#6231=DIRECTION('',(0.,1.,0.));
#6232=DIRECTION('',(0.,0.,1.));
#6233=DIRECTION('center_axis',(0.,-1.,0.));
#6234=DIRECTION('ref_axis',(1.,0.,0.));
#6235=DIRECTION('',(1.,0.,0.));
#6236=DIRECTION('',(1.,0.,0.));
#6237=DIRECTION('',(0.,0.,1.));
#6238=DIRECTION('center_axis',(-1.,0.,0.));
#6239=DIRECTION('ref_axis',(0.,-1.,0.));
#6240=DIRECTION('',(0.,-1.,0.));
#6241=DIRECTION('',(0.,-1.,0.));
#6242=DIRECTION('',(0.,0.,1.));
#6243=DIRECTION('center_axis',(0.,-1.,0.));
#6244=DIRECTION('ref_axis',(1.,0.,0.));
#6245=DIRECTION('',(1.,0.,0.));
#6246=DIRECTION('',(1.,0.,0.));
#6247=DIRECTION('',(0.,0.,1.));
#6248=DIRECTION('center_axis',(-1.,0.,0.));
#6249=DIRECTION('ref_axis',(0.,-1.,0.));
#6250=DIRECTION('',(0.,-1.,0.));
#6251=DIRECTION('',(0.,-1.,0.));
#6252=DIRECTION('',(0.,0.,1.));
#6253=DIRECTION('center_axis',(0.,1.,0.));
#6254=DIRECTION('ref_axis',(-1.,0.,0.));
#6255=DIRECTION('',(-1.,0.,0.));
#6256=DIRECTION('',(-1.,0.,0.));
#6257=DIRECTION('',(0.,0.,1.));
#6258=DIRECTION('center_axis',(-1.,5.9131354137296E-15,0.));
#6259=DIRECTION('ref_axis',(-5.9131354137296E-15,-1.,0.));
#6260=DIRECTION('',(-5.9131354137296E-15,-1.,0.));
#6261=DIRECTION('',(-5.9131354137296E-15,-1.,0.));
#6262=DIRECTION('',(0.,0.,1.));
#6263=DIRECTION('center_axis',(0.,0.,1.));
#6264=DIRECTION('ref_axis',(-0.756160510382148,0.654386187612948,0.));
#6265=DIRECTION('center_axis',(0.,0.,1.));
#6266=DIRECTION('ref_axis',(-0.756160510382148,0.654386187612948,0.));
#6267=DIRECTION('center_axis',(0.,0.,1.));
#6268=DIRECTION('ref_axis',(-0.756160510382148,0.654386187612948,0.));
#6269=DIRECTION('center_axis',(0.,0.,1.));
#6270=DIRECTION('ref_axis',(1.,0.,0.));
#6271=DIRECTION('center_axis',(0.,0.,1.));
#6272=DIRECTION('ref_axis',(1.,0.,0.));
#6273=DIRECTION('center_axis',(0.,0.,1.));
#6274=DIRECTION('ref_axis',(-1.,0.,0.));
#6275=DIRECTION('center_axis',(0.,0.,1.));
#6276=DIRECTION('ref_axis',(-1.,0.,0.));
#6277=DIRECTION('center_axis',(0.,0.,-1.));
#6278=DIRECTION('ref_axis',(-1.,0.,0.));
#6279=DIRECTION('center_axis',(0.,0.,1.));
#6280=DIRECTION('ref_axis',(1.,0.,0.));
#6281=DIRECTION('center_axis',(0.,0.,1.));
#6282=DIRECTION('ref_axis',(1.,0.,0.));
#6283=DIRECTION('center_axis',(0.,0.,1.));
#6284=DIRECTION('ref_axis',(-1.,0.,0.));
#6285=DIRECTION('center_axis',(0.,0.,1.));
#6286=DIRECTION('ref_axis',(-1.,0.,0.));
#6287=DIRECTION('center_axis',(0.,0.,-1.));
#6288=DIRECTION('ref_axis',(-1.,0.,0.));
#6289=DIRECTION('center_axis',(0.,0.,1.));
#6290=DIRECTION('ref_axis',(1.,0.,0.));
#6291=DIRECTION('center_axis',(0.,0.,1.));
#6292=DIRECTION('ref_axis',(1.,0.,0.));
#6293=DIRECTION('center_axis',(-1.,0.,0.));
#6294=DIRECTION('ref_axis',(0.,-1.,0.));
#6295=DIRECTION('',(0.,-1.,0.));
#6296=DIRECTION('',(0.,0.,1.));
#6297=DIRECTION('',(0.,-1.,0.));
#6298=DIRECTION('',(0.,0.,1.));
#6299=DIRECTION('center_axis',(-0.00176575282451753,0.999998441057266,0.));
#6300=DIRECTION('ref_axis',(-0.999998441057266,-0.00176575282451753,0.));
#6301=DIRECTION('',(-0.999998441057266,-0.00176575282451753,0.));
#6302=DIRECTION('',(-0.999998441057266,-0.00176575282451753,0.));
#6303=DIRECTION('',(0.,0.,1.));
#6304=DIRECTION('center_axis',(1.,0.,0.));
#6305=DIRECTION('ref_axis',(0.,1.,0.));
#6306=DIRECTION('',(0.,1.,0.));
#6307=DIRECTION('',(0.,1.,0.));
#6308=DIRECTION('',(0.,0.,1.));
#6309=DIRECTION('center_axis',(0.,-1.,0.));
#6310=DIRECTION('ref_axis',(1.,0.,0.));
#6311=DIRECTION('',(1.,0.,0.));
#6312=DIRECTION('',(1.,0.,0.));
#6313=DIRECTION('center_axis',(0.,0.,1.));
#6314=DIRECTION('ref_axis',(1.,0.,0.));
#6315=DIRECTION('center_axis',(0.,0.,1.));
#6316=DIRECTION('ref_axis',(1.,0.,0.));
#6317=DIRECTION('center_axis',(0.,-1.,0.));
#6318=DIRECTION('ref_axis',(1.,0.,0.));
#6319=DIRECTION('',(-1.,0.,0.));
#6320=DIRECTION('',(0.,0.,1.));
#6321=DIRECTION('',(1.,0.,0.));
#6322=DIRECTION('',(0.,0.,1.));
#6323=DIRECTION('center_axis',(-0.999999923743201,0.000390529887950425,
0.));
#6324=DIRECTION('ref_axis',(-0.000390529887950425,-0.9999999237432,0.));
#6325=DIRECTION('',(0.000390529887950425,0.9999999237432,0.));
#6326=DIRECTION('',(-0.000390529887950425,-0.9999999237432,0.));
#6327=DIRECTION('',(0.,0.,1.));
#6328=DIRECTION('center_axis',(0.,1.,0.));
#6329=DIRECTION('ref_axis',(-1.,0.,0.));
#6330=DIRECTION('',(1.,0.,0.));
#6331=DIRECTION('',(-1.,0.,0.));
#6332=DIRECTION('',(0.,0.,1.));
#6333=DIRECTION('center_axis',(1.,0.,0.));
#6334=DIRECTION('ref_axis',(0.,1.,0.));
#6335=DIRECTION('',(0.,-1.,0.));
#6336=DIRECTION('',(0.,1.,0.));
#6337=DIRECTION('center_axis',(0.,0.,1.));
#6338=DIRECTION('ref_axis',(1.,0.,0.));
#6339=DIRECTION('center_axis',(0.,0.,1.));
#6340=DIRECTION('ref_axis',(1.,0.,0.));
#6341=DIRECTION('center_axis',(0.,-1.,0.));
#6342=DIRECTION('ref_axis',(1.,0.,0.));
#6343=DIRECTION('',(-1.,0.,0.));
#6344=DIRECTION('',(0.,0.,1.));
#6345=DIRECTION('',(1.,0.,0.));
#6346=DIRECTION('',(0.,0.,1.));
#6347=DIRECTION('center_axis',(-0.973507603610223,-0.228654642885469,0.));
#6348=DIRECTION('ref_axis',(0.228654642885469,-0.973507603610223,0.));
#6349=DIRECTION('',(-0.228654642885469,0.973507603610223,0.));
#6350=DIRECTION('',(0.228654642885469,-0.973507603610223,0.));
#6351=DIRECTION('',(0.,0.,1.));
#6352=DIRECTION('center_axis',(0.,1.,0.));
#6353=DIRECTION('ref_axis',(-1.,0.,0.));
#6354=DIRECTION('',(1.,0.,0.));
#6355=DIRECTION('',(-1.,0.,0.));
#6356=DIRECTION('',(0.,0.,1.));
#6357=DIRECTION('center_axis',(0.973507603610223,0.228654642885468,0.));
#6358=DIRECTION('ref_axis',(-0.228654642885468,0.973507603610223,0.));
#6359=DIRECTION('',(0.228654642885468,-0.973507603610223,0.));
#6360=DIRECTION('',(-0.228654642885468,0.973507603610223,0.));
#6361=DIRECTION('center_axis',(0.,0.,1.));
#6362=DIRECTION('ref_axis',(1.,0.,0.));
#6363=DIRECTION('center_axis',(0.,0.,1.));
#6364=DIRECTION('ref_axis',(1.,0.,0.));
#6365=DIRECTION('center_axis',(1.,2.00692630603542E-14,0.));
#6366=DIRECTION('ref_axis',(-2.00692630603542E-14,1.,0.));
#6367=DIRECTION('',(2.00692630603542E-14,-1.,0.));
#6368=DIRECTION('',(0.,0.,1.));
#6369=DIRECTION('',(-2.00692630603542E-14,1.,0.));
#6370=DIRECTION('',(0.,0.,1.));
#6371=DIRECTION('center_axis',(0.,-1.,0.));
#6372=DIRECTION('ref_axis',(1.,0.,0.));
#6373=DIRECTION('',(-1.,0.,0.));
#6374=DIRECTION('',(1.,0.,0.));
#6375=DIRECTION('',(0.,0.,1.));
#6376=DIRECTION('center_axis',(-1.,0.,0.));
#6377=DIRECTION('ref_axis',(0.,-1.,0.));
#6378=DIRECTION('',(0.,1.,0.));
#6379=DIRECTION('',(0.,-1.,0.));
#6380=DIRECTION('',(0.,0.,1.));
#6381=DIRECTION('center_axis',(0.,1.,0.));
#6382=DIRECTION('ref_axis',(-1.,0.,0.));
#6383=DIRECTION('',(1.,0.,0.));
#6384=DIRECTION('',(-1.,0.,0.));
#6385=DIRECTION('',(0.,0.,1.));
#6386=DIRECTION('center_axis',(1.,-1.2752240950571E-14,0.));
#6387=DIRECTION('ref_axis',(1.2752240950571E-14,1.,0.));
#6388=DIRECTION('',(-1.2752240950571E-14,-1.,0.));
#6389=DIRECTION('',(1.2752240950571E-14,1.,0.));
#6390=DIRECTION('',(0.,0.,1.));
#6391=DIRECTION('center_axis',(0.,0.,1.));
#6392=DIRECTION('ref_axis',(0.0718228521568943,-0.997417404053112,0.));
#6393=DIRECTION('center_axis',(0.,0.,-1.));
#6394=DIRECTION('ref_axis',(0.0718228521568943,-0.997417404053112,0.));
#6395=DIRECTION('center_axis',(0.,0.,1.));
#6396=DIRECTION('ref_axis',(0.0718228521568943,-0.997417404053112,0.));
#6397=DIRECTION('',(0.,0.,1.));
#6398=DIRECTION('center_axis',(0.,0.,1.));
#6399=DIRECTION('ref_axis',(-0.3458305585808,-0.938296981105498,0.));
#6400=DIRECTION('center_axis',(0.,0.,-1.));
#6401=DIRECTION('ref_axis',(-0.3458305585808,-0.938296981105498,0.));
#6402=DIRECTION('center_axis',(0.,0.,1.));
#6403=DIRECTION('ref_axis',(-0.3458305585808,-0.938296981105498,0.));
#6404=DIRECTION('',(0.,0.,1.));
#6405=DIRECTION('center_axis',(0.,0.,1.));
#6406=DIRECTION('ref_axis',(-0.717118887448235,-0.696950860007365,0.));
#6407=DIRECTION('center_axis',(0.,0.,-1.));
#6408=DIRECTION('ref_axis',(-0.717118887448235,-0.696950860007365,0.));
#6409=DIRECTION('center_axis',(0.,0.,1.));
#6410=DIRECTION('ref_axis',(-0.717118887448235,-0.696950860007365,0.));
#6411=DIRECTION('',(0.,0.,1.));
#6412=DIRECTION('center_axis',(0.,0.,1.));
#6413=DIRECTION('ref_axis',(-0.986479631664626,-0.163883911079839,0.));
#6414=DIRECTION('center_axis',(0.,0.,-1.));
#6415=DIRECTION('ref_axis',(-0.986479631664626,-0.163883911079839,0.));
#6416=DIRECTION('center_axis',(0.,0.,1.));
#6417=DIRECTION('ref_axis',(-0.986479631664626,-0.163883911079839,0.));
#6418=DIRECTION('',(0.,0.,1.));
#6419=DIRECTION('center_axis',(1.,6.89294233565837E-15,0.));
#6420=DIRECTION('ref_axis',(-6.89294233565837E-15,1.,0.));
#6421=DIRECTION('',(6.89294233565837E-15,-1.,0.));
#6422=DIRECTION('',(-6.89294233565837E-15,1.,0.));
#6423=DIRECTION('',(0.,0.,1.));
#6424=DIRECTION('center_axis',(0.,-1.,0.));
#6425=DIRECTION('ref_axis',(1.,0.,0.));
#6426=DIRECTION('',(-1.,0.,0.));
#6427=DIRECTION('',(1.,0.,0.));
#6428=DIRECTION('',(0.,0.,1.));
#6429=DIRECTION('center_axis',(-1.,0.,0.));
#6430=DIRECTION('ref_axis',(0.,-1.,0.));
#6431=DIRECTION('',(0.,1.,0.));
#6432=DIRECTION('',(0.,-1.,0.));
#6433=DIRECTION('',(0.,0.,1.));
#6434=DIRECTION('center_axis',(0.,0.,1.));
#6435=DIRECTION('ref_axis',(1.,6.98899341639381E-14,0.));
#6436=DIRECTION('center_axis',(0.,0.,1.));
#6437=DIRECTION('ref_axis',(1.,6.98899341639381E-14,0.));
#6438=DIRECTION('center_axis',(0.,0.,-1.));
#6439=DIRECTION('ref_axis',(1.,6.98899341639381E-14,0.));
#6440=DIRECTION('center_axis',(0.,0.,1.));
#6441=DIRECTION('ref_axis',(1.,0.,0.));
#6442=DIRECTION('center_axis',(0.,0.,1.));
#6443=DIRECTION('ref_axis',(1.,0.,0.));
#6444=DIRECTION('center_axis',(1.,4.36617002372539E-13,0.));
#6445=DIRECTION('ref_axis',(-4.36617002372539E-13,1.,0.));
#6446=DIRECTION('',(-4.36617002372539E-13,1.,0.));
#6447=DIRECTION('',(0.,0.,1.));
#6448=DIRECTION('',(4.36617002372539E-13,-1.,0.));
#6449=DIRECTION('',(0.,0.,1.));
#6450=DIRECTION('center_axis',(-8.72962907696127E-15,-1.,0.));
#6451=DIRECTION('ref_axis',(1.,-8.72962907696127E-15,0.));
#6452=DIRECTION('',(1.,-8.72962907696127E-15,0.));
#6453=DIRECTION('',(0.,0.,1.));
#6454=DIRECTION('',(-1.,8.72962907696127E-15,0.));
#6455=DIRECTION('center_axis',(0.,0.,1.));
#6456=DIRECTION('ref_axis',(-0.997827108809392,0.0658867279889478,0.));
#6457=DIRECTION('center_axis',(0.,0.,1.));
#6458=DIRECTION('ref_axis',(-0.997827108809392,0.0658867279889478,0.));
#6459=DIRECTION('',(0.,0.,1.));
#6460=DIRECTION('center_axis',(0.,0.,-1.));
#6461=DIRECTION('ref_axis',(-0.997827108809392,0.0658867279889478,0.));
#6462=DIRECTION('center_axis',(0.,0.,1.));
#6463=DIRECTION('ref_axis',(-0.963838628488557,0.266486581713409,0.));
#6464=DIRECTION('center_axis',(0.,0.,1.));
#6465=DIRECTION('ref_axis',(-0.963838628488557,0.266486581713409,0.));
#6466=DIRECTION('',(0.,0.,1.));
#6467=DIRECTION('center_axis',(0.,0.,-1.));
#6468=DIRECTION('ref_axis',(-0.963838628488557,0.266486581713409,0.));
#6469=DIRECTION('center_axis',(0.,0.,1.));
#6470=DIRECTION('ref_axis',(-0.624324209958635,0.78116533516249,0.));
#6471=DIRECTION('center_axis',(0.,0.,1.));
#6472=DIRECTION('ref_axis',(-0.624324209958635,0.78116533516249,0.));
#6473=DIRECTION('',(0.,0.,1.));
#6474=DIRECTION('center_axis',(0.,0.,-1.));
#6475=DIRECTION('ref_axis',(-0.624324209958635,0.78116533516249,0.));
#6476=DIRECTION('center_axis',(0.,0.,1.));
#6477=DIRECTION('ref_axis',(0.135913877080582,0.990720655894952,0.));
#6478=DIRECTION('center_axis',(0.,0.,1.));
#6479=DIRECTION('ref_axis',(0.135913877080582,0.990720655894952,0.));
#6480=DIRECTION('',(0.,0.,1.));
#6481=DIRECTION('center_axis',(0.,0.,-1.));
#6482=DIRECTION('ref_axis',(0.135913877080582,0.990720655894952,0.));
#6483=DIRECTION('center_axis',(0.,0.,1.));
#6484=DIRECTION('ref_axis',(0.4611011583198,0.887347576655359,0.));
#6485=DIRECTION('center_axis',(0.,0.,1.));
#6486=DIRECTION('ref_axis',(0.4611011583198,0.887347576655359,0.));
#6487=DIRECTION('',(0.,0.,1.));
#6488=DIRECTION('center_axis',(0.,0.,-1.));
#6489=DIRECTION('ref_axis',(0.4611011583198,0.887347576655359,0.));
#6490=DIRECTION('center_axis',(0.,0.,1.));
#6491=DIRECTION('ref_axis',(0.929640501689699,0.368467824400075,0.));
#6492=DIRECTION('center_axis',(0.,0.,1.));
#6493=DIRECTION('ref_axis',(0.929640501689699,0.368467824400075,0.));
#6494=DIRECTION('',(0.,0.,1.));
#6495=DIRECTION('center_axis',(0.,0.,-1.));
#6496=DIRECTION('ref_axis',(0.929640501689699,0.368467824400075,0.));
#6497=DIRECTION('center_axis',(0.,0.,1.));
#6498=DIRECTION('ref_axis',(0.999991655976625,0.00408509205864279,0.));
#6499=DIRECTION('center_axis',(0.,0.,1.));
#6500=DIRECTION('ref_axis',(0.999991655976625,0.00408509205864279,0.));
#6501=DIRECTION('center_axis',(0.,0.,-1.));
#6502=DIRECTION('ref_axis',(0.999991655976625,0.00408509205864279,0.));
#6503=DIRECTION('center_axis',(0.,0.,1.));
#6504=DIRECTION('ref_axis',(0.632893008260999,0.774239265404657,0.));
#6505=DIRECTION('center_axis',(0.,0.,1.));
#6506=DIRECTION('ref_axis',(0.632893008260999,0.774239265404657,0.));
#6507=DIRECTION('',(0.,0.,1.));
#6508=DIRECTION('center_axis',(0.,0.,1.));
#6509=DIRECTION('ref_axis',(0.632893008260999,0.774239265404657,0.));
#6510=DIRECTION('',(0.,0.,1.));
#6511=DIRECTION('center_axis',(0.,0.,1.));
#6512=DIRECTION('ref_axis',(0.940114567680056,0.340858621184417,0.));
#6513=DIRECTION('center_axis',(0.,0.,1.));
#6514=DIRECTION('ref_axis',(0.940114567680056,0.340858621184417,0.));
#6515=DIRECTION('center_axis',(0.,0.,1.));
#6516=DIRECTION('ref_axis',(0.940114567680056,0.340858621184417,0.));
#6517=DIRECTION('',(0.,0.,1.));
#6518=DIRECTION('center_axis',(0.,0.,1.));
#6519=DIRECTION('ref_axis',(0.999974888365238,0.007086793275466,0.));
#6520=DIRECTION('center_axis',(0.,0.,1.));
#6521=DIRECTION('ref_axis',(0.999974888365238,0.007086793275466,0.));
#6522=DIRECTION('center_axis',(0.,0.,1.));
#6523=DIRECTION('ref_axis',(0.999974888365238,0.007086793275466,0.));
#6524=DIRECTION('',(0.,0.,1.));
#6525=DIRECTION('center_axis',(1.,7.17892935142782E-14,0.));
#6526=DIRECTION('ref_axis',(-7.17892935142782E-14,1.,0.));
#6527=DIRECTION('',(-7.17892935142782E-14,1.,0.));
#6528=DIRECTION('',(-7.17892935142782E-14,1.,0.));
#6529=DIRECTION('',(0.,0.,1.));
#6530=DIRECTION('center_axis',(2.63025155297508E-15,-1.,0.));
#6531=DIRECTION('ref_axis',(1.,2.63025155297508E-15,0.));
#6532=DIRECTION('',(1.,2.63025155297508E-15,0.));
#6533=DIRECTION('',(1.,2.63025155297508E-15,0.));
#6534=DIRECTION('',(0.,0.,1.));
#6535=DIRECTION('center_axis',(0.,0.,1.));
#6536=DIRECTION('ref_axis',(0.999945617878379,-0.0104288679072461,0.));
#6537=DIRECTION('center_axis',(0.,0.,-1.));
#6538=DIRECTION('ref_axis',(0.999945617878379,-0.0104288679072461,0.));
#6539=DIRECTION('center_axis',(0.,0.,-1.));
#6540=DIRECTION('ref_axis',(0.999945617878379,-0.0104288679072461,0.));
#6541=DIRECTION('',(0.,0.,1.));
#6542=DIRECTION('center_axis',(0.,0.,1.));
#6543=DIRECTION('ref_axis',(0.999933245573338,0.0115544102909406,0.));
#6544=DIRECTION('center_axis',(0.,0.,-1.));
#6545=DIRECTION('ref_axis',(0.999933245573338,0.0115544102909406,0.));
#6546=DIRECTION('center_axis',(0.,0.,-1.));
#6547=DIRECTION('ref_axis',(0.999933245573338,0.0115544102909406,0.));
#6548=DIRECTION('',(0.,0.,1.));
#6549=DIRECTION('center_axis',(0.,0.,1.));
#6550=DIRECTION('ref_axis',(0.961787839520085,0.27379582128164,0.));
#6551=DIRECTION('center_axis',(0.,0.,-1.));
#6552=DIRECTION('ref_axis',(0.961787839520085,0.27379582128164,0.));
#6553=DIRECTION('center_axis',(0.,0.,-1.));
#6554=DIRECTION('ref_axis',(0.961787839520085,0.27379582128164,0.));
#6555=DIRECTION('',(0.,0.,1.));
#6556=DIRECTION('center_axis',(0.,0.,1.));
#6557=DIRECTION('ref_axis',(0.85545268251558,0.517880978581853,0.));
#6558=DIRECTION('center_axis',(0.,0.,-1.));
#6559=DIRECTION('ref_axis',(0.85545268251558,0.517880978581853,0.));
#6560=DIRECTION('center_axis',(0.,0.,-1.));
#6561=DIRECTION('ref_axis',(0.85545268251558,0.517880978581853,0.));
#6562=DIRECTION('',(0.,0.,1.));
#6563=DIRECTION('center_axis',(0.,0.,1.));
#6564=DIRECTION('ref_axis',(0.486697749509976,0.8735704325479,0.));
#6565=DIRECTION('center_axis',(0.,0.,-1.));
#6566=DIRECTION('ref_axis',(0.486697749509976,0.8735704325479,0.));
#6567=DIRECTION('center_axis',(0.,0.,-1.));
#6568=DIRECTION('ref_axis',(0.486697749509976,0.8735704325479,0.));
#6569=DIRECTION('',(0.,0.,1.));
#6570=DIRECTION('center_axis',(0.,0.,1.));
#6571=DIRECTION('ref_axis',(0.00826469703753925,0.999965846808219,0.));
#6572=DIRECTION('center_axis',(0.,0.,-1.));
#6573=DIRECTION('ref_axis',(0.00826469703753925,0.999965846808219,0.));
#6574=DIRECTION('center_axis',(0.,0.,-1.));
#6575=DIRECTION('ref_axis',(0.00826469703753925,0.999965846808219,0.));
#6576=DIRECTION('',(0.,0.,1.));
#6577=DIRECTION('center_axis',(0.,0.,1.));
#6578=DIRECTION('ref_axis',(-0.427793240662796,0.903876619480349,0.));
#6579=DIRECTION('center_axis',(0.,0.,-1.));
#6580=DIRECTION('ref_axis',(-0.427793240662796,0.903876619480349,0.));
#6581=DIRECTION('center_axis',(0.,0.,-1.));
#6582=DIRECTION('ref_axis',(-0.427793240662796,0.903876619480349,0.));
#6583=DIRECTION('',(0.,0.,1.));
#6584=DIRECTION('center_axis',(0.,0.,1.));
#6585=DIRECTION('ref_axis',(-0.895606853566206,0.444846449738829,0.));
#6586=DIRECTION('center_axis',(0.,0.,-1.));
#6587=DIRECTION('ref_axis',(-0.895606853566206,0.444846449738829,0.));
#6588=DIRECTION('center_axis',(0.,0.,-1.));
#6589=DIRECTION('ref_axis',(-0.895606853566206,0.444846449738829,0.));
#6590=DIRECTION('',(0.,0.,1.));
#6591=DIRECTION('center_axis',(0.,0.,1.));
#6592=DIRECTION('ref_axis',(-0.977167718731944,0.21246940831143,0.));
#6593=DIRECTION('center_axis',(0.,0.,-1.));
#6594=DIRECTION('ref_axis',(-0.977167718731944,0.21246940831143,0.));
#6595=DIRECTION('center_axis',(0.,0.,-1.));
#6596=DIRECTION('ref_axis',(-0.977167718731944,0.21246940831143,0.));
#6597=DIRECTION('',(0.,0.,1.));
#6598=DIRECTION('center_axis',(-7.06109484707867E-15,1.,0.));
#6599=DIRECTION('ref_axis',(-1.,-7.06109484707867E-15,0.));
#6600=DIRECTION('',(-1.,-7.06109484707867E-15,0.));
#6601=DIRECTION('',(-1.,-7.06109484707867E-15,0.));
#6602=DIRECTION('',(0.,0.,1.));
#6603=DIRECTION('center_axis',(0.999962800430077,-0.00862541338363952,0.));
#6604=DIRECTION('ref_axis',(0.00862541338363952,0.999962800430077,0.));
#6605=DIRECTION('',(0.00862541338363952,0.999962800430077,0.));
#6606=DIRECTION('',(0.00862541338363952,0.999962800430077,0.));
#6607=DIRECTION('',(0.,0.,1.));
#6608=DIRECTION('center_axis',(0.,0.,1.));
#6609=DIRECTION('ref_axis',(0.975558799562536,-0.219738545995244,0.));
#6610=DIRECTION('center_axis',(0.,0.,1.));
#6611=DIRECTION('ref_axis',(0.975558799562536,-0.219738545995244,0.));
#6612=DIRECTION('center_axis',(0.,0.,1.));
#6613=DIRECTION('ref_axis',(0.975558799562536,-0.219738545995244,0.));
#6614=DIRECTION('',(0.,0.,1.));
#6615=DIRECTION('center_axis',(0.,0.,1.));
#6616=DIRECTION('ref_axis',(0.858277372272539,-0.513186079551019,0.));
#6617=DIRECTION('center_axis',(0.,0.,1.));
#6618=DIRECTION('ref_axis',(0.858277372272539,-0.513186079551019,0.));
#6619=DIRECTION('center_axis',(0.,0.,1.));
#6620=DIRECTION('ref_axis',(0.858277372272539,-0.513186079551019,0.));
#6621=DIRECTION('',(0.,0.,1.));
#6622=DIRECTION('center_axis',(0.,0.,1.));
#6623=DIRECTION('ref_axis',(0.784755070593935,-0.619806001243218,0.));
#6624=DIRECTION('center_axis',(0.,0.,1.));
#6625=DIRECTION('ref_axis',(0.784755070593935,-0.619806001243218,0.));
#6626=DIRECTION('center_axis',(0.,0.,1.));
#6627=DIRECTION('ref_axis',(0.784755070593935,-0.619806001243218,0.));
#6628=DIRECTION('',(0.,0.,1.));
#6629=DIRECTION('center_axis',(0.,0.,1.));
#6630=DIRECTION('ref_axis',(0.578409120577264,-0.815746829128398,0.));
#6631=DIRECTION('center_axis',(0.,0.,1.));
#6632=DIRECTION('ref_axis',(0.578409120577264,-0.815746829128398,0.));
#6633=DIRECTION('center_axis',(0.,0.,1.));
#6634=DIRECTION('ref_axis',(0.578409120577264,-0.815746829128398,0.));
#6635=DIRECTION('',(0.,0.,1.));
#6636=DIRECTION('center_axis',(0.,0.,1.));
#6637=DIRECTION('ref_axis',(0.471373149731632,-0.881933871507428,0.));
#6638=DIRECTION('center_axis',(0.,0.,1.));
#6639=DIRECTION('ref_axis',(0.471373149731632,-0.881933871507428,0.));
#6640=DIRECTION('center_axis',(0.,0.,1.));
#6641=DIRECTION('ref_axis',(0.471373149731632,-0.881933871507428,0.));
#6642=DIRECTION('',(0.,0.,1.));
#6643=DIRECTION('center_axis',(0.,0.,1.));
#6644=DIRECTION('ref_axis',(0.214741605431873,-0.97667089794697,0.));
#6645=DIRECTION('center_axis',(0.,0.,1.));
#6646=DIRECTION('ref_axis',(0.214741605431873,-0.97667089794697,0.));
#6647=DIRECTION('center_axis',(0.,0.,1.));
#6648=DIRECTION('ref_axis',(0.214741605431873,-0.97667089794697,0.));
#6649=DIRECTION('',(0.,0.,1.));
#6650=DIRECTION('center_axis',(0.,0.,1.));
#6651=DIRECTION('ref_axis',(-0.0477405014048176,-0.998859772203094,0.));
#6652=DIRECTION('center_axis',(0.,0.,1.));
#6653=DIRECTION('ref_axis',(-0.0477405014048176,-0.998859772203094,0.));
#6654=DIRECTION('center_axis',(0.,0.,1.));
#6655=DIRECTION('ref_axis',(-0.0477405014048176,-0.998859772203094,0.));
#6656=DIRECTION('',(0.,0.,1.));
#6657=DIRECTION('center_axis',(0.,0.,1.));
#6658=DIRECTION('ref_axis',(-0.251410871302569,-0.967880454287038,0.));
#6659=DIRECTION('center_axis',(0.,0.,1.));
#6660=DIRECTION('ref_axis',(-0.251410871302569,-0.967880454287038,0.));
#6661=DIRECTION('center_axis',(0.,0.,1.));
#6662=DIRECTION('ref_axis',(-0.251410871302569,-0.967880454287038,0.));
#6663=DIRECTION('',(0.,0.,1.));
#6664=DIRECTION('center_axis',(0.,0.,1.));
#6665=DIRECTION('ref_axis',(-0.378206768157718,-0.92572114619884,0.));
#6666=DIRECTION('center_axis',(0.,0.,1.));
#6667=DIRECTION('ref_axis',(-0.378206768157718,-0.92572114619884,0.));
#6668=DIRECTION('center_axis',(0.,0.,1.));
#6669=DIRECTION('ref_axis',(-0.378206768157718,-0.92572114619884,0.));
#6670=DIRECTION('',(0.,0.,1.));
#6671=DIRECTION('center_axis',(0.,0.,1.));
#6672=DIRECTION('ref_axis',(-0.529130025154279,-0.848540757112016,0.));
#6673=DIRECTION('center_axis',(0.,0.,1.));
#6674=DIRECTION('ref_axis',(-0.529130025154279,-0.848540757112016,0.));
#6675=DIRECTION('center_axis',(0.,0.,1.));
#6676=DIRECTION('ref_axis',(-0.529130025154279,-0.848540757112016,0.));
#6677=DIRECTION('',(0.,0.,1.));
#6678=DIRECTION('center_axis',(0.,0.,1.));
#6679=DIRECTION('ref_axis',(-0.701752460188176,-0.712420862004926,0.));
#6680=DIRECTION('center_axis',(0.,0.,1.));
#6681=DIRECTION('ref_axis',(-0.701752460188176,-0.712420862004926,0.));
#6682=DIRECTION('center_axis',(0.,0.,1.));
#6683=DIRECTION('ref_axis',(-0.701752460188176,-0.712420862004926,0.));
#6684=DIRECTION('',(0.,0.,1.));
#6685=DIRECTION('center_axis',(0.,0.,1.));
#6686=DIRECTION('ref_axis',(-0.840672422411584,-0.541543976235208,0.));
#6687=DIRECTION('center_axis',(0.,0.,1.));
#6688=DIRECTION('ref_axis',(-0.840672422411584,-0.541543976235208,0.));
#6689=DIRECTION('center_axis',(0.,0.,1.));
#6690=DIRECTION('ref_axis',(-0.840672422411584,-0.541543976235208,0.));
#6691=DIRECTION('',(0.,0.,1.));
#6692=DIRECTION('center_axis',(0.,0.,1.));
#6693=DIRECTION('ref_axis',(-0.981035470762105,-0.193828287684164,0.));
#6694=DIRECTION('center_axis',(0.,0.,1.));
#6695=DIRECTION('ref_axis',(-0.981035470762105,-0.193828287684164,0.));
#6696=DIRECTION('center_axis',(0.,0.,1.));
#6697=DIRECTION('ref_axis',(-0.981035470762105,-0.193828287684164,0.));
#6698=DIRECTION('',(0.,0.,1.));
#6699=DIRECTION('center_axis',(0.,0.,1.));
#6700=DIRECTION('ref_axis',(-0.997861500407977,-0.0653637973463959,0.));
#6701=DIRECTION('center_axis',(0.,0.,1.));
#6702=DIRECTION('ref_axis',(-0.997861500407977,-0.0653637973463959,0.));
#6703=DIRECTION('center_axis',(0.,0.,1.));
#6704=DIRECTION('ref_axis',(-0.997861500407977,-0.0653637973463959,0.));
#6705=DIRECTION('',(0.,0.,1.));
#6706=DIRECTION('center_axis',(0.,0.,1.));
#6707=DIRECTION('ref_axis',(-0.996982234739575,0.0776300432415413,0.));
#6708=DIRECTION('center_axis',(0.,0.,1.));
#6709=DIRECTION('ref_axis',(-0.996982234739575,0.0776300432415413,0.));
#6710=DIRECTION('center_axis',(0.,0.,1.));
#6711=DIRECTION('ref_axis',(-0.996982234739575,0.0776300432415413,0.));
#6712=DIRECTION('',(0.,0.,1.));
#6713=DIRECTION('center_axis',(0.,0.,1.));
#6714=DIRECTION('ref_axis',(-0.966403424001717,0.257030002291088,0.));
#6715=DIRECTION('center_axis',(0.,0.,1.));
#6716=DIRECTION('ref_axis',(-0.966403424001717,0.257030002291088,0.));
#6717=DIRECTION('center_axis',(0.,0.,1.));
#6718=DIRECTION('ref_axis',(-0.966403424001717,0.257030002291088,0.));
#6719=DIRECTION('',(0.,0.,1.));
#6720=DIRECTION('center_axis',(0.,0.,1.));
#6721=DIRECTION('ref_axis',(-0.868095053279196,0.496398004097711,0.));
#6722=DIRECTION('center_axis',(0.,0.,1.));
#6723=DIRECTION('ref_axis',(-0.868095053279196,0.496398004097711,0.));
#6724=DIRECTION('center_axis',(0.,0.,1.));
#6725=DIRECTION('ref_axis',(-0.868095053279196,0.496398004097711,0.));
#6726=DIRECTION('',(0.,0.,1.));
#6727=DIRECTION('center_axis',(0.,0.,1.));
#6728=DIRECTION('ref_axis',(-0.538438713525794,0.842664673388346,0.));
#6729=DIRECTION('center_axis',(0.,0.,1.));
#6730=DIRECTION('ref_axis',(-0.538438713525794,0.842664673388346,0.));
#6731=DIRECTION('center_axis',(0.,0.,1.));
#6732=DIRECTION('ref_axis',(-0.538438713525794,0.842664673388346,0.));
#6733=DIRECTION('',(0.,0.,1.));
#6734=DIRECTION('center_axis',(0.,0.,1.));
#6735=DIRECTION('ref_axis',(0.0277163050291486,0.99961582942425,0.));
#6736=DIRECTION('center_axis',(0.,0.,1.));
#6737=DIRECTION('ref_axis',(0.0277163050291486,0.99961582942425,0.));
#6738=DIRECTION('center_axis',(0.,0.,1.));
#6739=DIRECTION('ref_axis',(0.0277163050291486,0.99961582942425,0.));
#6740=DIRECTION('',(0.,0.,1.));
#6741=DIRECTION('center_axis',(0.,0.,1.));
#6742=DIRECTION('ref_axis',(0.355288463295886,0.934756710512873,0.));
#6743=DIRECTION('center_axis',(0.,0.,1.));
#6744=DIRECTION('ref_axis',(0.355288463295886,0.934756710512873,0.));
#6745=DIRECTION('center_axis',(0.,0.,1.));
#6746=DIRECTION('ref_axis',(0.355288463295886,0.934756710512873,0.));
#6747=DIRECTION('center_axis',(0.,0.,1.));
#6748=DIRECTION('ref_axis',(1.,0.,0.));
#6749=DIRECTION('center_axis',(0.,0.,1.));
#6750=DIRECTION('ref_axis',(1.,0.,0.));
#6751=DIRECTION('center_axis',(0.,0.,1.));
#6752=DIRECTION('ref_axis',(-0.998718248738161,0.0506148163819783,0.));
#6753=DIRECTION('center_axis',(0.,0.,1.));
#6754=DIRECTION('ref_axis',(-0.998718248738161,0.0506148163819783,0.));
#6755=DIRECTION('',(0.,0.,1.));
#6756=DIRECTION('center_axis',(0.,0.,-1.));
#6757=DIRECTION('ref_axis',(-0.998718248738161,0.0506148163819783,0.));
#6758=DIRECTION('',(0.,0.,1.));
#6759=DIRECTION('center_axis',(0.,0.,1.));
#6760=DIRECTION('ref_axis',(-0.992339791488656,0.12353840790722,0.));
#6761=DIRECTION('center_axis',(0.,0.,1.));
#6762=DIRECTION('ref_axis',(-0.992339791488656,0.12353840790722,0.));
#6763=DIRECTION('',(0.,0.,1.));
#6764=DIRECTION('center_axis',(0.,0.,-1.));
#6765=DIRECTION('ref_axis',(-0.992339791488656,0.12353840790722,0.));
#6766=DIRECTION('center_axis',(0.,0.,1.));
#6767=DIRECTION('ref_axis',(-0.979896350957091,0.19950724643726,0.));
#6768=DIRECTION('center_axis',(0.,0.,1.));
#6769=DIRECTION('ref_axis',(-0.979896350957091,0.19950724643726,0.));
#6770=DIRECTION('',(0.,0.,1.));
#6771=DIRECTION('center_axis',(0.,0.,-1.));
#6772=DIRECTION('ref_axis',(-0.979896350957091,0.19950724643726,0.));
#6773=DIRECTION('center_axis',(0.,0.,1.));
#6774=DIRECTION('ref_axis',(-0.957815397979447,0.287384173874404,0.));
#6775=DIRECTION('center_axis',(0.,0.,1.));
#6776=DIRECTION('ref_axis',(-0.957815397979447,0.287384173874404,0.));
#6777=DIRECTION('',(0.,0.,1.));
#6778=DIRECTION('center_axis',(0.,0.,-1.));
#6779=DIRECTION('ref_axis',(-0.957815397979447,0.287384173874404,0.));
#6780=DIRECTION('center_axis',(0.,0.,1.));
#6781=DIRECTION('ref_axis',(-0.871514686993807,0.490369401934996,0.));
#6782=DIRECTION('center_axis',(0.,0.,1.));
#6783=DIRECTION('ref_axis',(-0.871514686993807,0.490369401934996,0.));
#6784=DIRECTION('',(0.,0.,1.));
#6785=DIRECTION('center_axis',(0.,0.,-1.));
#6786=DIRECTION('ref_axis',(-0.871514686993807,0.490369401934996,0.));
#6787=DIRECTION('center_axis',(0.,0.,1.));
#6788=DIRECTION('ref_axis',(-0.7654682372377,0.643473680720672,0.));
#6789=DIRECTION('center_axis',(0.,0.,1.));
#6790=DIRECTION('ref_axis',(-0.7654682372377,0.643473680720672,0.));
#6791=DIRECTION('',(0.,0.,1.));
#6792=DIRECTION('center_axis',(0.,0.,-1.));
#6793=DIRECTION('ref_axis',(-0.7654682372377,0.643473680720672,0.));
#6794=DIRECTION('center_axis',(0.,0.,1.));
#6795=DIRECTION('ref_axis',(-0.51119697062342,0.859463586910719,0.));
#6796=DIRECTION('center_axis',(0.,0.,1.));
#6797=DIRECTION('ref_axis',(-0.51119697062342,0.859463586910719,0.));
#6798=DIRECTION('',(0.,0.,1.));
#6799=DIRECTION('center_axis',(0.,0.,-1.));
#6800=DIRECTION('ref_axis',(-0.51119697062342,0.859463586910719,0.));
#6801=DIRECTION('center_axis',(0.,0.,1.));
#6802=DIRECTION('ref_axis',(-0.187045758561864,0.982351202067782,0.));
#6803=DIRECTION('center_axis',(0.,0.,1.));
#6804=DIRECTION('ref_axis',(-0.187045758561864,0.982351202067782,0.));
#6805=DIRECTION('',(0.,0.,1.));
#6806=DIRECTION('center_axis',(0.,0.,-1.));
#6807=DIRECTION('ref_axis',(-0.187045758561864,0.982351202067782,0.));
#6808=DIRECTION('center_axis',(0.,0.,1.));
#6809=DIRECTION('ref_axis',(0.0916175180982433,0.995794271111015,0.));
#6810=DIRECTION('center_axis',(0.,0.,1.));
#6811=DIRECTION('ref_axis',(0.0916175180982433,0.995794271111015,0.));
#6812=DIRECTION('',(0.,0.,1.));
#6813=DIRECTION('center_axis',(0.,0.,-1.));
#6814=DIRECTION('ref_axis',(0.0916175180982433,0.995794271111015,0.));
#6815=DIRECTION('center_axis',(0.,0.,1.));
#6816=DIRECTION('ref_axis',(0.22919600741143,0.973380290629854,0.));
#6817=DIRECTION('center_axis',(0.,0.,1.));
#6818=DIRECTION('ref_axis',(0.22919600741143,0.973380290629854,0.));
#6819=DIRECTION('',(0.,0.,1.));
#6820=DIRECTION('center_axis',(0.,0.,-1.));
#6821=DIRECTION('ref_axis',(0.22919600741143,0.973380290629854,0.));
#6822=DIRECTION('center_axis',(0.,0.,1.));
#6823=DIRECTION('ref_axis',(0.500017486718795,0.866015307587239,0.));
#6824=DIRECTION('center_axis',(0.,0.,1.));
#6825=DIRECTION('ref_axis',(0.500017486718795,0.866015307587239,0.));
#6826=DIRECTION('',(0.,0.,1.));
#6827=DIRECTION('center_axis',(0.,0.,-1.));
#6828=DIRECTION('ref_axis',(0.500017486718795,0.866015307587239,0.));
#6829=DIRECTION('center_axis',(0.,0.,1.));
#6830=DIRECTION('ref_axis',(0.81285057379667,0.582472269450163,0.));
#6831=DIRECTION('center_axis',(0.,0.,1.));
#6832=DIRECTION('ref_axis',(0.81285057379667,0.582472269450163,0.));
#6833=DIRECTION('',(0.,0.,1.));
#6834=DIRECTION('center_axis',(0.,0.,-1.));
#6835=DIRECTION('ref_axis',(0.81285057379667,0.582472269450163,0.));
#6836=DIRECTION('center_axis',(0.,0.,1.));
#6837=DIRECTION('ref_axis',(0.883714681190011,0.468026027320316,0.));
#6838=DIRECTION('center_axis',(0.,0.,1.));
#6839=DIRECTION('ref_axis',(0.883714681190011,0.468026027320316,0.));
#6840=DIRECTION('',(0.,0.,1.));
#6841=DIRECTION('center_axis',(0.,0.,-1.));
#6842=DIRECTION('ref_axis',(0.883714681190011,0.468026027320316,0.));
#6843=DIRECTION('center_axis',(0.,0.,1.));
#6844=DIRECTION('ref_axis',(0.946278764773323,0.323351974385612,0.));
#6845=DIRECTION('center_axis',(0.,0.,1.));
#6846=DIRECTION('ref_axis',(0.946278764773323,0.323351974385612,0.));
#6847=DIRECTION('',(0.,0.,1.));
#6848=DIRECTION('center_axis',(0.,0.,-1.));
#6849=DIRECTION('ref_axis',(0.946278764773323,0.323351974385612,0.));
#6850=DIRECTION('center_axis',(0.,0.,1.));
#6851=DIRECTION('ref_axis',(0.983595279619734,0.180389373051122,0.));
#6852=DIRECTION('center_axis',(0.,0.,1.));
#6853=DIRECTION('ref_axis',(0.983595279619734,0.180389373051122,0.));
#6854=DIRECTION('',(0.,0.,1.));
#6855=DIRECTION('center_axis',(0.,0.,-1.));
#6856=DIRECTION('ref_axis',(0.983595279619734,0.180389373051122,0.));
#6857=DIRECTION('center_axis',(0.,0.,1.));
#6858=DIRECTION('ref_axis',(0.992330710872552,0.123611327390238,0.));
#6859=DIRECTION('center_axis',(0.,0.,1.));
#6860=DIRECTION('ref_axis',(0.992330710872552,0.123611327390238,0.));
#6861=DIRECTION('',(0.,0.,1.));
#6862=DIRECTION('center_axis',(0.,0.,-1.));
#6863=DIRECTION('ref_axis',(0.992330710872552,0.123611327390238,0.));
#6864=DIRECTION('center_axis',(0.,0.,1.));
#6865=DIRECTION('ref_axis',(0.999646844824176,0.0265741534779709,0.));
#6866=DIRECTION('center_axis',(0.,0.,1.));
#6867=DIRECTION('ref_axis',(0.999646844824176,0.0265741534779709,0.));
#6868=DIRECTION('',(0.,0.,1.));
#6869=DIRECTION('center_axis',(0.,0.,-1.));
#6870=DIRECTION('ref_axis',(0.999646844824176,0.0265741534779709,0.));
#6871=DIRECTION('center_axis',(0.,0.,1.));
#6872=DIRECTION('ref_axis',(0.999660623670628,-0.0260506714395592,0.));
#6873=DIRECTION('center_axis',(0.,0.,1.));
#6874=DIRECTION('ref_axis',(0.999660623670628,-0.0260506714395592,0.));
#6875=DIRECTION('',(0.,0.,1.));
#6876=DIRECTION('center_axis',(0.,0.,-1.));
#6877=DIRECTION('ref_axis',(0.999660623670628,-0.0260506714395592,0.));
#6878=DIRECTION('center_axis',(0.,0.,1.));
#6879=DIRECTION('ref_axis',(0.998718248738194,-0.0506148163813096,0.));
#6880=DIRECTION('center_axis',(0.,0.,1.));
#6881=DIRECTION('ref_axis',(0.998718248738194,-0.0506148163813096,0.));
#6882=DIRECTION('',(0.,0.,1.));
#6883=DIRECTION('center_axis',(0.,0.,-1.));
#6884=DIRECTION('ref_axis',(0.998718248738194,-0.0506148163813096,0.));
#6885=DIRECTION('center_axis',(0.,0.,1.));
#6886=DIRECTION('ref_axis',(0.9923706235638,-0.123290492283849,0.));
#6887=DIRECTION('center_axis',(0.,0.,1.));
#6888=DIRECTION('ref_axis',(0.9923706235638,-0.123290492283849,0.));
#6889=DIRECTION('',(0.,0.,1.));
#6890=DIRECTION('center_axis',(0.,0.,-1.));
#6891=DIRECTION('ref_axis',(0.9923706235638,-0.123290492283849,0.));
#6892=DIRECTION('center_axis',(0.,0.,1.));
#6893=DIRECTION('ref_axis',(0.979896350957056,-0.199507246437434,0.));
#6894=DIRECTION('center_axis',(0.,0.,1.));
#6895=DIRECTION('ref_axis',(0.979896350957056,-0.199507246437434,0.));
#6896=DIRECTION('',(0.,0.,1.));
#6897=DIRECTION('center_axis',(0.,0.,-1.));
#6898=DIRECTION('ref_axis',(0.979896350957056,-0.199507246437434,0.));
#6899=DIRECTION('center_axis',(0.,0.,1.));
#6900=DIRECTION('ref_axis',(0.957815397979454,-0.28738417387438,0.));
#6901=DIRECTION('center_axis',(0.,0.,1.));
#6902=DIRECTION('ref_axis',(0.957815397979454,-0.28738417387438,0.));
#6903=DIRECTION('',(0.,0.,1.));
#6904=DIRECTION('center_axis',(0.,0.,-1.));
#6905=DIRECTION('ref_axis',(0.957815397979454,-0.28738417387438,0.));
#6906=DIRECTION('center_axis',(0.,0.,1.));
#6907=DIRECTION('ref_axis',(0.871514686994398,-0.490369401933946,0.));
#6908=DIRECTION('center_axis',(0.,0.,1.));
#6909=DIRECTION('ref_axis',(0.871514686994398,-0.490369401933946,0.));
#6910=DIRECTION('',(0.,0.,1.));
#6911=DIRECTION('center_axis',(0.,0.,-1.));
#6912=DIRECTION('ref_axis',(0.871514686994398,-0.490369401933946,0.));
#6913=DIRECTION('center_axis',(0.,0.,1.));
#6914=DIRECTION('ref_axis',(0.765468237237299,-0.643473680721148,0.));
#6915=DIRECTION('center_axis',(0.,0.,1.));
#6916=DIRECTION('ref_axis',(0.765468237237299,-0.643473680721148,0.));
#6917=DIRECTION('',(0.,0.,1.));
#6918=DIRECTION('center_axis',(0.,0.,-1.));
#6919=DIRECTION('ref_axis',(0.765468237237299,-0.643473680721148,0.));
#6920=DIRECTION('center_axis',(0.,0.,1.));
#6921=DIRECTION('ref_axis',(0.51119697062369,-0.859463586910558,0.));
#6922=DIRECTION('center_axis',(0.,0.,1.));
#6923=DIRECTION('ref_axis',(0.51119697062369,-0.859463586910558,0.));
#6924=DIRECTION('',(0.,0.,1.));
#6925=DIRECTION('center_axis',(0.,0.,-1.));
#6926=DIRECTION('ref_axis',(0.51119697062369,-0.859463586910558,0.));
#6927=DIRECTION('center_axis',(0.,0.,1.));
#6928=DIRECTION('ref_axis',(0.187045758561994,-0.982351202067758,0.));
#6929=DIRECTION('center_axis',(0.,0.,1.));
#6930=DIRECTION('ref_axis',(0.187045758561994,-0.982351202067758,0.));
#6931=DIRECTION('',(0.,0.,1.));
#6932=DIRECTION('center_axis',(0.,0.,-1.));
#6933=DIRECTION('ref_axis',(0.187045758561994,-0.982351202067758,0.));
#6934=DIRECTION('center_axis',(0.,0.,1.));
#6935=DIRECTION('ref_axis',(-0.0916175180982233,-0.995794271111017,0.));
#6936=DIRECTION('center_axis',(0.,0.,1.));
#6937=DIRECTION('ref_axis',(-0.0916175180982233,-0.995794271111017,0.));
#6938=DIRECTION('',(0.,0.,1.));
#6939=DIRECTION('center_axis',(0.,0.,-1.));
#6940=DIRECTION('ref_axis',(-0.0916175180982233,-0.995794271111017,0.));
#6941=DIRECTION('center_axis',(0.,0.,1.));
#6942=DIRECTION('ref_axis',(-0.229196007411508,-0.973380290629836,0.));
#6943=DIRECTION('center_axis',(0.,0.,1.));
#6944=DIRECTION('ref_axis',(-0.229196007411508,-0.973380290629836,0.));
#6945=DIRECTION('',(0.,0.,1.));
#6946=DIRECTION('center_axis',(0.,0.,-1.));
#6947=DIRECTION('ref_axis',(-0.229196007411508,-0.973380290629836,0.));
#6948=DIRECTION('center_axis',(0.,0.,1.));
#6949=DIRECTION('ref_axis',(-0.500017486714655,-0.866015307589629,0.));
#6950=DIRECTION('center_axis',(0.,0.,1.));
#6951=DIRECTION('ref_axis',(-0.500017486714655,-0.866015307589629,0.));
#6952=DIRECTION('',(0.,0.,1.));
#6953=DIRECTION('center_axis',(0.,0.,-1.));
#6954=DIRECTION('ref_axis',(-0.500017486714655,-0.866015307589629,0.));
#6955=DIRECTION('center_axis',(0.,0.,1.));
#6956=DIRECTION('ref_axis',(-0.812850573796449,-0.582472269450471,0.));
#6957=DIRECTION('center_axis',(0.,0.,1.));
#6958=DIRECTION('ref_axis',(-0.812850573796449,-0.582472269450471,0.));
#6959=DIRECTION('',(0.,0.,1.));
#6960=DIRECTION('center_axis',(0.,0.,-1.));
#6961=DIRECTION('ref_axis',(-0.812850573796449,-0.582472269450471,0.));
#6962=DIRECTION('center_axis',(0.,0.,1.));
#6963=DIRECTION('ref_axis',(-0.883714681190175,-0.468026027320005,0.));
#6964=DIRECTION('center_axis',(0.,0.,1.));
#6965=DIRECTION('ref_axis',(-0.883714681190175,-0.468026027320005,0.));
#6966=DIRECTION('',(0.,0.,1.));
#6967=DIRECTION('center_axis',(0.,0.,-1.));
#6968=DIRECTION('ref_axis',(-0.883714681190175,-0.468026027320005,0.));
#6969=DIRECTION('center_axis',(0.,0.,1.));
#6970=DIRECTION('ref_axis',(-0.946278764773237,-0.323351974385864,0.));
#6971=DIRECTION('center_axis',(0.,0.,1.));
#6972=DIRECTION('ref_axis',(-0.946278764773237,-0.323351974385864,0.));
#6973=DIRECTION('',(0.,0.,1.));
#6974=DIRECTION('center_axis',(0.,0.,-1.));
#6975=DIRECTION('ref_axis',(-0.946278764773237,-0.323351974385864,0.));
#6976=DIRECTION('center_axis',(0.,0.,1.));
#6977=DIRECTION('ref_axis',(-0.983595279619741,-0.180389373051084,0.));
#6978=DIRECTION('center_axis',(0.,0.,1.));
#6979=DIRECTION('ref_axis',(-0.983595279619741,-0.180389373051084,0.));
#6980=DIRECTION('',(0.,0.,1.));
#6981=DIRECTION('center_axis',(0.,0.,-1.));
#6982=DIRECTION('ref_axis',(-0.983595279619741,-0.180389373051084,0.));
#6983=DIRECTION('center_axis',(0.,0.,1.));
#6984=DIRECTION('ref_axis',(-0.992330710872539,-0.123611327390339,0.));
#6985=DIRECTION('center_axis',(0.,0.,1.));
#6986=DIRECTION('ref_axis',(-0.992330710872539,-0.123611327390339,0.));
#6987=DIRECTION('',(0.,0.,1.));
#6988=DIRECTION('center_axis',(0.,0.,-1.));
#6989=DIRECTION('ref_axis',(-0.992330710872539,-0.123611327390339,0.));
#6990=DIRECTION('center_axis',(0.,0.,1.));
#6991=DIRECTION('ref_axis',(-0.999646844824182,-0.0265741534777386,0.));
#6992=DIRECTION('center_axis',(0.,0.,1.));
#6993=DIRECTION('ref_axis',(-0.999646844824182,-0.0265741534777386,0.));
#6994=DIRECTION('',(0.,0.,1.));
#6995=DIRECTION('center_axis',(0.,0.,-1.));
#6996=DIRECTION('ref_axis',(-0.999646844824182,-0.0265741534777386,0.));
#6997=DIRECTION('center_axis',(0.,0.,1.));
#6998=DIRECTION('ref_axis',(-0.999660623670645,0.0260506714388877,0.));
#6999=DIRECTION('center_axis',(0.,0.,1.));
#7000=DIRECTION('ref_axis',(-0.999660623670645,0.0260506714388877,0.));
#7001=DIRECTION('center_axis',(0.,0.,-1.));
#7002=DIRECTION('ref_axis',(-0.999660623670645,0.0260506714388877,0.));
#7003=DIRECTION('center_axis',(0.,0.,1.));
#7004=DIRECTION('ref_axis',(0.9864585678508,-0.164010651830141,0.));
#7005=DIRECTION('center_axis',(0.,0.,1.));
#7006=DIRECTION('ref_axis',(0.9864585678508,-0.164010651830141,0.));
#7007=DIRECTION('',(0.,0.,1.));
#7008=DIRECTION('center_axis',(0.,0.,1.));
#7009=DIRECTION('ref_axis',(0.9864585678508,-0.164010651830141,0.));
#7010=DIRECTION('',(0.,0.,1.));
#7011=DIRECTION('center_axis',(0.,0.,1.));
#7012=DIRECTION('ref_axis',(0.908024888603438,-0.418916222742344,0.));
#7013=DIRECTION('center_axis',(0.,0.,1.));
#7014=DIRECTION('ref_axis',(0.908024888603438,-0.418916222742344,0.));
#7015=DIRECTION('center_axis',(0.,0.,1.));
#7016=DIRECTION('ref_axis',(0.908024888603438,-0.418916222742344,0.));
#7017=DIRECTION('',(0.,0.,1.));
#7018=DIRECTION('center_axis',(0.,0.,1.));
#7019=DIRECTION('ref_axis',(0.702458816587124,-0.711724392583967,0.));
#7020=DIRECTION('center_axis',(0.,0.,1.));
#7021=DIRECTION('ref_axis',(0.702458816587124,-0.711724392583967,0.));
#7022=DIRECTION('center_axis',(0.,0.,1.));
#7023=DIRECTION('ref_axis',(0.702458816587124,-0.711724392583967,0.));
#7024=DIRECTION('',(0.,0.,1.));
#7025=DIRECTION('center_axis',(0.,0.,1.));
#7026=DIRECTION('ref_axis',(0.313333583154254,-0.949643125425397,0.));
#7027=DIRECTION('center_axis',(0.,0.,1.));
#7028=DIRECTION('ref_axis',(0.313333583154254,-0.949643125425397,0.));
#7029=DIRECTION('center_axis',(0.,0.,1.));
#7030=DIRECTION('ref_axis',(0.313333583154254,-0.949643125425397,0.));
#7031=DIRECTION('',(0.,0.,1.));
#7032=DIRECTION('center_axis',(0.,0.,1.));
#7033=DIRECTION('ref_axis',(-0.00967410306685272,-0.999953204770029,0.));
#7034=DIRECTION('center_axis',(0.,0.,1.));
#7035=DIRECTION('ref_axis',(-0.00967410306685272,-0.999953204770029,0.));
#7036=DIRECTION('center_axis',(0.,0.,1.));
#7037=DIRECTION('ref_axis',(-0.00967410306685272,-0.999953204770029,0.));
#7038=DIRECTION('',(0.,0.,1.));
#7039=DIRECTION('center_axis',(0.,0.,1.));
#7040=DIRECTION('ref_axis',(-0.36375091981862,-0.931496252451457,0.));
#7041=DIRECTION('center_axis',(0.,0.,1.));
#7042=DIRECTION('ref_axis',(-0.36375091981862,-0.931496252451457,0.));
#7043=DIRECTION('center_axis',(0.,0.,1.));
#7044=DIRECTION('ref_axis',(-0.36375091981862,-0.931496252451457,0.));
#7045=DIRECTION('',(0.,0.,1.));
#7046=DIRECTION('center_axis',(0.,0.,1.));
#7047=DIRECTION('ref_axis',(-0.707321811644612,-0.706891685318044,0.));
#7048=DIRECTION('center_axis',(0.,0.,1.));
#7049=DIRECTION('ref_axis',(-0.707321811644612,-0.706891685318044,0.));
#7050=DIRECTION('center_axis',(0.,0.,1.));
#7051=DIRECTION('ref_axis',(-0.707321811644612,-0.706891685318044,0.));
#7052=DIRECTION('',(0.,0.,1.));
#7053=DIRECTION('center_axis',(0.,0.,1.));
#7054=DIRECTION('ref_axis',(-0.923692381191979,-0.383134943496271,0.));
#7055=DIRECTION('center_axis',(0.,0.,1.));
#7056=DIRECTION('ref_axis',(-0.923692381191979,-0.383134943496271,0.));
#7057=DIRECTION('center_axis',(0.,0.,1.));
#7058=DIRECTION('ref_axis',(-0.923692381191979,-0.383134943496271,0.));
#7059=DIRECTION('',(0.,0.,1.));
#7060=DIRECTION('center_axis',(0.,0.,1.));
#7061=DIRECTION('ref_axis',(-0.994276814280671,-0.106834528987028,0.));
#7062=DIRECTION('center_axis',(0.,0.,1.));
#7063=DIRECTION('ref_axis',(-0.994276814280671,-0.106834528987028,0.));
#7064=DIRECTION('center_axis',(0.,0.,1.));
#7065=DIRECTION('ref_axis',(-0.994276814280671,-0.106834528987028,0.));
#7066=DIRECTION('',(0.,0.,1.));
#7067=DIRECTION('center_axis',(0.,0.,1.));
#7068=DIRECTION('ref_axis',(-0.999983809690563,0.00569037404284729,0.));
#7069=DIRECTION('center_axis',(0.,0.,1.));
#7070=DIRECTION('ref_axis',(-0.999983809690563,0.00569037404284729,0.));
#7071=DIRECTION('center_axis',(0.,0.,1.));
#7072=DIRECTION('ref_axis',(-0.999983809690563,0.00569037404284729,0.));
#7073=DIRECTION('',(0.,0.,1.));
#7074=DIRECTION('center_axis',(0.,0.,1.));
#7075=DIRECTION('ref_axis',(-0.986454662982129,0.164034136327821,0.));
#7076=DIRECTION('center_axis',(0.,0.,1.));
#7077=DIRECTION('ref_axis',(-0.986454662982129,0.164034136327821,0.));
#7078=DIRECTION('center_axis',(0.,0.,1.));
#7079=DIRECTION('ref_axis',(-0.986454662982129,0.164034136327821,0.));
#7080=DIRECTION('',(0.,0.,1.));
#7081=DIRECTION('center_axis',(0.,0.,1.));
#7082=DIRECTION('ref_axis',(-0.908024888603453,0.418916222742313,0.));
#7083=DIRECTION('center_axis',(0.,0.,1.));
#7084=DIRECTION('ref_axis',(-0.908024888603453,0.418916222742313,0.));
#7085=DIRECTION('center_axis',(0.,0.,1.));
#7086=DIRECTION('ref_axis',(-0.908024888603453,0.418916222742313,0.));
#7087=DIRECTION('',(0.,0.,1.));
#7088=DIRECTION('center_axis',(0.,0.,1.));
#7089=DIRECTION('ref_axis',(-0.702458816587085,0.711724392584006,0.));
#7090=DIRECTION('center_axis',(0.,0.,1.));
#7091=DIRECTION('ref_axis',(-0.702458816587085,0.711724392584006,0.));
#7092=DIRECTION('center_axis',(0.,0.,1.));
#7093=DIRECTION('ref_axis',(-0.702458816587085,0.711724392584006,0.));
#7094=DIRECTION('',(0.,0.,1.));
#7095=DIRECTION('center_axis',(0.,0.,1.));
#7096=DIRECTION('ref_axis',(-0.313333583154268,0.949643125425392,0.));
#7097=DIRECTION('center_axis',(0.,0.,1.));
#7098=DIRECTION('ref_axis',(-0.313333583154268,0.949643125425392,0.));
#7099=DIRECTION('center_axis',(0.,0.,1.));
#7100=DIRECTION('ref_axis',(-0.313333583154268,0.949643125425392,0.));
#7101=DIRECTION('',(0.,0.,1.));
#7102=DIRECTION('center_axis',(0.,0.,1.));
#7103=DIRECTION('ref_axis',(0.00967410306649503,0.999953204770033,0.));
#7104=DIRECTION('center_axis',(0.,0.,1.));
#7105=DIRECTION('ref_axis',(0.00967410306649503,0.999953204770033,0.));
#7106=DIRECTION('center_axis',(0.,0.,1.));
#7107=DIRECTION('ref_axis',(0.00967410306649503,0.999953204770033,0.));
#7108=DIRECTION('',(0.,0.,1.));
#7109=DIRECTION('center_axis',(0.,0.,1.));
#7110=DIRECTION('ref_axis',(0.363750919818346,0.931496252451564,0.));
#7111=DIRECTION('center_axis',(0.,0.,1.));
#7112=DIRECTION('ref_axis',(0.363750919818346,0.931496252451564,0.));
#7113=DIRECTION('center_axis',(0.,0.,1.));
#7114=DIRECTION('ref_axis',(0.363750919818346,0.931496252451564,0.));
#7115=DIRECTION('',(0.,0.,1.));
#7116=DIRECTION('center_axis',(0.,0.,1.));
#7117=DIRECTION('ref_axis',(0.699261915460384,0.714865563296117,0.));
#7118=DIRECTION('center_axis',(0.,0.,1.));
#7119=DIRECTION('ref_axis',(0.699261915460384,0.714865563296117,0.));
#7120=DIRECTION('center_axis',(0.,0.,1.));
#7121=DIRECTION('ref_axis',(0.699261915460384,0.714865563296117,0.));
#7122=DIRECTION('',(0.,0.,1.));
#7123=DIRECTION('center_axis',(0.,0.,1.));
#7124=DIRECTION('ref_axis',(0.923692381192009,0.383134943496199,0.));
#7125=DIRECTION('center_axis',(0.,0.,1.));
#7126=DIRECTION('ref_axis',(0.923692381192009,0.383134943496199,0.));
#7127=DIRECTION('center_axis',(0.,0.,1.));
#7128=DIRECTION('ref_axis',(0.923692381192009,0.383134943496199,0.));
#7129=DIRECTION('',(0.,0.,1.));
#7130=DIRECTION('center_axis',(0.,0.,1.));
#7131=DIRECTION('ref_axis',(0.994276814280673,0.106834528987009,0.));
#7132=DIRECTION('center_axis',(0.,0.,1.));
#7133=DIRECTION('ref_axis',(0.994276814280673,0.106834528987009,0.));
#7134=DIRECTION('center_axis',(0.,0.,1.));
#7135=DIRECTION('ref_axis',(0.994276814280673,0.106834528987009,0.));
#7136=DIRECTION('',(0.,0.,1.));
#7137=DIRECTION('center_axis',(0.,0.,1.));
#7138=DIRECTION('ref_axis',(0.999983809690558,-0.00569037404376858,0.));
#7139=DIRECTION('center_axis',(0.,0.,1.));
#7140=DIRECTION('ref_axis',(0.999983809690558,-0.00569037404376858,0.));
#7141=DIRECTION('center_axis',(0.,0.,1.));
#7142=DIRECTION('ref_axis',(0.999983809690558,-0.00569037404376858,0.));
#7143=DIRECTION('center_axis',(0.,0.,1.));
#7144=DIRECTION('ref_axis',(1.,0.,0.));
#7145=DIRECTION('center_axis',(0.,0.,1.));
#7146=DIRECTION('ref_axis',(1.,0.,0.));
#7147=DIRECTION('axis',(0.,0.,1.));
#7148=DIRECTION('refdir',(1.,0.,0.));
#7149=DIRECTION('center_axis',(-2.31296463463574E-16,1.,0.));
#7150=DIRECTION('ref_axis',(-1.,-2.31296463463574E-16,0.));
#7151=DIRECTION('',(-1.,-2.31296463463574E-16,0.));
#7152=DIRECTION('',(0.,0.,1.));
#7153=DIRECTION('',(-1.,-2.31296463463574E-16,0.));
#7154=DIRECTION('',(0.,0.,1.));
#7155=DIRECTION('center_axis',(1.,1.89242561015652E-16,0.));
#7156=DIRECTION('ref_axis',(-1.89242561015652E-16,1.,0.));
#7157=DIRECTION('',(-1.89242561015652E-16,1.,0.));
#7158=DIRECTION('',(-1.89242561015652E-16,1.,0.));
#7159=DIRECTION('',(0.,0.,1.));
#7160=DIRECTION('center_axis',(5.20417042793042E-16,-1.,0.));
#7161=DIRECTION('ref_axis',(1.,5.20417042793042E-16,0.));
#7162=DIRECTION('',(1.,5.20417042793042E-16,0.));
#7163=DIRECTION('',(1.,5.20417042793042E-16,0.));
#7164=DIRECTION('',(0.,0.,1.));
#7165=DIRECTION('center_axis',(-1.,0.,0.));
#7166=DIRECTION('ref_axis',(0.,-1.,0.));
#7167=DIRECTION('',(0.,-1.,0.));
#7168=DIRECTION('',(0.,-1.,0.));
#7169=DIRECTION('center_axis',(0.,0.,1.));
#7170=DIRECTION('ref_axis',(1.,0.,0.));
#7171=DIRECTION('center_axis',(0.,0.,1.));
#7172=DIRECTION('ref_axis',(1.,0.,0.));
#7173=DIRECTION('',(0.,0.,1.));
#7174=DIRECTION('',(1.,0.,0.));
#7175=DIRECTION('',(0.,0.,1.));
#7176=DIRECTION('',(1.,0.,0.));
#7177=DIRECTION('',(0.,0.,1.));
#7178=DIRECTION('',(1.,0.,0.));
#7179=DIRECTION('',(0.,0.,1.));
#7180=DIRECTION('',(1.,0.,0.));
#7181=DIRECTION('',(0.,0.,1.));
#7182=DIRECTION('',(1.,0.,0.));
#7183=DIRECTION('',(0.,0.,1.));
#7184=DIRECTION('',(1.,0.,0.));
#7185=DIRECTION('',(0.,0.,1.));
#7186=DIRECTION('',(1.,0.,0.));
#7187=DIRECTION('',(0.,0.,1.));
#7188=DIRECTION('',(1.,0.,0.));
#7189=DIRECTION('',(0.,0.,1.));
#7190=DIRECTION('',(1.,0.,0.));
#7191=CARTESIAN_POINT('',(0.,0.,0.));
#7192=CARTESIAN_POINT('',(0.,0.,0.));
#7193=CARTESIAN_POINT('Origin',(-0.5,-0.75,0.));
#7194=CARTESIAN_POINT('',(-0.5,-0.75,0.));
#7195=CARTESIAN_POINT('',(-0.5,-0.95,0.));
#7196=CARTESIAN_POINT('',(-0.5,-0.375,0.));
#7197=CARTESIAN_POINT('',(-0.5,-0.75,0.15));
#7198=CARTESIAN_POINT('',(-0.5,-0.75,0.));
#7199=CARTESIAN_POINT('',(-0.5,-0.95,0.15));
#7200=CARTESIAN_POINT('',(-0.5,-0.95,0.15));
#7201=CARTESIAN_POINT('',(-0.5,-0.95,0.));
#7202=CARTESIAN_POINT('Origin',(-0.3,-0.75,0.));
#7203=CARTESIAN_POINT('',(-0.3,-0.75,0.));
#7204=CARTESIAN_POINT('',(-0.15,-0.75,0.));
#7205=CARTESIAN_POINT('',(-0.3,-0.75,0.15));
#7206=CARTESIAN_POINT('',(-0.3,-0.75,0.));
#7207=CARTESIAN_POINT('',(-0.5,-0.75,0.15));
#7208=CARTESIAN_POINT('Origin',(-0.3,-0.95,0.));
#7209=CARTESIAN_POINT('',(-0.3,-0.95,0.));
#7210=CARTESIAN_POINT('',(-0.3,-0.475,0.));
#7211=CARTESIAN_POINT('',(-0.3,-0.95,0.15));
#7212=CARTESIAN_POINT('',(-0.3,-0.95,0.));
#7213=CARTESIAN_POINT('',(-0.3,-0.75,0.15));
#7214=CARTESIAN_POINT('Origin',(-0.5,-0.95,0.));
#7215=CARTESIAN_POINT('',(-0.25,-0.95,0.));
#7216=CARTESIAN_POINT('',(-0.3,-0.95,0.15));
#7217=CARTESIAN_POINT('Origin',(-0.4,-0.85,0.15));
#7218=CARTESIAN_POINT('Origin',(0.3,-0.75,0.));
#7219=CARTESIAN_POINT('',(0.3,-0.75,0.));
#7220=CARTESIAN_POINT('',(0.3,-0.95,0.));
#7221=CARTESIAN_POINT('',(0.3,-0.375,0.));
#7222=CARTESIAN_POINT('',(0.3,-0.75,0.15));
#7223=CARTESIAN_POINT('',(0.3,-0.75,0.));
#7224=CARTESIAN_POINT('',(0.3,-0.95,0.15));
#7225=CARTESIAN_POINT('',(0.3,-0.95,0.15));
#7226=CARTESIAN_POINT('',(0.3,-0.95,0.));
#7227=CARTESIAN_POINT('Origin',(0.5,-0.75,0.));
#7228=CARTESIAN_POINT('',(0.5,-0.75,0.));
#7229=CARTESIAN_POINT('',(0.25,-0.75,0.));
#7230=CARTESIAN_POINT('',(0.5,-0.75,0.15));
#7231=CARTESIAN_POINT('',(0.5,-0.75,0.));
#7232=CARTESIAN_POINT('',(0.3,-0.75,0.15));
#7233=CARTESIAN_POINT('Origin',(0.5,-0.95,0.));
#7234=CARTESIAN_POINT('',(0.5,-0.95,0.));
#7235=CARTESIAN_POINT('',(0.5,-0.475,0.));
#7236=CARTESIAN_POINT('',(0.5,-0.95,0.15));
#7237=CARTESIAN_POINT('',(0.5,-0.95,0.));
#7238=CARTESIAN_POINT('',(0.5,-0.75,0.15));
#7239=CARTESIAN_POINT('Origin',(0.3,-0.95,0.));
#7240=CARTESIAN_POINT('',(0.15,-0.95,0.));
#7241=CARTESIAN_POINT('',(0.5,-0.95,0.15));
#7242=CARTESIAN_POINT('Origin',(0.4,-0.85,0.15));
#7243=CARTESIAN_POINT('Origin',(-0.1,0.95,0.));
#7244=CARTESIAN_POINT('',(-0.1,0.95,0.));
#7245=CARTESIAN_POINT('',(-0.1,0.75,0.));
#7246=CARTESIAN_POINT('',(-0.1,0.475,0.));
#7247=CARTESIAN_POINT('',(-0.1,0.95,0.15));
#7248=CARTESIAN_POINT('',(-0.1,0.95,0.));
#7249=CARTESIAN_POINT('',(-0.1,0.75,0.15));
#7250=CARTESIAN_POINT('',(-0.1,0.75,0.15));
#7251=CARTESIAN_POINT('',(-0.1,0.75,0.));
#7252=CARTESIAN_POINT('Origin',(0.1,0.95,0.));
#7253=CARTESIAN_POINT('',(0.1,0.95,0.));
#7254=CARTESIAN_POINT('',(0.05,0.95,0.));
#7255=CARTESIAN_POINT('',(0.1,0.95,0.15));
#7256=CARTESIAN_POINT('',(0.1,0.95,0.));
#7257=CARTESIAN_POINT('',(-0.1,0.95,0.15));
#7258=CARTESIAN_POINT('Origin',(0.1,0.75,0.));
#7259=CARTESIAN_POINT('',(0.1,0.75,0.));
#7260=CARTESIAN_POINT('',(0.1,0.375,0.));
#7261=CARTESIAN_POINT('',(0.1,0.75,0.15));
#7262=CARTESIAN_POINT('',(0.1,0.75,0.));
#7263=CARTESIAN_POINT('',(0.1,0.95,0.15));
#7264=CARTESIAN_POINT('Origin',(-0.1,0.75,0.));
#7265=CARTESIAN_POINT('',(-0.05,0.75,0.));
#7266=CARTESIAN_POINT('',(0.1,0.75,0.15));
#7267=CARTESIAN_POINT('Origin',(1.73472347597681E-17,0.85,0.15));
#7268=CARTESIAN_POINT('Origin',(0.3,0.95,0.));
#7269=CARTESIAN_POINT('',(0.3,0.95,0.));
#7270=CARTESIAN_POINT('',(0.3,0.75,0.));
#7271=CARTESIAN_POINT('',(0.3,0.475,0.));
#7272=CARTESIAN_POINT('',(0.3,0.95,0.15));
#7273=CARTESIAN_POINT('',(0.3,0.95,0.));
#7274=CARTESIAN_POINT('',(0.3,0.75,0.15));
#7275=CARTESIAN_POINT('',(0.3,0.75,0.15));
#7276=CARTESIAN_POINT('',(0.3,0.75,0.));
#7277=CARTESIAN_POINT('Origin',(0.5,0.95,0.));
#7278=CARTESIAN_POINT('',(0.5,0.95,0.));
#7279=CARTESIAN_POINT('',(0.25,0.95,0.));
#7280=CARTESIAN_POINT('',(0.5,0.95,0.15));
#7281=CARTESIAN_POINT('',(0.5,0.95,0.));
#7282=CARTESIAN_POINT('',(0.3,0.95,0.15));
#7283=CARTESIAN_POINT('Origin',(0.5,0.75,0.));
#7284=CARTESIAN_POINT('',(0.5,0.75,0.));
#7285=CARTESIAN_POINT('',(0.5,0.375,0.));
#7286=CARTESIAN_POINT('',(0.5,0.75,0.15));
#7287=CARTESIAN_POINT('',(0.5,0.75,0.));
#7288=CARTESIAN_POINT('',(0.5,0.95,0.15));
#7289=CARTESIAN_POINT('Origin',(0.3,0.75,0.));
#7290=CARTESIAN_POINT('',(0.15,0.75,0.));
#7291=CARTESIAN_POINT('',(0.5,0.75,0.15));
#7292=CARTESIAN_POINT('Origin',(0.4,0.85,0.15));
#7293=CARTESIAN_POINT('Origin',(-0.5,0.95,0.));
#7294=CARTESIAN_POINT('',(-0.5,0.95,0.));
#7295=CARTESIAN_POINT('',(-0.5,0.75,0.));
#7296=CARTESIAN_POINT('',(-0.5,0.475,0.));
#7297=CARTESIAN_POINT('',(-0.5,0.95,0.15));
#7298=CARTESIAN_POINT('',(-0.5,0.95,0.));
#7299=CARTESIAN_POINT('',(-0.5,0.75,0.15));
#7300=CARTESIAN_POINT('',(-0.5,0.75,0.15));
#7301=CARTESIAN_POINT('',(-0.5,0.75,0.));
#7302=CARTESIAN_POINT('Origin',(-0.3,0.95,0.));
#7303=CARTESIAN_POINT('',(-0.3,0.95,0.));
#7304=CARTESIAN_POINT('',(-0.15,0.95,0.));
#7305=CARTESIAN_POINT('',(-0.3,0.95,0.15));
#7306=CARTESIAN_POINT('',(-0.3,0.95,0.));
#7307=CARTESIAN_POINT('',(-0.5,0.95,0.15));
#7308=CARTESIAN_POINT('Origin',(-0.3,0.75,0.));
#7309=CARTESIAN_POINT('',(-0.3,0.75,0.));
#7310=CARTESIAN_POINT('',(-0.3,0.375,0.));
#7311=CARTESIAN_POINT('',(-0.3,0.75,0.15));
#7312=CARTESIAN_POINT('',(-0.3,0.75,0.));
#7313=CARTESIAN_POINT('',(-0.3,0.95,0.15));
#7314=CARTESIAN_POINT('Origin',(-0.5,0.75,0.));
#7315=CARTESIAN_POINT('',(-0.25,0.75,0.));
#7316=CARTESIAN_POINT('',(-0.3,0.75,0.15));
#7317=CARTESIAN_POINT('Origin',(-0.4,0.85,0.15));
#7318=CARTESIAN_POINT('Origin',(-0.1,-0.75,0.));
#7319=CARTESIAN_POINT('',(-0.1,-0.75,0.));
#7320=CARTESIAN_POINT('',(-0.1,-0.95,0.));
#7321=CARTESIAN_POINT('',(-0.1,-0.375,0.));
#7322=CARTESIAN_POINT('',(-0.1,-0.75,0.15));
#7323=CARTESIAN_POINT('',(-0.1,-0.75,0.));
#7324=CARTESIAN_POINT('',(-0.1,-0.95,0.15));
#7325=CARTESIAN_POINT('',(-0.1,-0.95,0.15));
#7326=CARTESIAN_POINT('',(-0.1,-0.95,0.));
#7327=CARTESIAN_POINT('Origin',(0.1,-0.75,0.));
#7328=CARTESIAN_POINT('',(0.1,-0.75,0.));
#7329=CARTESIAN_POINT('',(0.05,-0.75,0.));
#7330=CARTESIAN_POINT('',(0.1,-0.75,0.15));
#7331=CARTESIAN_POINT('',(0.1,-0.75,0.));
#7332=CARTESIAN_POINT('',(-0.1,-0.75,0.15));
#7333=CARTESIAN_POINT('Origin',(0.1,-0.95,0.));
#7334=CARTESIAN_POINT('',(0.1,-0.95,0.));
#7335=CARTESIAN_POINT('',(0.0999999999999999,-0.475,0.));
#7336=CARTESIAN_POINT('',(0.1,-0.95,0.15));
#7337=CARTESIAN_POINT('',(0.1,-0.95,0.));
#7338=CARTESIAN_POINT('',(0.1,-0.75,0.15));
#7339=CARTESIAN_POINT('Origin',(-0.1,-0.95,0.));
#7340=CARTESIAN_POINT('',(-0.05,-0.95,0.));
#7341=CARTESIAN_POINT('',(0.1,-0.95,0.15));
#7342=CARTESIAN_POINT('Origin',(1.73472347597681E-17,-0.85,0.15));
#7343=CARTESIAN_POINT('Origin',(0.6,0.55,0.));
#7344=CARTESIAN_POINT('',(0.6,0.55,0.));
#7345=CARTESIAN_POINT('',(-0.6,0.55,0.));
#7346=CARTESIAN_POINT('',(0.3,0.55,0.));
#7347=CARTESIAN_POINT('',(0.6,0.55,0.15));
#7348=CARTESIAN_POINT('',(0.6,0.55,0.));
#7349=CARTESIAN_POINT('',(-0.6,0.55,0.15));
#7350=CARTESIAN_POINT('',(0.6,0.55,0.15));
#7351=CARTESIAN_POINT('',(-0.6,0.55,0.));
#7352=CARTESIAN_POINT('Origin',(0.6,-0.55,0.));
#7353=CARTESIAN_POINT('',(0.6,-0.55,0.));
#7354=CARTESIAN_POINT('',(0.6,-0.275,0.));
#7355=CARTESIAN_POINT('',(0.6,-0.55,0.15));
#7356=CARTESIAN_POINT('',(0.6,-0.55,0.));
#7357=CARTESIAN_POINT('',(0.6,-0.55,0.15));
#7358=CARTESIAN_POINT('Origin',(-0.6,-0.550000000000001,0.));
#7359=CARTESIAN_POINT('',(-0.6,-0.550000000000001,0.));
#7360=CARTESIAN_POINT('',(-0.3,-0.55,0.));
#7361=CARTESIAN_POINT('',(-0.6,-0.550000000000001,0.15));
#7362=CARTESIAN_POINT('',(-0.6,-0.550000000000001,0.));
#7363=CARTESIAN_POINT('',(-0.6,-0.550000000000001,0.15));
#7364=CARTESIAN_POINT('Origin',(-0.6,0.55,0.));
#7365=CARTESIAN_POINT('',(-0.6,0.275,0.));
#7366=CARTESIAN_POINT('',(-0.6,0.55,0.15));
#7367=CARTESIAN_POINT('Origin',(-2.08166817117217E-16,-1.38777878078145E-16,
0.15));
#7368=CARTESIAN_POINT('Origin',(0.3,-0.65,0.406));
#7369=CARTESIAN_POINT('',(0.4,-0.85,0.406));
#7370=CARTESIAN_POINT('',(0.3,-0.65,0.406));
#7371=CARTESIAN_POINT('',(0.14,-0.33,0.406));
#7372=CARTESIAN_POINT('',(0.4,-0.85,0.4061));
#7373=CARTESIAN_POINT('',(0.4,-0.85,0.406));
#7374=CARTESIAN_POINT('',(0.3,-0.65,0.4061));
#7375=CARTESIAN_POINT('',(0.3,-0.65,0.4061));
#7376=CARTESIAN_POINT('',(0.3,-0.65,0.406));
#7377=CARTESIAN_POINT('Origin',(0.5,-0.65,0.406));
#7378=CARTESIAN_POINT('',(0.5,-0.65,0.406));
#7379=CARTESIAN_POINT('',(0.25,-0.65,0.406));
#7380=CARTESIAN_POINT('',(0.5,-0.65,0.4061));
#7381=CARTESIAN_POINT('',(0.5,-0.65,0.4061));
#7382=CARTESIAN_POINT('',(0.5,-0.65,0.406));
#7383=CARTESIAN_POINT('Origin',(0.4,-0.85,0.406));
#7384=CARTESIAN_POINT('',(0.53,-0.59,0.406));
#7385=CARTESIAN_POINT('',(0.4,-0.85,0.4061));
#7386=CARTESIAN_POINT('Origin',(0.4,-0.719098300562506,0.4061));
#7387=CARTESIAN_POINT('Origin',(-0.65,1.,0.));
#7388=CARTESIAN_POINT('',(-0.65,-1.,0.));
#7389=CARTESIAN_POINT('',(-0.65,1.,0.));
#7390=CARTESIAN_POINT('',(-0.65,-1.,0.));
#7391=CARTESIAN_POINT('',(-0.65,-1.,0.406));
#7392=CARTESIAN_POINT('',(-0.65,-1.,0.));
#7393=CARTESIAN_POINT('',(-0.65,1.,0.406));
#7394=CARTESIAN_POINT('',(-0.65,-1.,0.406));
#7395=CARTESIAN_POINT('',(-0.65,1.,0.));
#7396=CARTESIAN_POINT('Origin',(0.65,1.,0.));
#7397=CARTESIAN_POINT('',(0.65,1.,0.));
#7398=CARTESIAN_POINT('',(-0.65,1.,0.));
#7399=CARTESIAN_POINT('',(0.65,1.,0.406));
#7400=CARTESIAN_POINT('',(-0.65,1.,0.406));
#7401=CARTESIAN_POINT('',(0.65,1.,0.));
#7402=CARTESIAN_POINT('Origin',(0.65,-1.,0.));
#7403=CARTESIAN_POINT('',(0.65,-1.,0.));
#7404=CARTESIAN_POINT('',(0.65,1.,0.));
#7405=CARTESIAN_POINT('',(0.65,-1.,0.406));
#7406=CARTESIAN_POINT('',(0.65,1.,0.406));
#7407=CARTESIAN_POINT('',(0.65,-1.,0.));
#7408=CARTESIAN_POINT('Origin',(-0.65,-1.,0.));
#7409=CARTESIAN_POINT('',(0.65,-1.,0.));
#7410=CARTESIAN_POINT('',(0.65,-1.,0.406));
#7411=CARTESIAN_POINT('Origin',(7.88510670898549E-17,-2.78607103717487E-16,
0.));
#7412=CARTESIAN_POINT('Origin',(1.38777878078145E-16,-2.77555756156289E-16,
0.406));
#7413=CARTESIAN_POINT('',(0.,0.,0.));
#7414=CARTESIAN_POINT('Origin',(-0.1,0.1,0.6));
#7415=CARTESIAN_POINT('',(-0.1,-0.1,0.6));
#7416=CARTESIAN_POINT('',(-0.1,0.1,0.6));
#7417=CARTESIAN_POINT('',(-0.1,-0.1,0.6));
#7418=CARTESIAN_POINT('',(-0.1,-0.1,0.75));
#7419=CARTESIAN_POINT('',(-0.1,-0.1,0.6));
#7420=CARTESIAN_POINT('',(-0.1,0.1,0.75));
#7421=CARTESIAN_POINT('',(-0.1,-0.1,0.75));
#7422=CARTESIAN_POINT('',(-0.1,0.1,0.6));
#7423=CARTESIAN_POINT('Origin',(0.1,0.1,0.6));
#7424=CARTESIAN_POINT('',(0.1,0.1,0.6));
#7425=CARTESIAN_POINT('',(-0.1,0.1,0.6));
#7426=CARTESIAN_POINT('',(0.1,0.1,0.75));
#7427=CARTESIAN_POINT('',(-0.1,0.1,0.75));
#7428=CARTESIAN_POINT('',(0.1,0.1,0.6));
#7429=CARTESIAN_POINT('Origin',(0.1,-0.1,0.6));
#7430=CARTESIAN_POINT('',(0.1,-0.1,0.6));
#7431=CARTESIAN_POINT('',(0.1,0.1,0.6));
#7432=CARTESIAN_POINT('',(0.1,-0.1,0.75));
#7433=CARTESIAN_POINT('',(0.1,0.1,0.75));
#7434=CARTESIAN_POINT('',(0.1,-0.1,0.6));
#7435=CARTESIAN_POINT('Origin',(-0.1,-0.1,0.6));
#7436=CARTESIAN_POINT('',(0.1,-0.1,0.6));
#7437=CARTESIAN_POINT('',(0.1,-0.1,0.75));
#7438=CARTESIAN_POINT('Origin',(1.01643953670516E-17,-1.52465930505774E-17,
0.6));
#7439=CARTESIAN_POINT('Origin',(1.73472347597681E-17,-1.73472347597681E-17,
0.75));
#7440=CARTESIAN_POINT('',(0.,0.,0.));
#7441=CARTESIAN_POINT('Origin',(-0.338839371062881,0.966029260990519,2.426));
#7442=CARTESIAN_POINT('',(-0.335610724061273,1.11567281417938,2.426));
#7443=CARTESIAN_POINT('',(-0.292484897174721,1.10834890096688,2.426));
#7444=CARTESIAN_POINT('Origin',(-0.338839371062881,0.966029260990519,2.426));
#7445=CARTESIAN_POINT('',(-0.335610724061273,1.11567281417938,2.436));
#7446=CARTESIAN_POINT('',(-0.335610724061273,1.11567281417938,2.426));
#7447=CARTESIAN_POINT('',(-0.292484897174721,1.10834890096688,2.436));
#7448=CARTESIAN_POINT('Origin',(-0.338839371062881,0.966029260990519,2.436));
#7449=CARTESIAN_POINT('',(-0.292484897174721,1.10834890096688,2.426));
#7450=CARTESIAN_POINT('Origin',(-0.259265763680105,0.965366388087767,2.426));
#7451=CARTESIAN_POINT('',(-0.259265763680105,0.965366388087767,2.426));
#7452=CARTESIAN_POINT('',(-0.292484897174721,1.10834890096688,2.426));
#7453=CARTESIAN_POINT('',(-0.259265763680105,0.965366388087767,2.436));
#7454=CARTESIAN_POINT('',(-0.292484897174721,1.10834890096688,2.436));
#7455=CARTESIAN_POINT('',(-0.259265763680105,0.965366388087767,2.426));
#7456=CARTESIAN_POINT('Origin',(-0.337034236425442,1.09072644003927,2.426));
#7457=CARTESIAN_POINT('',(-0.345461461174814,0.943444194464831,2.426));
#7458=CARTESIAN_POINT('Origin',(-0.337034236425442,1.09072644003927,2.426));
#7459=CARTESIAN_POINT('',(-0.345461461174814,0.943444194464831,2.436));
#7460=CARTESIAN_POINT('Origin',(-0.337034236425442,1.09072644003927,2.436));
#7461=CARTESIAN_POINT('',(-0.345461461174814,0.943444194464831,2.426));
#7462=CARTESIAN_POINT('Origin',(-0.343424845211706,1.08746204357104,2.426));
#7463=CARTESIAN_POINT('',(-0.409329265959058,0.959392156432353,2.426));
#7464=CARTESIAN_POINT('Origin',(-0.343424845211706,1.08746204357104,2.426));
#7465=CARTESIAN_POINT('',(-0.409329265959058,0.959392156432353,2.436));
#7466=CARTESIAN_POINT('Origin',(-0.343424845211706,1.08746204357104,2.436));
#7467=CARTESIAN_POINT('',(-0.409329265959058,0.959392156432353,2.426));
#7468=CARTESIAN_POINT('Origin',(-0.348702371530094,1.08239638675412,2.426));
#7469=CARTESIAN_POINT('',(-0.435206942691868,0.975988585474005,2.426));
#7470=CARTESIAN_POINT('Origin',(-0.348702371530094,1.08239638675412,2.426));
#7471=CARTESIAN_POINT('',(-0.435206942691868,0.975988585474005,2.436));
#7472=CARTESIAN_POINT('Origin',(-0.348702371530094,1.08239638675412,2.436));
#7473=CARTESIAN_POINT('',(-0.435206942691868,0.975988585474005,2.426));
#7474=CARTESIAN_POINT('Origin',(-0.376919067187079,1.04473493951251,2.426));
#7475=CARTESIAN_POINT('',(-0.457901805214266,1.00517064037719,2.426));
#7476=CARTESIAN_POINT('Origin',(-0.376919067187079,1.04473493951251,2.426));
#7477=CARTESIAN_POINT('',(-0.457901805214266,1.00517064037719,2.436));
#7478=CARTESIAN_POINT('Origin',(-0.376919067187079,1.04473493951251,2.436));
#7479=CARTESIAN_POINT('',(-0.457901805214266,1.00517064037719,2.426));
#7480=CARTESIAN_POINT('Origin',(-0.396716493012536,1.0313745939737,2.426));
#7481=CARTESIAN_POINT('',(-0.463160371915604,1.02743751769484,2.426));
#7482=CARTESIAN_POINT('Origin',(-0.396716493012536,1.0313745939737,2.426));
#7483=CARTESIAN_POINT('',(-0.463160371915604,1.02743751769484,2.436));
#7484=CARTESIAN_POINT('Origin',(-0.396716493012536,1.0313745939737,2.436));
#7485=CARTESIAN_POINT('',(-0.463160371915604,1.02743751769484,2.426));
#7486=CARTESIAN_POINT('Origin',(-0.395725513752242,1.02714602013889,2.426));
#7487=CARTESIAN_POINT('',(-0.455849141045416,1.05768606773953,2.426));
#7488=CARTESIAN_POINT('Origin',(-0.395725513752242,1.02714602013889,2.426));
#7489=CARTESIAN_POINT('',(-0.455849141045416,1.05768606773953,2.436));
#7490=CARTESIAN_POINT('Origin',(-0.395725513752242,1.02714602013889,2.436));
#7491=CARTESIAN_POINT('',(-0.455849141045416,1.05768606773953,2.426));
#7492=CARTESIAN_POINT('Origin',(-0.380469559908278,1.01628254248193,2.426));
#7493=CARTESIAN_POINT('',(-0.440488595623379,1.07787839062121,2.426));
#7494=CARTESIAN_POINT('Origin',(-0.380469559908278,1.01628254248193,2.426));
#7495=CARTESIAN_POINT('',(-0.440488595623379,1.07787839062121,2.436));
#7496=CARTESIAN_POINT('Origin',(-0.380469559908278,1.01628254248193,2.436));
#7497=CARTESIAN_POINT('',(-0.440488595623379,1.07787839062121,2.426));
#7498=CARTESIAN_POINT('Origin',(-0.377507984729142,1.01257783668167,2.426));
#7499=CARTESIAN_POINT('',(-0.414202283863283,1.09554920586692,2.426));
#7500=CARTESIAN_POINT('Origin',(-0.377507984729142,1.01257783668167,2.426));
#7501=CARTESIAN_POINT('',(-0.414202283863283,1.09554920586692,2.436));
#7502=CARTESIAN_POINT('Origin',(-0.377507984729142,1.01257783668167,2.436));
#7503=CARTESIAN_POINT('',(-0.414202283863283,1.09554920586692,2.426));
#7504=CARTESIAN_POINT('Origin',(-0.374300535090332,1.10324443450158,2.426));
#7505=CARTESIAN_POINT('',(-0.408459108953079,1.08123175791415,2.426));
#7506=CARTESIAN_POINT('Origin',(-0.374300535090332,1.10324443450158,2.426));
#7507=CARTESIAN_POINT('',(-0.408459108953079,1.08123175791415,2.436));
#7508=CARTESIAN_POINT('Origin',(-0.374300535090332,1.10324443450158,2.436));
#7509=CARTESIAN_POINT('',(-0.408459108953079,1.08123175791415,2.426));
#7510=CARTESIAN_POINT('Origin',(-0.323269617163937,0.986546838981538,2.426));
#7511=CARTESIAN_POINT('',(-0.421253316402077,1.06792053293836,2.426));
#7512=CARTESIAN_POINT('Origin',(-0.323269617163937,0.986546838981538,2.426));
#7513=CARTESIAN_POINT('',(-0.421253316402077,1.06792053293836,2.436));
#7514=CARTESIAN_POINT('Origin',(-0.323269617163937,0.986546838981538,2.436));
#7515=CARTESIAN_POINT('',(-0.421253316402077,1.06792053293836,2.426));
#7516=CARTESIAN_POINT('Origin',(-0.356948307385647,1.02271227886719,2.426));
#7517=CARTESIAN_POINT('',(-0.432030033005189,1.04598575945687,2.426));
#7518=CARTESIAN_POINT('Origin',(-0.356948307385647,1.02271227886719,2.426));
#7519=CARTESIAN_POINT('',(-0.432030033005189,1.04598575945687,2.436));
#7520=CARTESIAN_POINT('Origin',(-0.356948307385647,1.02271227886719,2.436));
#7521=CARTESIAN_POINT('',(-0.432030033005189,1.04598575945687,2.426));
#7522=CARTESIAN_POINT('Origin',(-0.3816485344587,1.03036873921892,2.426));
#7523=CARTESIAN_POINT('',(-0.430917050433781,1.01153260239324,2.426));
#7524=CARTESIAN_POINT('Origin',(-0.3816485344587,1.03036873921892,2.426));
#7525=CARTESIAN_POINT('',(-0.430917050433781,1.01153260239324,2.436));
#7526=CARTESIAN_POINT('Origin',(-0.3816485344587,1.03036873921892,2.436));
#7527=CARTESIAN_POINT('',(-0.430917050433781,1.01153260239324,2.426));
#7528=CARTESIAN_POINT('Origin',(-0.364272908569739,1.03516692431316,2.426));
#7529=CARTESIAN_POINT('',(-0.408774666712603,0.980215888475763,2.426));
#7530=CARTESIAN_POINT('Origin',(-0.364272908569739,1.03516692431316,2.426));
#7531=CARTESIAN_POINT('',(-0.408774666712603,0.980215888475763,2.436));
#7532=CARTESIAN_POINT('Origin',(-0.364272908569739,1.03516692431316,2.436));
#7533=CARTESIAN_POINT('',(-0.408774666712603,0.980215888475763,2.426));
#7534=CARTESIAN_POINT('Origin',(-0.333128161029951,1.07362464395451,2.426));
#7535=CARTESIAN_POINT('',(-0.345741019309712,0.954090108241611,2.426));
#7536=CARTESIAN_POINT('Origin',(-0.333128161029951,1.07362464395451,2.426));
#7537=CARTESIAN_POINT('',(-0.345741019309712,0.954090108241611,2.436));
#7538=CARTESIAN_POINT('Origin',(-0.333128161029951,1.07362464395451,2.436));
#7539=CARTESIAN_POINT('',(-0.345741019309712,0.954090108241611,2.426));
#7540=CARTESIAN_POINT('Origin',(-0.324222415486232,1.07938299079984,2.426));
#7541=CARTESIAN_POINT('',(-0.272596775632346,0.963210059185204,2.426));
#7542=CARTESIAN_POINT('Origin',(-0.324222415486232,1.07938299079984,2.426));
#7543=CARTESIAN_POINT('',(-0.272596775632346,0.963210059185204,2.436));
#7544=CARTESIAN_POINT('Origin',(-0.324222415486232,1.07938299079984,2.436));
#7545=CARTESIAN_POINT('',(-0.272596775632346,0.963210059185204,2.426));
#7546=CARTESIAN_POINT('Origin',(-0.306015054011057,1.10761711102114,2.426));
#7547=CARTESIAN_POINT('',(-0.306015054011057,1.10761711102114,2.426));
#7548=CARTESIAN_POINT('',(-0.272596775632346,0.963210059185204,2.426));
#7549=CARTESIAN_POINT('',(-0.306015054011057,1.10761711102114,2.436));
#7550=CARTESIAN_POINT('',(-0.272596775632346,0.963210059185204,2.436));
#7551=CARTESIAN_POINT('',(-0.306015054011057,1.10761711102114,2.426));
#7552=CARTESIAN_POINT('Origin',(-0.300818821424795,0.851486014492991,2.426));
#7553=CARTESIAN_POINT('',(-0.333728826894954,1.10554717048059,2.426));
#7554=CARTESIAN_POINT('Origin',(-0.300818821424795,0.851486014492991,2.426));
#7555=CARTESIAN_POINT('',(-0.333728826894954,1.10554717048059,2.436));
#7556=CARTESIAN_POINT('Origin',(-0.300818821424795,0.851486014492991,2.436));
#7557=CARTESIAN_POINT('',(-0.333728826894954,1.10554717048059,2.426));
#7558=CARTESIAN_POINT('Origin',(-0.374300535090329,1.10324443450157,2.426));
#7559=CARTESIAN_POINT('Origin',(-0.374300535090329,1.10324443450157,2.426));
#7560=CARTESIAN_POINT('Origin',(-0.374300535090329,1.10324443450157,2.436));
#7561=CARTESIAN_POINT('Origin',(-0.344393720599895,1.01777477292752,2.426));
#7562=CARTESIAN_POINT('Origin',(-0.344393720599895,1.01777477292752,2.436));
#7563=CARTESIAN_POINT('Origin',(0.386545544689722,0.943734171472284,2.426));
#7564=CARTESIAN_POINT('',(0.386545544689723,1.02844226470644,2.426));
#7565=CARTESIAN_POINT('',(0.386545544689722,0.943734171472284,2.426));
#7566=CARTESIAN_POINT('',(0.386545544689723,1.02844226470644,2.426));
#7567=CARTESIAN_POINT('',(0.386545544689723,1.02844226470644,2.436));
#7568=CARTESIAN_POINT('',(0.386545544689723,1.02844226470644,2.426));
#7569=CARTESIAN_POINT('',(0.386545544689722,0.943734171472284,2.436));
#7570=CARTESIAN_POINT('',(0.386545544689723,1.02844226470644,2.436));
#7571=CARTESIAN_POINT('',(0.386545544689722,0.943734171472284,2.426));
#7572=CARTESIAN_POINT('Origin',(0.364998257752312,0.943734171472284,2.426));
#7573=CARTESIAN_POINT('',(0.364998257752312,0.943734171472284,2.426));
#7574=CARTESIAN_POINT('',(0.386545544689722,0.943734171472284,2.426));
#7575=CARTESIAN_POINT('',(0.364998257752312,0.943734171472284,2.436));
#7576=CARTESIAN_POINT('',(0.386545544689722,0.943734171472284,2.436));
#7577=CARTESIAN_POINT('',(0.364998257752312,0.943734171472284,2.426));
#7578=CARTESIAN_POINT('Origin',(0.364998257752312,1.0588278337585,2.426));
#7579=CARTESIAN_POINT('',(0.364998257752312,1.0588278337585,2.426));
#7580=CARTESIAN_POINT('',(0.364998257752312,0.943734171472284,2.426));
#7581=CARTESIAN_POINT('',(0.364998257752312,1.0588278337585,2.436));
#7582=CARTESIAN_POINT('',(0.364998257752312,0.943734171472284,2.436));
#7583=CARTESIAN_POINT('',(0.364998257752312,1.0588278337585,2.426));
#7584=CARTESIAN_POINT('Origin',(0.385973719101278,1.0588278337585,2.426));
#7585=CARTESIAN_POINT('',(0.385973719101278,1.0588278337585,2.426));
#7586=CARTESIAN_POINT('',(0.364998257752312,1.0588278337585,2.426));
#7587=CARTESIAN_POINT('',(0.385973719101278,1.0588278337585,2.436));
#7588=CARTESIAN_POINT('',(0.364998257752312,1.0588278337585,2.436));
#7589=CARTESIAN_POINT('',(0.385973719101278,1.0588278337585,2.426));
#7590=CARTESIAN_POINT('Origin',(0.385973719101278,1.04794520704088,2.426));
#7591=CARTESIAN_POINT('',(0.385973719101278,1.04794520704088,2.426));
#7592=CARTESIAN_POINT('',(0.385973719101278,1.0588278337585,2.426));
#7593=CARTESIAN_POINT('',(0.385973719101278,1.04794520704088,2.436));
#7594=CARTESIAN_POINT('',(0.385973719101278,1.0588278337585,2.436));
#7595=CARTESIAN_POINT('',(0.385973719101278,1.04794520704088,2.426));
#7596=CARTESIAN_POINT('Origin',(0.411311095577658,1.02868941132246,2.426));
#7597=CARTESIAN_POINT('',(0.409025403619125,1.06043124377943,2.426));
#7598=CARTESIAN_POINT('Origin',(0.411311095577658,1.02868941132246,2.426));
#7599=CARTESIAN_POINT('',(0.409025403619125,1.06043124377943,2.436));
#7600=CARTESIAN_POINT('Origin',(0.411311095577658,1.02868941132246,2.436));
#7601=CARTESIAN_POINT('',(0.409025403619125,1.06043124377943,2.426));
#7602=CARTESIAN_POINT('Origin',(0.411031253121448,1.03250596386449,2.426));
#7603=CARTESIAN_POINT('',(0.420714218175464,1.05877543051907,2.426));
#7604=CARTESIAN_POINT('Origin',(0.411031253121448,1.03250596386449,2.426));
#7605=CARTESIAN_POINT('',(0.420714218175464,1.05877543051907,2.436));
#7606=CARTESIAN_POINT('Origin',(0.411031253121448,1.03250596386449,2.436));
#7607=CARTESIAN_POINT('',(0.420714218175464,1.05877543051907,2.426));
#7608=CARTESIAN_POINT('Origin',(0.413559482916219,1.03936494229361,2.426));
#7609=CARTESIAN_POINT('',(0.428394613563524,1.05378285436361,2.426));
#7610=CARTESIAN_POINT('Origin',(0.413559482916219,1.03936494229361,2.426));
#7611=CARTESIAN_POINT('',(0.428394613563524,1.05378285436361,2.436));
#7612=CARTESIAN_POINT('Origin',(0.413559482916219,1.03936494229361,2.436));
#7613=CARTESIAN_POINT('',(0.428394613563524,1.05378285436361,2.426));
#7614=CARTESIAN_POINT('Origin',(0.407844763803663,1.0348886737402,2.426));
#7615=CARTESIAN_POINT('',(0.435383034672475,1.03946360807183,2.426));
#7616=CARTESIAN_POINT('Origin',(0.407844763803663,1.0348886737402,2.426));
#7617=CARTESIAN_POINT('',(0.435383034672475,1.03946360807183,2.436));
#7618=CARTESIAN_POINT('Origin',(0.407844763803663,1.0348886737402,2.436));
#7619=CARTESIAN_POINT('',(0.435383034672475,1.03946360807183,2.426));
#7620=CARTESIAN_POINT('Origin',(0.435383034672472,0.943830293766987,2.426));
#7621=CARTESIAN_POINT('',(0.435383034672472,0.943830293766987,2.426));
#7622=CARTESIAN_POINT('',(0.435383034672475,1.03946360807183,2.426));
#7623=CARTESIAN_POINT('',(0.435383034672472,0.943830293766987,2.436));
#7624=CARTESIAN_POINT('',(0.435383034672475,1.03946360807183,2.436));
#7625=CARTESIAN_POINT('',(0.435383034672472,0.943830293766987,2.426));
#7626=CARTESIAN_POINT('Origin',(0.414319515530433,0.943830293766987,2.426));
#7627=CARTESIAN_POINT('',(0.414319515530433,0.943830293766987,2.426));
#7628=CARTESIAN_POINT('',(0.435383034672472,0.943830293766987,2.426));
#7629=CARTESIAN_POINT('',(0.414319515530433,0.943830293766987,2.436));
#7630=CARTESIAN_POINT('',(0.435383034672472,0.943830293766987,2.436));
#7631=CARTESIAN_POINT('',(0.414319515530433,0.943830293766987,2.426));
#7632=CARTESIAN_POINT('Origin',(0.414319515530432,1.02760374676905,2.426));
#7633=CARTESIAN_POINT('',(0.414319515530432,1.02760374676905,2.426));
#7634=CARTESIAN_POINT('',(0.414319515530433,0.943830293766987,2.426));
#7635=CARTESIAN_POINT('',(0.414319515530432,1.02760374676905,2.436));
#7636=CARTESIAN_POINT('',(0.414319515530433,0.943830293766987,2.436));
#7637=CARTESIAN_POINT('',(0.414319515530432,1.02760374676905,2.426));
#7638=CARTESIAN_POINT('Origin',(0.400419872353372,1.02760374676905,2.426));
#7639=CARTESIAN_POINT('Origin',(0.400419872353372,1.02760374676905,2.426));
#7640=CARTESIAN_POINT('Origin',(0.400419872353372,1.02760374676905,2.436));
#7641=CARTESIAN_POINT('Origin',(0.398881452087186,1.00036938909263,2.426));
#7642=CARTESIAN_POINT('Origin',(0.398881452087186,1.00036938909263,2.436));
#7643=CARTESIAN_POINT('Origin',(-0.0857609251171522,0.944182308774411,2.426));
#7644=CARTESIAN_POINT('',(-0.085760925117154,1.02889040200857,2.426));
#7645=CARTESIAN_POINT('',(-0.0857609251171522,0.944182308774411,2.426));
#7646=CARTESIAN_POINT('',(-0.085760925117154,1.02889040200857,2.426));
#7647=CARTESIAN_POINT('',(-0.085760925117154,1.02889040200857,2.436));
#7648=CARTESIAN_POINT('',(-0.085760925117154,1.02889040200857,2.426));
#7649=CARTESIAN_POINT('',(-0.0857609251171522,0.944182308774411,2.436));
#7650=CARTESIAN_POINT('',(-0.085760925117154,1.02889040200857,2.436));
#7651=CARTESIAN_POINT('',(-0.0857609251171522,0.944182308774411,2.426));
#7652=CARTESIAN_POINT('Origin',(-0.107308212054562,0.944182308774411,2.426));
#7653=CARTESIAN_POINT('',(-0.107308212054562,0.944182308774411,2.426));
#7654=CARTESIAN_POINT('',(-0.0857609251171522,0.944182308774411,2.426));
#7655=CARTESIAN_POINT('',(-0.107308212054562,0.944182308774411,2.436));
#7656=CARTESIAN_POINT('',(-0.0857609251171522,0.944182308774411,2.436));
#7657=CARTESIAN_POINT('',(-0.107308212054562,0.944182308774411,2.426));
#7658=CARTESIAN_POINT('Origin',(-0.107308212054562,1.05927597106063,2.426));
#7659=CARTESIAN_POINT('',(-0.107308212054562,1.05927597106063,2.426));
#7660=CARTESIAN_POINT('',(-0.107308212054562,0.944182308774411,2.426));
#7661=CARTESIAN_POINT('',(-0.107308212054562,1.05927597106063,2.436));
#7662=CARTESIAN_POINT('',(-0.107308212054562,0.944182308774411,2.436));
#7663=CARTESIAN_POINT('',(-0.107308212054562,1.05927597106063,2.426));
#7664=CARTESIAN_POINT('Origin',(-0.086332750705599,1.05927597106063,2.426));
#7665=CARTESIAN_POINT('',(-0.086332750705599,1.05927597106063,2.426));
#7666=CARTESIAN_POINT('',(-0.107308212054562,1.05927597106063,2.426));
#7667=CARTESIAN_POINT('',(-0.086332750705599,1.05927597106063,2.436));
#7668=CARTESIAN_POINT('',(-0.107308212054562,1.05927597106063,2.436));
#7669=CARTESIAN_POINT('',(-0.086332750705599,1.05927597106063,2.426));
#7670=CARTESIAN_POINT('Origin',(-0.086332750705599,1.04839334434301,2.426));
#7671=CARTESIAN_POINT('',(-0.086332750705599,1.04839334434301,2.426));
#7672=CARTESIAN_POINT('',(-0.086332750705599,1.05927597106063,2.426));
#7673=CARTESIAN_POINT('',(-0.086332750705599,1.04839334434301,2.436));
#7674=CARTESIAN_POINT('',(-0.086332750705599,1.05927597106063,2.436));
#7675=CARTESIAN_POINT('',(-0.086332750705599,1.04839334434301,2.426));
#7676=CARTESIAN_POINT('Origin',(-0.0609953742292182,1.02913754862459,2.426));
#7677=CARTESIAN_POINT('',(-0.0633225709616656,1.06087636509313,2.426));
#7678=CARTESIAN_POINT('Origin',(-0.0609953742292182,1.02913754862459,2.426));
#7679=CARTESIAN_POINT('',(-0.0633225709616656,1.06087636509313,2.436));
#7680=CARTESIAN_POINT('Origin',(-0.0609953742292182,1.02913754862459,2.436));
#7681=CARTESIAN_POINT('',(-0.0633225709616656,1.06087636509313,2.426));
#7682=CARTESIAN_POINT('Origin',(-0.061275216421232,1.03295409745708,2.426));
#7683=CARTESIAN_POINT('',(-0.052392165969974,1.05950473031647,2.426));
#7684=CARTESIAN_POINT('Origin',(-0.061275216421232,1.03295409745708,2.426));
#7685=CARTESIAN_POINT('',(-0.052392165969974,1.05950473031647,2.436));
#7686=CARTESIAN_POINT('Origin',(-0.061275216421232,1.03295409745708,2.436));
#7687=CARTESIAN_POINT('',(-0.052392165969974,1.05950473031647,2.426));
#7688=CARTESIAN_POINT('Origin',(-0.0587454164833193,1.03981733593084,2.426));
#7689=CARTESIAN_POINT('',(-0.0439102858360123,1.05423524800083,2.426));
#7690=CARTESIAN_POINT('Origin',(-0.0587454164833193,1.03981733593084,2.426));
#7691=CARTESIAN_POINT('',(-0.0439102858360123,1.05423524800083,2.436));
#7692=CARTESIAN_POINT('Origin',(-0.0587454164833193,1.03981733593084,2.436));
#7693=CARTESIAN_POINT('',(-0.0439102858360123,1.05423524800083,2.426));
#7694=CARTESIAN_POINT('Origin',(-0.064460135595877,1.03534106737743,2.426));
#7695=CARTESIAN_POINT('',(-0.036921864727065,1.03991600170906,2.426));
#7696=CARTESIAN_POINT('Origin',(-0.064460135595877,1.03534106737743,2.426));
#7697=CARTESIAN_POINT('',(-0.036921864727065,1.03991600170906,2.436));
#7698=CARTESIAN_POINT('Origin',(-0.064460135595877,1.03534106737743,2.436));
#7699=CARTESIAN_POINT('',(-0.036921864727065,1.03991600170906,2.426));
#7700=CARTESIAN_POINT('Origin',(-0.0369218649990197,0.944278431069115,2.426));
#7701=CARTESIAN_POINT('',(-0.0369218649990197,0.944278431069115,2.426));
#7702=CARTESIAN_POINT('',(-0.036921864727065,1.03991600170906,2.426));
#7703=CARTESIAN_POINT('',(-0.0369218649990197,0.944278431069115,2.436));
#7704=CARTESIAN_POINT('',(-0.036921864727065,1.03991600170906,2.436));
#7705=CARTESIAN_POINT('',(-0.0369218649990197,0.944278431069115,2.426));
#7706=CARTESIAN_POINT('Origin',(-0.0579869542764443,0.944278431069115,2.426));
#7707=CARTESIAN_POINT('',(-0.0579869542764443,0.944278431069115,2.426));
#7708=CARTESIAN_POINT('',(-0.0369218649990197,0.944278431069115,2.426));
#7709=CARTESIAN_POINT('',(-0.0579869542764443,0.944278431069115,2.436));
#7710=CARTESIAN_POINT('',(-0.0369218649990197,0.944278431069115,2.436));
#7711=CARTESIAN_POINT('',(-0.0579869542764443,0.944278431069115,2.426));
#7712=CARTESIAN_POINT('Origin',(-0.057986954276444,1.02805188407118,2.426));
#7713=CARTESIAN_POINT('',(-0.057986954276444,1.02805188407118,2.426));
#7714=CARTESIAN_POINT('',(-0.0579869542764443,0.944278431069115,2.426));
#7715=CARTESIAN_POINT('',(-0.057986954276444,1.02805188407118,2.436));
#7716=CARTESIAN_POINT('',(-0.0579869542764443,0.944278431069115,2.436));
#7717=CARTESIAN_POINT('',(-0.057986954276444,1.02805188407118,2.426));
#7718=CARTESIAN_POINT('Origin',(-0.0718865974535049,1.02805188407118,2.426));
#7719=CARTESIAN_POINT('Origin',(-0.0718865974535049,1.02805188407118,2.426));
#7720=CARTESIAN_POINT('Origin',(-0.0718865974535049,1.02805188407118,2.436));
#7721=CARTESIAN_POINT('Origin',(-0.0734242777897081,1.00081783575933,2.426));
#7722=CARTESIAN_POINT('Origin',(-0.0734242777897081,1.00081783575933,2.436));
#7723=CARTESIAN_POINT('Origin',(0.0151312256444508,1.1044454261001,2.426));
#7724=CARTESIAN_POINT('',(0.0154905904390243,1.12907190140519,2.426));
#7725=CARTESIAN_POINT('',(-0.00339649169869077,1.12067244428153,2.426));
#7726=CARTESIAN_POINT('Origin',(0.0151312256444508,1.1044454261001,2.426));
#7727=CARTESIAN_POINT('',(-0.00339649169869077,1.12067244428153,2.436));
#7728=CARTESIAN_POINT('',(-0.00339649169869077,1.12067244428153,2.426));
#7729=CARTESIAN_POINT('',(0.0154905904390243,1.12907190140519,2.436));
#7730=CARTESIAN_POINT('Origin',(0.0151312256444508,1.1044454261001,2.436));
#7731=CARTESIAN_POINT('',(0.0154905904390243,1.12907190140519,2.426));
#7732=CARTESIAN_POINT('Origin',(0.0134719701564085,1.09171988311878,2.426));
#7733=CARTESIAN_POINT('',(0.0290459123172091,1.12573018190438,2.426));
#7734=CARTESIAN_POINT('Origin',(0.0134719701564085,1.09171988311878,2.426));
#7735=CARTESIAN_POINT('',(0.0290459123172091,1.12573018190438,2.436));
#7736=CARTESIAN_POINT('Origin',(0.0134719701564085,1.09171988311878,2.436));
#7737=CARTESIAN_POINT('',(0.0290459123172091,1.12573018190438,2.426));
#7738=CARTESIAN_POINT('Origin',(0.0290459123172092,1.10658303233216,2.426));
#7739=CARTESIAN_POINT('',(0.0290459123172092,1.10658303233216,2.426));
#7740=CARTESIAN_POINT('',(0.0290459123172092,1.10658303233216,2.426));
#7741=CARTESIAN_POINT('',(0.0290459123172092,1.10658303233216,2.436));
#7742=CARTESIAN_POINT('',(0.0290459123172092,1.10658303233216,2.436));
#7743=CARTESIAN_POINT('',(0.0290459123172092,1.10658303233216,2.426));
#7744=CARTESIAN_POINT('Origin',(0.0217504662450977,1.09404315672754,2.426));
#7745=CARTESIAN_POINT('',(0.0230299824231097,1.1084942761278,2.426));
#7746=CARTESIAN_POINT('Origin',(0.0217504662450977,1.09404315672754,2.426));
#7747=CARTESIAN_POINT('',(0.0230299824231097,1.1084942761278,2.436));
#7748=CARTESIAN_POINT('Origin',(0.0217504662450977,1.09404315672754,2.436));
#7749=CARTESIAN_POINT('',(0.0230299824231097,1.1084942761278,2.426));
#7750=CARTESIAN_POINT('Origin',(0.021037495156154,1.09392510083246,2.426));
#7751=CARTESIAN_POINT('',(0.0184043464236225,1.10839221533562,2.426));
#7752=CARTESIAN_POINT('Origin',(0.021037495156154,1.09392510083246,2.426));
#7753=CARTESIAN_POINT('',(0.0184043464236225,1.10839221533562,2.436));
#7754=CARTESIAN_POINT('Origin',(0.021037495156154,1.09392510083246,2.436));
#7755=CARTESIAN_POINT('',(0.0184043464236225,1.10839221533562,2.426));
#7756=CARTESIAN_POINT('Origin',(0.0204894531852861,1.09950898306756,2.426));
#7757=CARTESIAN_POINT('',(0.0127989703432094,1.10441978334772,2.426));
#7758=CARTESIAN_POINT('Origin',(0.0204894531852861,1.09950898306756,2.426));
#7759=CARTESIAN_POINT('',(0.0127989703432094,1.10441978334772,2.436));
#7760=CARTESIAN_POINT('Origin',(0.0204894531852861,1.09950898306756,2.436));
#7761=CARTESIAN_POINT('',(0.0127989703432094,1.10441978334772,2.426));
#7762=CARTESIAN_POINT('Origin',(0.0204559018240088,1.09997080503497,2.426));
#7763=CARTESIAN_POINT('',(0.0116622505006047,1.1010166081385,2.426));
#7764=CARTESIAN_POINT('Origin',(0.0204559018240088,1.09997080503497,2.426));
#7765=CARTESIAN_POINT('',(0.0116622505006047,1.1010166081385,2.436));
#7766=CARTESIAN_POINT('Origin',(0.0204559018240088,1.09997080503497,2.436));
#7767=CARTESIAN_POINT('',(0.0116622505006047,1.1010166081385,2.426));
#7768=CARTESIAN_POINT('Origin',(0.011662250500602,1.05932041604707,2.426));
#7769=CARTESIAN_POINT('',(0.011662250500602,1.05932041604707,2.426));
#7770=CARTESIAN_POINT('',(0.011662250500602,1.05932041604707,2.426));
#7771=CARTESIAN_POINT('',(0.011662250500602,1.05932041604707,2.436));
#7772=CARTESIAN_POINT('',(0.011662250500602,1.05932041604707,2.436));
#7773=CARTESIAN_POINT('',(0.011662250500602,1.05932041604707,2.426));
#7774=CARTESIAN_POINT('Origin',(0.0279766765869522,1.05932041604707,2.426));
#7775=CARTESIAN_POINT('',(0.0279766765869522,1.05932041604707,2.426));
#7776=CARTESIAN_POINT('',(0.0279766765869522,1.05932041604707,2.426));
#7777=CARTESIAN_POINT('',(0.0279766765869522,1.05932041604707,2.436));
#7778=CARTESIAN_POINT('',(0.0279766765869522,1.05932041604707,2.436));
#7779=CARTESIAN_POINT('',(0.0279766765869522,1.05932041604707,2.426));
#7780=CARTESIAN_POINT('Origin',(0.0279766765869522,1.04257530407992,2.426));
#7781=CARTESIAN_POINT('',(0.0279766765869522,1.04257530407992,2.426));
#7782=CARTESIAN_POINT('',(0.0279766765869522,1.04257530407992,2.426));
#7783=CARTESIAN_POINT('',(0.0279766765869522,1.04257530407992,2.436));
#7784=CARTESIAN_POINT('',(0.0279766765869522,1.04257530407992,2.436));
#7785=CARTESIAN_POINT('',(0.0279766765869522,1.04257530407992,2.426));
#7786=CARTESIAN_POINT('Origin',(0.011662250500602,1.04257530407992,2.426));
#7787=CARTESIAN_POINT('',(0.011662250500602,1.04257530407992,2.426));
#7788=CARTESIAN_POINT('',(0.011662250500602,1.04257530407992,2.426));
#7789=CARTESIAN_POINT('',(0.011662250500602,1.04257530407992,2.436));
#7790=CARTESIAN_POINT('',(0.011662250500602,1.04257530407992,2.436));
#7791=CARTESIAN_POINT('',(0.011662250500602,1.04257530407992,2.426));
#7792=CARTESIAN_POINT('Origin',(0.011662250500602,0.944278840606269,2.426));
#7793=CARTESIAN_POINT('',(0.011662250500602,0.944278840606269,2.426));
#7794=CARTESIAN_POINT('',(0.011662250500602,0.944278840606269,2.426));
#7795=CARTESIAN_POINT('',(0.011662250500602,0.944278840606269,2.436));
#7796=CARTESIAN_POINT('',(0.011662250500602,0.944278840606269,2.436));
#7797=CARTESIAN_POINT('',(0.011662250500602,0.944278840606269,2.426));
#7798=CARTESIAN_POINT('Origin',(-0.00975226567039515,0.944278840606269,
2.426));
#7799=CARTESIAN_POINT('',(-0.00975226567039515,0.944278840606269,2.426));
#7800=CARTESIAN_POINT('',(-0.00975226567039515,0.944278840606269,2.426));
#7801=CARTESIAN_POINT('',(-0.00975226567039515,0.944278840606269,2.436));
#7802=CARTESIAN_POINT('',(-0.00975226567039515,0.944278840606269,2.436));
#7803=CARTESIAN_POINT('',(-0.00975226567039515,0.944278840606269,2.426));
#7804=CARTESIAN_POINT('Origin',(-0.00975226567039515,1.04264567758333,2.426));
#7805=CARTESIAN_POINT('',(-0.00975226567039515,1.04264567758333,2.426));
#7806=CARTESIAN_POINT('',(-0.00975226567039515,1.04264567758333,2.426));
#7807=CARTESIAN_POINT('',(-0.00975226567039515,1.04264567758333,2.436));
#7808=CARTESIAN_POINT('',(-0.00975226567039515,1.04264567758333,2.436));
#7809=CARTESIAN_POINT('',(-0.00975226567039515,1.04264567758333,2.426));
#7810=CARTESIAN_POINT('Origin',(-0.0214017987870223,1.04264567758333,2.426));
#7811=CARTESIAN_POINT('',(-0.0214017987870223,1.04264567758333,2.426));
#7812=CARTESIAN_POINT('',(-0.0214017987870223,1.04264567758333,2.426));
#7813=CARTESIAN_POINT('',(-0.0214017987870223,1.04264567758333,2.436));
#7814=CARTESIAN_POINT('',(-0.0214017987870223,1.04264567758333,2.436));
#7815=CARTESIAN_POINT('',(-0.0214017987870223,1.04264567758333,2.426));
#7816=CARTESIAN_POINT('Origin',(-0.0214017987870223,1.05923070137046,2.426));
#7817=CARTESIAN_POINT('',(-0.0214017987870223,1.05923070137046,2.426));
#7818=CARTESIAN_POINT('',(-0.0214017987870223,1.05923070137046,2.426));
#7819=CARTESIAN_POINT('',(-0.0214017987870223,1.05923070137046,2.436));
#7820=CARTESIAN_POINT('',(-0.0214017987870223,1.05923070137046,2.436));
#7821=CARTESIAN_POINT('',(-0.0214017987870223,1.05923070137046,2.426));
#7822=CARTESIAN_POINT('Origin',(-0.00990304527978779,1.05923070137046,2.426));
#7823=CARTESIAN_POINT('',(-0.00990304527978779,1.05923070137046,2.426));
#7824=CARTESIAN_POINT('',(-0.00990304527978779,1.05923070137046,2.426));
#7825=CARTESIAN_POINT('',(-0.00990304527978779,1.05923070137046,2.436));
#7826=CARTESIAN_POINT('',(-0.00990304527978779,1.05923070137046,2.436));
#7827=CARTESIAN_POINT('',(-0.00990304527978779,1.05923070137046,2.426));
#7828=CARTESIAN_POINT('Origin',(-0.00990304527978753,1.10360257980441,2.426));
#7829=CARTESIAN_POINT('',(-0.00990304527978753,1.10360257980441,2.426));
#7830=CARTESIAN_POINT('',(-0.00990304527978753,1.10360257980441,2.426));
#7831=CARTESIAN_POINT('',(-0.00990304527978753,1.10360257980441,2.436));
#7832=CARTESIAN_POINT('',(-0.00990304527978753,1.10360257980441,2.436));
#7833=CARTESIAN_POINT('',(-0.00990304527978753,1.10360257980441,2.426));
#7834=CARTESIAN_POINT('Origin',(0.0167899882877323,1.1032029341732,2.426));
#7835=CARTESIAN_POINT('Origin',(0.0167899882877323,1.1032029341732,2.426));
#7836=CARTESIAN_POINT('Origin',(0.0167899882877323,1.1032029341732,2.436));
#7837=CARTESIAN_POINT('Origin',(0.00369915031708808,1.03817382848907,2.436));
#7838=CARTESIAN_POINT('Origin',(0.00369915031708808,1.03817382848907,2.426));
#7839=CARTESIAN_POINT('Origin',(-0.37433416963597,1.10259003215637,2.426));
#7840=CARTESIAN_POINT('',(-0.345808534645565,1.10259003215637,2.436));
#7841=CARTESIAN_POINT('Origin',(-0.37433416963597,1.10259003215637,2.436));
#7842=CARTESIAN_POINT('',(-0.345808534645565,1.10259003215637,2.426));
#7843=CARTESIAN_POINT('Origin',(-0.37433416963597,1.10259003215637,2.426));
#7844=CARTESIAN_POINT('Origin',(-0.37433416963597,1.10259003215637,2.426));
#7845=CARTESIAN_POINT('Origin',(-0.37433416963597,1.10259003215637,2.436));
#7846=CARTESIAN_POINT('Origin',(0.0522586251859443,1.09411999561435,2.426));
#7847=CARTESIAN_POINT('',(0.0660148142409541,1.09411999561435,2.436));
#7848=CARTESIAN_POINT('Origin',(0.0522586251859443,1.09411999561435,2.436));
#7849=CARTESIAN_POINT('',(0.0660148142409541,1.09411999561435,2.426));
#7850=CARTESIAN_POINT('Origin',(0.0522586251859443,1.09411999561435,2.426));
#7851=CARTESIAN_POINT('Origin',(0.0522586251859443,1.09411999561435,2.426));
#7852=CARTESIAN_POINT('Origin',(0.0522586251859443,1.09411999561435,2.436));
#7853=CARTESIAN_POINT('Origin',(0.0417358304118231,1.05923162716795,2.426));
#7854=CARTESIAN_POINT('',(0.0417358304118231,1.05923162716795,2.426));
#7855=CARTESIAN_POINT('',(0.0417358304118231,0.944242815737059,2.426));
#7856=CARTESIAN_POINT('',(0.0417358304118231,1.05923162716795,2.426));
#7857=CARTESIAN_POINT('',(0.0417358304118231,0.944242815737059,2.436));
#7858=CARTESIAN_POINT('',(0.0417358304118231,0.944242815737059,2.426));
#7859=CARTESIAN_POINT('',(0.0417358304118231,1.05923162716795,2.436));
#7860=CARTESIAN_POINT('',(0.0417358304118231,1.05923162716795,2.436));
#7861=CARTESIAN_POINT('',(0.0417358304118231,1.05923162716795,2.426));
#7862=CARTESIAN_POINT('Origin',(0.0627314660907342,1.05926870032874,2.426));
#7863=CARTESIAN_POINT('',(0.0627314660907342,1.05926870032874,2.426));
#7864=CARTESIAN_POINT('',(0.0627314660907342,1.05926870032874,2.426));
#7865=CARTESIAN_POINT('',(0.0627314660907342,1.05926870032874,2.436));
#7866=CARTESIAN_POINT('',(0.0627314660907342,1.05926870032874,2.436));
#7867=CARTESIAN_POINT('',(0.0627314660907342,1.05926870032874,2.426));
#7868=CARTESIAN_POINT('Origin',(0.0627314660907342,0.944242815737059,2.426));
#7869=CARTESIAN_POINT('',(0.0627314660907342,0.944242815737059,2.426));
#7870=CARTESIAN_POINT('',(0.0627314660907342,0.944242815737059,2.426));
#7871=CARTESIAN_POINT('',(0.0627314660907342,0.944242815737059,2.436));
#7872=CARTESIAN_POINT('',(0.0627314660907342,0.944242815737059,2.436));
#7873=CARTESIAN_POINT('',(0.0627314660907342,0.944242815737059,2.426));
#7874=CARTESIAN_POINT('Origin',(0.0417358304118231,0.944242815737059,2.426));
#7875=CARTESIAN_POINT('',(0.0417358304118231,0.944242815737059,2.426));
#7876=CARTESIAN_POINT('',(0.0417358304118231,0.944242815737059,2.436));
#7877=CARTESIAN_POINT('Origin',(0.0522350790553367,1.00174649792546,2.436));
#7878=CARTESIAN_POINT('Origin',(0.0522350790553367,1.00174649792546,2.426));
#7879=CARTESIAN_POINT('Origin',(-0.158978973188145,0.944208657443021,2.426));
#7880=CARTESIAN_POINT('',(-0.136256035249344,0.944208657443021,2.426));
#7881=CARTESIAN_POINT('',(-0.158978973188145,0.944208657443021,2.426));
#7882=CARTESIAN_POINT('',(-0.136256035249344,0.944208657443021,2.426));
#7883=CARTESIAN_POINT('',(-0.136256035249344,0.944208657443021,2.436));
#7884=CARTESIAN_POINT('',(-0.136256035249344,0.944208657443021,2.426));
#7885=CARTESIAN_POINT('',(-0.158978973188145,0.944208657443021,2.436));
#7886=CARTESIAN_POINT('',(-0.136256035249344,0.944208657443021,2.436));
#7887=CARTESIAN_POINT('',(-0.158978973188145,0.944208657443021,2.426));
#7888=CARTESIAN_POINT('Origin',(-0.158911856605204,1.11606894238906,2.426));
#7889=CARTESIAN_POINT('',(-0.158911856605204,1.11606894238906,2.426));
#7890=CARTESIAN_POINT('',(-0.158978973188145,0.944208657443021,2.426));
#7891=CARTESIAN_POINT('',(-0.158911856605204,1.11606894238906,2.436));
#7892=CARTESIAN_POINT('',(-0.158978973188145,0.944208657443021,2.436));
#7893=CARTESIAN_POINT('',(-0.158911856605204,1.11606894238906,2.426));
#7894=CARTESIAN_POINT('Origin',(-0.136256035249344,1.11606894238906,2.426));
#7895=CARTESIAN_POINT('',(-0.136256035249344,1.11606894238906,2.426));
#7896=CARTESIAN_POINT('',(-0.158911856605204,1.11606894238906,2.426));
#7897=CARTESIAN_POINT('',(-0.136256035249344,1.11606894238906,2.436));
#7898=CARTESIAN_POINT('',(-0.158911856605204,1.11606894238906,2.436));
#7899=CARTESIAN_POINT('',(-0.136256035249344,1.11606894238906,2.426));
#7900=CARTESIAN_POINT('Origin',(-0.136256035249344,0.944208657443021,2.426));
#7901=CARTESIAN_POINT('',(-0.136256035249344,1.11606894238906,2.426));
#7902=CARTESIAN_POINT('',(-0.136256035249344,1.11606894238906,2.436));
#7903=CARTESIAN_POINT('Origin',(-0.147600728349389,1.03012397764083,2.426));
#7904=CARTESIAN_POINT('Origin',(-0.147600728349389,1.03012397764083,2.436));
#7905=CARTESIAN_POINT('Origin',(-0.371304667464909,0.971625773685798,2.426));
#7906=CARTESIAN_POINT('',(-0.316350950911386,0.971625773685798,2.426));
#7907=CARTESIAN_POINT('',(-0.371304667464909,0.971625773685798,2.426));
#7908=CARTESIAN_POINT('',(-0.316350950911386,0.971625773685798,2.426));
#7909=CARTESIAN_POINT('',(-0.316350950911386,0.971625773685798,2.436));
#7910=CARTESIAN_POINT('',(-0.316350950911386,0.971625773685798,2.426));
#7911=CARTESIAN_POINT('',(-0.371304667464909,0.971625773685798,2.436));
#7912=CARTESIAN_POINT('',(-0.316350950911386,0.971625773685798,2.436));
#7913=CARTESIAN_POINT('',(-0.371304667464909,0.971625773685798,2.426));
#7914=CARTESIAN_POINT('Origin',(-0.391963960162665,1.05958365756112,2.426));
#7915=CARTESIAN_POINT('',(-0.391963960162665,1.05958365756112,2.426));
#7916=CARTESIAN_POINT('',(-0.371304667464909,0.971625773685798,2.426));
#7917=CARTESIAN_POINT('',(-0.391963960162665,1.05958365756112,2.436));
#7918=CARTESIAN_POINT('',(-0.371304667464909,0.971625773685798,2.436));
#7919=CARTESIAN_POINT('',(-0.391963960162665,1.05958365756112,2.426));
#7920=CARTESIAN_POINT('Origin',(-0.337010243609141,1.05958365756112,2.426));
#7921=CARTESIAN_POINT('',(-0.337010243609141,1.05958365756112,2.426));
#7922=CARTESIAN_POINT('',(-0.391963960162665,1.05958365756112,2.426));
#7923=CARTESIAN_POINT('',(-0.337010243609141,1.05958365756112,2.436));
#7924=CARTESIAN_POINT('',(-0.391963960162665,1.05958365756112,2.436));
#7925=CARTESIAN_POINT('',(-0.337010243609141,1.05958365756112,2.426));
#7926=CARTESIAN_POINT('Origin',(-0.316350950911386,0.971625773685798,2.426));
#7927=CARTESIAN_POINT('',(-0.337010243609141,1.05958365756112,2.426));
#7928=CARTESIAN_POINT('',(-0.337010243609141,1.05958365756112,2.436));
#7929=CARTESIAN_POINT('Origin',(-0.354157455537025,1.01560471562346,2.426));
#7930=CARTESIAN_POINT('Origin',(-0.354157455537025,1.01560471562346,2.436));
#7931=CARTESIAN_POINT('Origin',(0.110948125558233,0.944182308774411,2.426));
#7932=CARTESIAN_POINT('',(0.110948125558231,1.02889040200857,2.426));
#7933=CARTESIAN_POINT('',(0.110948125558233,0.944182308774411,2.426));
#7934=CARTESIAN_POINT('',(0.110948125558231,1.02889040200857,2.426));
#7935=CARTESIAN_POINT('',(0.110948125558231,1.02889040200857,2.436));
#7936=CARTESIAN_POINT('',(0.110948125558231,1.02889040200857,2.426));
#7937=CARTESIAN_POINT('',(0.110948125558233,0.944182308774411,2.436));
#7938=CARTESIAN_POINT('',(0.110948125558231,1.02889040200857,2.436));
#7939=CARTESIAN_POINT('',(0.110948125558233,0.944182308774411,2.426));
#7940=CARTESIAN_POINT('Origin',(0.0894008386208217,0.944182308774411,2.426));
#7941=CARTESIAN_POINT('',(0.0894008386208217,0.944182308774411,2.426));
#7942=CARTESIAN_POINT('',(0.110948125558233,0.944182308774411,2.426));
#7943=CARTESIAN_POINT('',(0.0894008386208217,0.944182308774411,2.436));
#7944=CARTESIAN_POINT('',(0.110948125558233,0.944182308774411,2.436));
#7945=CARTESIAN_POINT('',(0.0894008386208217,0.944182308774411,2.426));
#7946=CARTESIAN_POINT('Origin',(0.0894008386208217,1.05927597106063,2.426));
#7947=CARTESIAN_POINT('',(0.0894008386208217,1.05927597106063,2.426));
#7948=CARTESIAN_POINT('',(0.0894008386208217,0.944182308774411,2.426));
#7949=CARTESIAN_POINT('',(0.0894008386208217,1.05927597106063,2.436));
#7950=CARTESIAN_POINT('',(0.0894008386208217,0.944182308774411,2.436));
#7951=CARTESIAN_POINT('',(0.0894008386208217,1.05927597106063,2.426));
#7952=CARTESIAN_POINT('Origin',(0.110376299969785,1.05927597106063,2.426));
#7953=CARTESIAN_POINT('',(0.110376299969785,1.05927597106063,2.426));
#7954=CARTESIAN_POINT('',(0.0894008386208217,1.05927597106063,2.426));
#7955=CARTESIAN_POINT('',(0.110376299969785,1.05927597106063,2.436));
#7956=CARTESIAN_POINT('',(0.0894008386208217,1.05927597106063,2.436));
#7957=CARTESIAN_POINT('',(0.110376299969785,1.05927597106063,2.426));
#7958=CARTESIAN_POINT('Origin',(0.110376299969785,1.04839334434301,2.426));
#7959=CARTESIAN_POINT('',(0.110376299969785,1.04839334434301,2.426));
#7960=CARTESIAN_POINT('',(0.110376299969785,1.05927597106063,2.426));
#7961=CARTESIAN_POINT('',(0.110376299969785,1.04839334434301,2.436));
#7962=CARTESIAN_POINT('',(0.110376299969785,1.05927597106063,2.436));
#7963=CARTESIAN_POINT('',(0.110376299969785,1.04839334434301,2.426));
#7964=CARTESIAN_POINT('Origin',(0.135713676446165,1.02913754862459,2.426));
#7965=CARTESIAN_POINT('',(0.133427984487631,1.06087938108156,2.426));
#7966=CARTESIAN_POINT('Origin',(0.135713676446165,1.02913754862459,2.426));
#7967=CARTESIAN_POINT('',(0.133427984487631,1.06087938108156,2.436));
#7968=CARTESIAN_POINT('Origin',(0.135713676446165,1.02913754862459,2.436));
#7969=CARTESIAN_POINT('',(0.133427984487631,1.06087938108156,2.426));
#7970=CARTESIAN_POINT('Origin',(0.135433833982201,1.03295410116606,2.426));
#7971=CARTESIAN_POINT('',(0.145116130454376,1.05922381425126,2.426));
#7972=CARTESIAN_POINT('Origin',(0.135433833982201,1.03295410116606,2.426));
#7973=CARTESIAN_POINT('',(0.145116130454376,1.05922381425126,2.436));
#7974=CARTESIAN_POINT('Origin',(0.135433833982201,1.03295410116606,2.436));
#7975=CARTESIAN_POINT('',(0.145116130454376,1.05922381425126,2.426));
#7976=CARTESIAN_POINT('Origin',(0.137962063784725,1.03981307959574,2.426));
#7977=CARTESIAN_POINT('',(0.15279719443203,1.05423099166573,2.426));
#7978=CARTESIAN_POINT('Origin',(0.137962063784725,1.03981307959574,2.426));
#7979=CARTESIAN_POINT('',(0.15279719443203,1.05423099166573,2.436));
#7980=CARTESIAN_POINT('Origin',(0.137962063784725,1.03981307959574,2.436));
#7981=CARTESIAN_POINT('',(0.15279719443203,1.05423099166573,2.426));
#7982=CARTESIAN_POINT('Origin',(0.132247344672166,1.03533681104233,2.426));
#7983=CARTESIAN_POINT('',(0.159785615540979,1.03991174537396,2.426));
#7984=CARTESIAN_POINT('Origin',(0.132247344672166,1.03533681104233,2.426));
#7985=CARTESIAN_POINT('',(0.159785615540979,1.03991174537396,2.436));
#7986=CARTESIAN_POINT('Origin',(0.132247344672166,1.03533681104233,2.436));
#7987=CARTESIAN_POINT('',(0.159785615540979,1.03991174537396,2.426));
#7988=CARTESIAN_POINT('Origin',(0.15978561554098,0.944278431069115,2.426));
#7989=CARTESIAN_POINT('',(0.15978561554098,0.944278431069115,2.426));
#7990=CARTESIAN_POINT('',(0.159785615540979,1.03991174537396,2.426));
#7991=CARTESIAN_POINT('',(0.15978561554098,0.944278431069115,2.436));
#7992=CARTESIAN_POINT('',(0.159785615540979,1.03991174537396,2.436));
#7993=CARTESIAN_POINT('',(0.15978561554098,0.944278431069115,2.426));
#7994=CARTESIAN_POINT('Origin',(0.13872209639894,0.944278431069115,2.426));
#7995=CARTESIAN_POINT('',(0.13872209639894,0.944278431069115,2.426));
#7996=CARTESIAN_POINT('',(0.15978561554098,0.944278431069115,2.426));
#7997=CARTESIAN_POINT('',(0.13872209639894,0.944278431069115,2.436));
#7998=CARTESIAN_POINT('',(0.15978561554098,0.944278431069115,2.436));
#7999=CARTESIAN_POINT('',(0.13872209639894,0.944278431069115,2.426));
#8000=CARTESIAN_POINT('Origin',(0.13872209639894,1.02805188407118,2.426));
#8001=CARTESIAN_POINT('',(0.13872209639894,1.02805188407118,2.426));
#8002=CARTESIAN_POINT('',(0.13872209639894,0.944278431069115,2.426));
#8003=CARTESIAN_POINT('',(0.13872209639894,1.02805188407118,2.436));
#8004=CARTESIAN_POINT('',(0.13872209639894,0.944278431069115,2.436));
#8005=CARTESIAN_POINT('',(0.13872209639894,1.02805188407118,2.426));
#8006=CARTESIAN_POINT('Origin',(0.12482245322188,1.02805188407118,2.426));
#8007=CARTESIAN_POINT('Origin',(0.12482245322188,1.02805188407118,2.426));
#8008=CARTESIAN_POINT('Origin',(0.12482245322188,1.02805188407118,2.436));
#8009=CARTESIAN_POINT('Origin',(0.123284032955672,1.00081752639467,2.426));
#8010=CARTESIAN_POINT('Origin',(0.123284032955672,1.00081752639467,2.436));
#8011=CARTESIAN_POINT('Origin',(0.231362635440319,1.01456094020901,2.426));
#8012=CARTESIAN_POINT('',(0.231362635440319,1.01456094020901,2.426));
#8013=CARTESIAN_POINT('',(0.231362635440315,1.02322230052499,2.426));
#8014=CARTESIAN_POINT('',(0.231362635440323,1.00518738814073,2.426));
#8015=CARTESIAN_POINT('',(0.231362635440319,1.01456094020901,2.436));
#8016=CARTESIAN_POINT('',(0.231362635440319,1.01456094020901,2.426));
#8017=CARTESIAN_POINT('',(0.231362635440315,1.02322230052499,2.436));
#8018=CARTESIAN_POINT('',(0.231362635440323,1.00518738814073,2.436));
#8019=CARTESIAN_POINT('',(0.231362635440315,1.02322230052499,2.426));
#8020=CARTESIAN_POINT('Origin',(0.199567956226651,1.01456094020901,2.426));
#8021=CARTESIAN_POINT('',(0.199567956226651,1.01456094020901,2.426));
#8022=CARTESIAN_POINT('',(0.208666828780371,1.01456094020901,2.426));
#8023=CARTESIAN_POINT('',(0.199567956226651,1.01456094020901,2.436));
#8024=CARTESIAN_POINT('',(0.199567956226651,1.01456094020901,2.426));
#8025=CARTESIAN_POINT('',(0.208666828780371,1.01456094020901,2.436));
#8026=CARTESIAN_POINT('Origin',(0.215800615082321,1.0171053093504,2.426));
#8027=CARTESIAN_POINT('',(0.199405461576173,1.01818788468821,2.426));
#8028=CARTESIAN_POINT('Origin',(0.215800615082321,1.0171053093504,2.426));
#8029=CARTESIAN_POINT('',(0.199405461576173,1.01818788468821,2.436));
#8030=CARTESIAN_POINT('',(0.199405461576173,1.01818788468821,2.426));
#8031=CARTESIAN_POINT('Origin',(0.215800615082321,1.0171053093504,2.436));
#8032=CARTESIAN_POINT('Origin',(0.254860854297439,1.01780893150322,2.426));
#8033=CARTESIAN_POINT('',(0.201409556686361,1.03258739458563,2.426));
#8034=CARTESIAN_POINT('Origin',(0.254860854297439,1.01780893150322,2.426));
#8035=CARTESIAN_POINT('',(0.201409556686361,1.03258739458563,2.436));
#8036=CARTESIAN_POINT('',(0.201409556686361,1.03258739458563,2.426));
#8037=CARTESIAN_POINT('Origin',(0.254860854297439,1.01780893150322,2.436));
#8038=CARTESIAN_POINT('Origin',(0.22018743252686,1.02618369107064,2.426));
#8039=CARTESIAN_POINT('',(0.207800990622332,1.04168182311082,2.426));
#8040=CARTESIAN_POINT('Origin',(0.22018743252686,1.02618369107064,2.426));
#8041=CARTESIAN_POINT('',(0.207800990622332,1.04168182311082,2.436));
#8042=CARTESIAN_POINT('',(0.207800990622332,1.04168182311082,2.426));
#8043=CARTESIAN_POINT('Origin',(0.22018743252686,1.02618369107064,2.436));
#8044=CARTESIAN_POINT('Origin',(0.215756567524759,1.03114852989784,2.426));
#8045=CARTESIAN_POINT('',(0.217550638268908,1.0442260977117,2.426));
#8046=CARTESIAN_POINT('Origin',(0.215756567524759,1.03114852989784,2.426));
#8047=CARTESIAN_POINT('',(0.217550638268908,1.0442260977117,2.436));
#8048=CARTESIAN_POINT('',(0.217550638268908,1.0442260977117,2.426));
#8049=CARTESIAN_POINT('Origin',(0.215756567524759,1.03114852989784,2.436));
#8050=CARTESIAN_POINT('Origin',(0.216174076231223,1.02837889959387,2.426));
#8051=CARTESIAN_POINT('',(0.223508753834325,1.04249382487486,2.426));
#8052=CARTESIAN_POINT('Origin',(0.216174076231223,1.02837889959387,2.426));
#8053=CARTESIAN_POINT('',(0.223508753834325,1.04249382487486,2.436));
#8054=CARTESIAN_POINT('',(0.223508753834325,1.04249382487486,2.426));
#8055=CARTESIAN_POINT('Origin',(0.216174076231223,1.02837889959387,2.436));
#8056=CARTESIAN_POINT('Origin',(0.216737889424518,1.03119995700391,2.426));
#8057=CARTESIAN_POINT('',(0.228979389632581,1.03605193896991,2.426));
#8058=CARTESIAN_POINT('Origin',(0.216737889424518,1.03119995700391,2.426));
#8059=CARTESIAN_POINT('',(0.228979389632581,1.03605193896991,2.436));
#8060=CARTESIAN_POINT('',(0.228979389632581,1.03605193896991,2.426));
#8061=CARTESIAN_POINT('Origin',(0.216737889424518,1.03119995700391,2.436));
#8062=CARTESIAN_POINT('Origin',(0.194835065983055,1.02307308079598,2.426));
#8063=CARTESIAN_POINT('Origin',(0.194835065983055,1.02307308079598,2.426));
#8064=CARTESIAN_POINT('Origin',(0.194835065983055,1.02307308079598,2.436));
#8065=CARTESIAN_POINT('Origin',(0.217658765187433,1.02906561849345,2.426));
#8066=CARTESIAN_POINT('',(0.238313690912277,1.05433348258968,2.426));
#8067=CARTESIAN_POINT('',(0.229993577342891,1.05928057045062,2.426));
#8068=CARTESIAN_POINT('Origin',(0.217658765187433,1.02906561849345,2.426));
#8069=CARTESIAN_POINT('',(0.229993577342891,1.05928057045062,2.436));
#8070=CARTESIAN_POINT('',(0.229993577342891,1.05928057045062,2.426));
#8071=CARTESIAN_POINT('',(0.238313690912277,1.05433348258968,2.436));
#8072=CARTESIAN_POINT('Origin',(0.217658765187433,1.02906561849345,2.436));
#8073=CARTESIAN_POINT('',(0.238313690912277,1.05433348258968,2.426));
#8074=CARTESIAN_POINT('Origin',(0.212287087815729,1.02650448910877,2.426));
#8075=CARTESIAN_POINT('',(0.248108252683623,1.03949221771745,2.426));
#8076=CARTESIAN_POINT('Origin',(0.212287087815729,1.02650448910877,2.426));
#8077=CARTESIAN_POINT('',(0.248108252683623,1.03949221771745,2.436));
#8078=CARTESIAN_POINT('Origin',(0.212287087815729,1.02650448910877,2.436));
#8079=CARTESIAN_POINT('',(0.248108252683623,1.03949221771745,2.426));
#8080=CARTESIAN_POINT('Origin',(0.147127019193811,1.01001149797291,2.426));
#8081=CARTESIAN_POINT('',(0.252320966614126,1.010757004453,2.426));
#8082=CARTESIAN_POINT('Origin',(0.147127019193811,1.01001149797291,2.426));
#8083=CARTESIAN_POINT('',(0.252320966614126,1.010757004453,2.436));
#8084=CARTESIAN_POINT('Origin',(0.147127019193811,1.01001149797291,2.436));
#8085=CARTESIAN_POINT('',(0.252320966614126,1.010757004453,2.426));
#8086=CARTESIAN_POINT('Origin',(0.252320966614127,0.997708391892946,2.426));
#8087=CARTESIAN_POINT('',(0.252320966614127,0.997708391892946,2.426));
#8088=CARTESIAN_POINT('',(0.252320966614127,0.997708391892946,2.426));
#8089=CARTESIAN_POINT('',(0.252320966614127,0.997708391892946,2.436));
#8090=CARTESIAN_POINT('',(0.252320966614127,0.997708391892946,2.436));
#8091=CARTESIAN_POINT('',(0.252320966614127,0.997708391892946,2.426));
#8092=CARTESIAN_POINT('Origin',(0.19955875916626,0.997708391892946,2.426));
#8093=CARTESIAN_POINT('',(0.19955875916626,0.997708391892946,2.426));
#8094=CARTESIAN_POINT('',(0.19955875916626,0.997708391892946,2.426));
#8095=CARTESIAN_POINT('',(0.19955875916626,0.997708391892946,2.436));
#8096=CARTESIAN_POINT('',(0.19955875916626,0.997708391892946,2.436));
#8097=CARTESIAN_POINT('',(0.19955875916626,0.997708391892946,2.426));
#8098=CARTESIAN_POINT('Origin',(0.428689878475348,0.995318683758834,2.426));
#8099=CARTESIAN_POINT('',(0.199842715267615,0.983667227516175,2.426));
#8100=CARTESIAN_POINT('Origin',(0.428689878475348,0.995318683758834,2.426));
#8101=CARTESIAN_POINT('',(0.199842715267615,0.983667227516175,2.436));
#8102=CARTESIAN_POINT('Origin',(0.428689878475348,0.995318683758834,2.436));
#8103=CARTESIAN_POINT('',(0.199842715267615,0.983667227516175,2.426));
#8104=CARTESIAN_POINT('Origin',(0.237835687313425,0.984106243209605,2.426));
#8105=CARTESIAN_POINT('',(0.201366422975243,0.973445501289617,2.426));
#8106=CARTESIAN_POINT('Origin',(0.237835687313425,0.984106243209605,2.426));
#8107=CARTESIAN_POINT('',(0.201366422975243,0.973445501289617,2.436));
#8108=CARTESIAN_POINT('Origin',(0.237835687313425,0.984106243209605,2.436));
#8109=CARTESIAN_POINT('',(0.201366422975243,0.973445501289617,2.426));
#8110=CARTESIAN_POINT('Origin',(0.230830375352468,0.981833117256306,2.426));
#8111=CARTESIAN_POINT('',(0.204115134773513,0.96684070210395,2.426));
#8112=CARTESIAN_POINT('Origin',(0.230830375352468,0.981833117256306,2.426));
#8113=CARTESIAN_POINT('',(0.204115134773513,0.96684070210395,2.436));
#8114=CARTESIAN_POINT('Origin',(0.230830375352468,0.981833117256306,2.436));
#8115=CARTESIAN_POINT('',(0.204115134773513,0.96684070210395,2.426));
#8116=CARTESIAN_POINT('Origin',(0.216353303793982,0.974249545489341,2.426));
#8117=CARTESIAN_POINT('',(0.209437109170451,0.961726367250081,2.426));
#8118=CARTESIAN_POINT('Origin',(0.216353303793982,0.974249545489341,2.426));
#8119=CARTESIAN_POINT('',(0.209437109170451,0.961726367250081,2.436));
#8120=CARTESIAN_POINT('Origin',(0.216353303793982,0.974249545489341,2.436));
#8121=CARTESIAN_POINT('',(0.209437109170451,0.961726367250081,2.426));
#8122=CARTESIAN_POINT('Origin',(0.21643712108919,0.974290640345344,2.426));
#8123=CARTESIAN_POINT('',(0.216024089431166,0.959913904619725,2.426));
#8124=CARTESIAN_POINT('Origin',(0.21643712108919,0.974290640345344,2.426));
#8125=CARTESIAN_POINT('',(0.216024089431166,0.959913904619725,2.436));
#8126=CARTESIAN_POINT('Origin',(0.21643712108919,0.974290640345344,2.436));
#8127=CARTESIAN_POINT('',(0.216024089431166,0.959913904619725,2.426));
#8128=CARTESIAN_POINT('Origin',(0.216136880091419,0.973560721627051,2.426));
#8129=CARTESIAN_POINT('',(0.222281797774311,0.961375143149401,2.426));
#8130=CARTESIAN_POINT('Origin',(0.216136880091419,0.973560721627051,2.426));
#8131=CARTESIAN_POINT('',(0.222281797774311,0.961375143149401,2.436));
#8132=CARTESIAN_POINT('Origin',(0.216136880091419,0.973560721627051,2.436));
#8133=CARTESIAN_POINT('',(0.222281797774311,0.961375143149401,2.426));
#8134=CARTESIAN_POINT('Origin',(0.21681671968016,0.972922208047584,2.426));
#8135=CARTESIAN_POINT('',(0.228103181337478,0.966937429889965,2.426));
#8136=CARTESIAN_POINT('Origin',(0.21681671968016,0.972922208047584,2.426));
#8137=CARTESIAN_POINT('',(0.228103181337478,0.966937429889965,2.436));
#8138=CARTESIAN_POINT('Origin',(0.21681671968016,0.972922208047584,2.436));
#8139=CARTESIAN_POINT('',(0.228103181337478,0.966937429889965,2.426));
#8140=CARTESIAN_POINT('Origin',(0.199001008356923,0.981392431298825,2.426));
#8141=CARTESIAN_POINT('',(0.231058910680264,0.976084471563912,2.426));
#8142=CARTESIAN_POINT('Origin',(0.199001008356923,0.981392431298825,2.426));
#8143=CARTESIAN_POINT('',(0.231058910680264,0.976084471563912,2.436));
#8144=CARTESIAN_POINT('Origin',(0.199001008356923,0.981392431298825,2.436));
#8145=CARTESIAN_POINT('',(0.231058910680264,0.976084471563912,2.426));
#8146=CARTESIAN_POINT('Origin',(0.209718463986414,0.980724608559051,2.426));
#8147=CARTESIAN_POINT('',(0.231475305706536,0.982618117152186,2.426));
#8148=CARTESIAN_POINT('Origin',(0.209718463986414,0.980724608559051,2.426));
#8149=CARTESIAN_POINT('',(0.231475305706536,0.982618117152186,2.436));
#8150=CARTESIAN_POINT('Origin',(0.209718463986414,0.980724608559051,2.436));
#8151=CARTESIAN_POINT('',(0.231475305706536,0.982618117152186,2.426));
#8152=CARTESIAN_POINT('Origin',(0.251129181073407,0.982618117152186,2.426));
#8153=CARTESIAN_POINT('',(0.251129181073407,0.982618117152186,2.426));
#8154=CARTESIAN_POINT('',(0.251129181073407,0.982618117152186,2.426));
#8155=CARTESIAN_POINT('',(0.251129181073407,0.982618117152186,2.436));
#8156=CARTESIAN_POINT('',(0.251129181073407,0.982618117152186,2.436));
#8157=CARTESIAN_POINT('',(0.251129181073407,0.982618117152186,2.426));
#8158=CARTESIAN_POINT('Origin',(0.251087541152353,0.977790711181622,2.426));
#8159=CARTESIAN_POINT('',(0.251087541152353,0.977790711181622,2.426));
#8160=CARTESIAN_POINT('',(0.251087541152353,0.977790711181622,2.426));
#8161=CARTESIAN_POINT('',(0.251087541152353,0.977790711181622,2.436));
#8162=CARTESIAN_POINT('',(0.251087541152353,0.977790711181622,2.436));
#8163=CARTESIAN_POINT('',(0.251087541152353,0.977790711181622,2.426));
#8164=CARTESIAN_POINT('Origin',(0.205992684818066,0.979072596283841,2.426));
#8165=CARTESIAN_POINT('',(0.250003139528399,0.969159515359376,2.426));
#8166=CARTESIAN_POINT('Origin',(0.205992684818066,0.979072596283841,2.426));
#8167=CARTESIAN_POINT('',(0.250003139528399,0.969159515359376,2.436));
#8168=CARTESIAN_POINT('Origin',(0.205992684818066,0.979072596283841,2.436));
#8169=CARTESIAN_POINT('',(0.250003139528399,0.969159515359376,2.426));
#8170=CARTESIAN_POINT('Origin',(0.211100704297696,0.978191952212374,2.426));
#8171=CARTESIAN_POINT('',(0.245377947063222,0.9576967085989,2.426));
#8172=CARTESIAN_POINT('Origin',(0.211100704297696,0.978191952212374,2.426));
#8173=CARTESIAN_POINT('',(0.245377947063222,0.9576967085989,2.436));
#8174=CARTESIAN_POINT('Origin',(0.211100704297696,0.978191952212374,2.436));
#8175=CARTESIAN_POINT('',(0.245377947063222,0.9576967085989,2.426));
#8176=CARTESIAN_POINT('Origin',(0.183069696060283,0.997296007184286,2.426));
#8177=CARTESIAN_POINT('',(0.241005790918792,0.951537603540303,2.426));
#8178=CARTESIAN_POINT('Origin',(0.183069696060283,0.997296007184286,2.426));
#8179=CARTESIAN_POINT('',(0.241005790918792,0.951537603540303,2.436));
#8180=CARTESIAN_POINT('Origin',(0.183069696060283,0.997296007184286,2.436));
#8181=CARTESIAN_POINT('',(0.241005790918792,0.951537603540303,2.426));
#8182=CARTESIAN_POINT('Origin',(0.223511331060431,0.96665131465512,2.426));
#8183=CARTESIAN_POINT('',(0.236883474300711,0.947792200822297,2.426));
#8184=CARTESIAN_POINT('Origin',(0.223511331060431,0.96665131465512,2.426));
#8185=CARTESIAN_POINT('',(0.236883474300711,0.947792200822297,2.436));
#8186=CARTESIAN_POINT('Origin',(0.223511331060431,0.96665131465512,2.436));
#8187=CARTESIAN_POINT('',(0.236883474300711,0.947792200822297,2.426));
#8188=CARTESIAN_POINT('Origin',(0.204300741170074,0.99735980743834,2.426));
#8189=CARTESIAN_POINT('',(0.232261482814241,0.945045573709715,2.426));
#8190=CARTESIAN_POINT('Origin',(0.204300741170074,0.99735980743834,2.426));
#8191=CARTESIAN_POINT('',(0.232261482814241,0.945045573709715,2.436));
#8192=CARTESIAN_POINT('Origin',(0.204300741170074,0.99735980743834,2.436));
#8193=CARTESIAN_POINT('',(0.232261482814241,0.945045573709715,2.426));
#8194=CARTESIAN_POINT('Origin',(0.219872425845861,0.969384476325694,2.426));
#8195=CARTESIAN_POINT('',(0.225737155958334,0.942710971609895,2.426));
#8196=CARTESIAN_POINT('Origin',(0.219872425845861,0.969384476325694,2.426));
#8197=CARTESIAN_POINT('',(0.225737155958334,0.942710971609895,2.436));
#8198=CARTESIAN_POINT('Origin',(0.219872425845861,0.969384476325694,2.436));
#8199=CARTESIAN_POINT('',(0.225737155958334,0.942710971609895,2.426));
#8200=CARTESIAN_POINT('Origin',(0.218263581134473,0.968257742950431,2.426));
#8201=CARTESIAN_POINT('',(0.216992847853775,0.941670582825611,2.426));
#8202=CARTESIAN_POINT('Origin',(0.218263581134473,0.968257742950431,2.426));
#8203=CARTESIAN_POINT('',(0.216992847853775,0.941670582825611,2.436));
#8204=CARTESIAN_POINT('Origin',(0.218263581134473,0.968257742950431,2.436));
#8205=CARTESIAN_POINT('',(0.216992847853775,0.941670582825611,2.426));
#8206=CARTESIAN_POINT('Origin',(0.216267127424013,0.971734330416413,2.426));
#8207=CARTESIAN_POINT('',(0.208706572604401,0.942627740094542,2.426));
#8208=CARTESIAN_POINT('Origin',(0.216267127424013,0.971734330416413,2.426));
#8209=CARTESIAN_POINT('',(0.208706572604401,0.942627740094542,2.436));
#8210=CARTESIAN_POINT('Origin',(0.216267127424013,0.971734330416413,2.436));
#8211=CARTESIAN_POINT('',(0.208706572604401,0.942627740094542,2.426));
#8212=CARTESIAN_POINT('Origin',(0.215084551835501,0.976399983203082,2.426));
#8213=CARTESIAN_POINT('',(0.202085881644394,0.944583672968903,2.426));
#8214=CARTESIAN_POINT('Origin',(0.215084551835501,0.976399983203082,2.426));
#8215=CARTESIAN_POINT('',(0.202085881644394,0.944583672968903,2.436));
#8216=CARTESIAN_POINT('Origin',(0.215084551835501,0.976399983203082,2.436));
#8217=CARTESIAN_POINT('',(0.202085881644394,0.944583672968903,2.426));
#8218=CARTESIAN_POINT('Origin',(0.211152709429984,0.96779782988955,2.426));
#8219=CARTESIAN_POINT('',(0.197965748314349,0.946650524998271,2.426));
#8220=CARTESIAN_POINT('Origin',(0.211152709429984,0.96779782988955,2.426));
#8221=CARTESIAN_POINT('',(0.197965748314349,0.946650524998271,2.436));
#8222=CARTESIAN_POINT('Origin',(0.211152709429984,0.96779782988955,2.436));
#8223=CARTESIAN_POINT('',(0.197965748314349,0.946650524998271,2.426));
#8224=CARTESIAN_POINT('Origin',(0.213584504262485,0.971697859277775,2.426));
#8225=CARTESIAN_POINT('',(0.192870149373428,0.950668594112134,2.426));
#8226=CARTESIAN_POINT('Origin',(0.213584504262485,0.971697859277775,2.426));
#8227=CARTESIAN_POINT('',(0.192870149373428,0.950668594112134,2.436));
#8228=CARTESIAN_POINT('Origin',(0.213584504262485,0.971697859277775,2.436));
#8229=CARTESIAN_POINT('',(0.192870149373428,0.950668594112134,2.426));
#8230=CARTESIAN_POINT('Origin',(0.208331210193905,0.967289944355122,2.426));
#8231=CARTESIAN_POINT('',(0.189247507623722,0.954996613569392,2.426));
#8232=CARTESIAN_POINT('Origin',(0.208331210193905,0.967289944355122,2.426));
#8233=CARTESIAN_POINT('',(0.189247507623722,0.954996613569392,2.436));
#8234=CARTESIAN_POINT('Origin',(0.208331210193905,0.967289944355122,2.436));
#8235=CARTESIAN_POINT('',(0.189247507623722,0.954996613569392,2.426));
#8236=CARTESIAN_POINT('Origin',(0.214121971535572,0.974140959520948,2.426));
#8237=CARTESIAN_POINT('',(0.183328630199264,0.968056958685939,2.426));
#8238=CARTESIAN_POINT('Origin',(0.214121971535572,0.974140959520948,2.426));
#8239=CARTESIAN_POINT('',(0.183328630199264,0.968056958685939,2.436));
#8240=CARTESIAN_POINT('Origin',(0.214121971535572,0.974140959520948,2.436));
#8241=CARTESIAN_POINT('',(0.183328630199264,0.968056958685939,2.426));
#8242=CARTESIAN_POINT('Origin',(0.285972919048495,0.997963192542983,2.426));
#8243=CARTESIAN_POINT('',(0.179289283786135,0.990975000782289,2.426));
#8244=CARTESIAN_POINT('Origin',(0.285972919048495,0.997963192542983,2.426));
#8245=CARTESIAN_POINT('',(0.179289283786135,0.990975000782289,2.436));
#8246=CARTESIAN_POINT('Origin',(0.285972919048495,0.997963192542983,2.436));
#8247=CARTESIAN_POINT('',(0.179289283786135,0.990975000782289,2.426));
#8248=CARTESIAN_POINT('Origin',(0.342298854197954,0.998147931337034,2.426));
#8249=CARTESIAN_POINT('',(0.179623945063929,1.01081461665033,2.426));
#8250=CARTESIAN_POINT('Origin',(0.342298854197954,0.998147931337034,2.426));
#8251=CARTESIAN_POINT('',(0.179623945063929,1.01081461665033,2.436));
#8252=CARTESIAN_POINT('Origin',(0.342298854197954,0.998147931337034,2.436));
#8253=CARTESIAN_POINT('',(0.179623945063929,1.01081461665033,2.426));
#8254=CARTESIAN_POINT('Origin',(0.265409699493648,1.00960756913252,2.426));
#8255=CARTESIAN_POINT('',(0.182497846511807,1.03165926434862,2.426));
#8256=CARTESIAN_POINT('Origin',(0.265409699493648,1.00960756913252,2.426));
#8257=CARTESIAN_POINT('',(0.182497846511807,1.03165926434862,2.436));
#8258=CARTESIAN_POINT('Origin',(0.265409699493648,1.00960756913252,2.436));
#8259=CARTESIAN_POINT('',(0.182497846511807,1.03165926434862,2.426));
#8260=CARTESIAN_POINT('Origin',(0.246740714878144,1.01524635257143,2.426));
#8261=CARTESIAN_POINT('',(0.189180515114443,1.04816068398046,2.426));
#8262=CARTESIAN_POINT('Origin',(0.246740714878144,1.01524635257143,2.426));
#8263=CARTESIAN_POINT('',(0.189180515114443,1.04816068398046,2.436));
#8264=CARTESIAN_POINT('Origin',(0.246740714878144,1.01524635257143,2.436));
#8265=CARTESIAN_POINT('',(0.189180515114443,1.04816068398046,2.426));
#8266=CARTESIAN_POINT('Origin',(0.217929219476011,1.02754937611575,2.426));
#8267=CARTESIAN_POINT('',(0.198882533034711,1.05735772645537,2.426));
#8268=CARTESIAN_POINT('Origin',(0.217929219476011,1.02754937611575,2.426));
#8269=CARTESIAN_POINT('',(0.198882533034711,1.05735772645537,2.436));
#8270=CARTESIAN_POINT('Origin',(0.217929219476011,1.02754937611575,2.436));
#8271=CARTESIAN_POINT('',(0.198882533034711,1.05735772645537,2.426));
#8272=CARTESIAN_POINT('Origin',(0.214971362258372,1.03089048851566,2.426));
#8273=CARTESIAN_POINT('',(0.215829836546535,1.06185220894334,2.426));
#8274=CARTESIAN_POINT('Origin',(0.214971362258372,1.03089048851566,2.426));
#8275=CARTESIAN_POINT('',(0.215829836546535,1.06185220894334,2.436));
#8276=CARTESIAN_POINT('Origin',(0.214971362258372,1.03089048851566,2.436));
#8277=CARTESIAN_POINT('',(0.215829836546535,1.06185220894334,2.426));
#8278=CARTESIAN_POINT('Origin',(0.215987755792668,1.02243153921874,2.426));
#8279=CARTESIAN_POINT('Origin',(0.215987755792668,1.02243153921874,2.426));
#8280=CARTESIAN_POINT('Origin',(0.215987755792668,1.02243153921874,2.436));
#8281=CARTESIAN_POINT('Origin',(0.217765701334091,0.99581383607245,2.436));
#8282=CARTESIAN_POINT('Origin',(0.217765701334091,0.99581383607245,2.426));
#8283=CARTESIAN_POINT('Origin',(0.34314834235226,1.00390395604052,2.426));
#8284=CARTESIAN_POINT('',(0.289677639850738,1.00661383922564,2.426));
#8285=CARTESIAN_POINT('',(0.289627185731447,1.00250922063418,2.426));
#8286=CARTESIAN_POINT('Origin',(0.34314834235226,1.00390395604052,2.426));
#8287=CARTESIAN_POINT('',(0.289677639850738,1.00661383922564,2.436));
#8288=CARTESIAN_POINT('',(0.289677639850738,1.00661383922564,2.426));
#8289=CARTESIAN_POINT('',(0.289627185731447,1.00250922063418,2.436));
#8290=CARTESIAN_POINT('Origin',(0.34314834235226,1.00390395604052,2.436));
#8291=CARTESIAN_POINT('',(0.289627185731447,1.00250922063418,2.426));
#8292=CARTESIAN_POINT('Origin',(0.396879018525766,1.00376403676916,2.426));
#8293=CARTESIAN_POINT('',(0.290461242508188,1.01701220310795,2.426));
#8294=CARTESIAN_POINT('Origin',(0.396879018525766,1.00376403676916,2.426));
#8295=CARTESIAN_POINT('',(0.290461242508188,1.01701220310795,2.436));
#8296=CARTESIAN_POINT('',(0.290461242508188,1.01701220310795,2.426));
#8297=CARTESIAN_POINT('Origin',(0.396879018525766,1.00376403676916,2.436));
#8298=CARTESIAN_POINT('Origin',(0.372660243382639,1.00677294768945,2.426));
#8299=CARTESIAN_POINT('',(0.291491233770542,1.02329898698732,2.426));
#8300=CARTESIAN_POINT('Origin',(0.372660243382639,1.00677294768945,2.426));
#8301=CARTESIAN_POINT('',(0.291491233770542,1.02329898698732,2.436));
#8302=CARTESIAN_POINT('',(0.291491233770542,1.02329898698732,2.426));
#8303=CARTESIAN_POINT('Origin',(0.372660243382639,1.00677294768945,2.436));
#8304=CARTESIAN_POINT('Origin',(0.35043245736569,1.01248928650229,2.426));
#8305=CARTESIAN_POINT('',(0.293036074214069,1.02971057172092,2.426));
#8306=CARTESIAN_POINT('Origin',(0.35043245736569,1.01248928650229,2.426));
#8307=CARTESIAN_POINT('',(0.293036074214069,1.02971057172092,2.436));
#8308=CARTESIAN_POINT('',(0.293036074214069,1.02971057172092,2.426));
#8309=CARTESIAN_POINT('Origin',(0.35043245736569,1.01248928650229,2.436));
#8310=CARTESIAN_POINT('Origin',(0.321066630487392,1.0201322782502,2.426));
#8311=CARTESIAN_POINT('',(0.29525072677464,1.03465794196299,2.426));
#8312=CARTESIAN_POINT('Origin',(0.321066630487392,1.0201322782502,2.426));
#8313=CARTESIAN_POINT('',(0.29525072677464,1.03465794196299,2.436));
#8314=CARTESIAN_POINT('',(0.29525072677464,1.03465794196299,2.426));
#8315=CARTESIAN_POINT('Origin',(0.321066630487392,1.0201322782502,2.436));
#8316=CARTESIAN_POINT('Origin',(0.313431960359913,1.02502893985653,2.426));
#8317=CARTESIAN_POINT('',(0.297683487329475,1.03826753998865,2.426));
#8318=CARTESIAN_POINT('Origin',(0.313431960359913,1.02502893985653,2.426));
#8319=CARTESIAN_POINT('',(0.297683487329475,1.03826753998865,2.436));
#8320=CARTESIAN_POINT('',(0.297683487329475,1.03826753998865,2.426));
#8321=CARTESIAN_POINT('Origin',(0.313431960359913,1.02502893985653,2.436));
#8322=CARTESIAN_POINT('Origin',(0.306669158827049,1.03182858965946,2.426));
#8323=CARTESIAN_POINT('',(0.301018122589082,1.04132954556091,2.426));
#8324=CARTESIAN_POINT('Origin',(0.306669158827049,1.03182858965946,2.426));
#8325=CARTESIAN_POINT('',(0.301018122589082,1.04132954556091,2.436));
#8326=CARTESIAN_POINT('',(0.301018122589082,1.04132954556091,2.426));
#8327=CARTESIAN_POINT('Origin',(0.306669158827049,1.03182858965946,2.436));
#8328=CARTESIAN_POINT('Origin',(0.306751386133143,1.03139970485833,2.426));
#8329=CARTESIAN_POINT('',(0.304606695883055,1.04266346759444,2.426));
#8330=CARTESIAN_POINT('Origin',(0.306751386133143,1.03139970485833,2.426));
#8331=CARTESIAN_POINT('',(0.304606695883055,1.04266346759444,2.436));
#8332=CARTESIAN_POINT('',(0.304606695883055,1.04266346759444,2.426));
#8333=CARTESIAN_POINT('Origin',(0.306751386133143,1.03139970485833,2.436));
#8334=CARTESIAN_POINT('Origin',(0.306719886262168,1.03368888776379,2.426));
#8335=CARTESIAN_POINT('',(0.307564601054499,1.04287012480651,2.426));
#8336=CARTESIAN_POINT('Origin',(0.306719886262168,1.03368888776379,2.426));
#8337=CARTESIAN_POINT('',(0.307564601054499,1.04287012480651,2.436));
#8338=CARTESIAN_POINT('',(0.307564601054499,1.04287012480651,2.426));
#8339=CARTESIAN_POINT('Origin',(0.306719886262168,1.03368888776379,2.436));
#8340=CARTESIAN_POINT('Origin',(0.308409315846832,1.03368888776377,2.426));
#8341=CARTESIAN_POINT('',(0.310522506225952,1.04266346759444,2.426));
#8342=CARTESIAN_POINT('Origin',(0.308409315846832,1.03368888776377,2.426));
#8343=CARTESIAN_POINT('',(0.310522506225952,1.04266346759444,2.436));
#8344=CARTESIAN_POINT('',(0.310522506225952,1.04266346759444,2.426));
#8345=CARTESIAN_POINT('Origin',(0.308409315846832,1.03368888776377,2.436));
#8346=CARTESIAN_POINT('Origin',(0.308377815975862,1.03139970485832,2.426));
#8347=CARTESIAN_POINT('',(0.314111079519955,1.04132954556089,2.426));
#8348=CARTESIAN_POINT('Origin',(0.308377815975862,1.03139970485832,2.426));
#8349=CARTESIAN_POINT('',(0.314111079519955,1.04132954556089,2.436));
#8350=CARTESIAN_POINT('',(0.314111079519955,1.04132954556089,2.426));
#8351=CARTESIAN_POINT('Origin',(0.308377815975862,1.03139970485832,2.436));
#8352=CARTESIAN_POINT('Origin',(0.308460043281957,1.03182858965946,2.426));
#8353=CARTESIAN_POINT('',(0.317445714779529,1.03826753998865,2.426));
#8354=CARTESIAN_POINT('Origin',(0.308460043281957,1.03182858965946,2.426));
#8355=CARTESIAN_POINT('',(0.317445714779529,1.03826753998865,2.436));
#8356=CARTESIAN_POINT('',(0.317445714779529,1.03826753998865,2.426));
#8357=CARTESIAN_POINT('Origin',(0.308460043281957,1.03182858965946,2.436));
#8358=CARTESIAN_POINT('Origin',(0.301697241749091,1.02502893985651,2.426));
#8359=CARTESIAN_POINT('',(0.319878475334369,1.03465794196299,2.426));
#8360=CARTESIAN_POINT('Origin',(0.301697241749091,1.02502893985651,2.426));
#8361=CARTESIAN_POINT('',(0.319878475334369,1.03465794196299,2.436));
#8362=CARTESIAN_POINT('',(0.319878475334369,1.03465794196299,2.426));
#8363=CARTESIAN_POINT('Origin',(0.301697241749091,1.02502893985651,2.436));
#8364=CARTESIAN_POINT('Origin',(0.294062571621612,1.02013227825021,2.426));
#8365=CARTESIAN_POINT('',(0.322093127894933,1.02971057172093,2.426));
#8366=CARTESIAN_POINT('Origin',(0.294062571621612,1.02013227825021,2.426));
#8367=CARTESIAN_POINT('',(0.322093127894933,1.02971057172093,2.436));
#8368=CARTESIAN_POINT('',(0.322093127894933,1.02971057172093,2.426));
#8369=CARTESIAN_POINT('Origin',(0.294062571621612,1.02013227825021,2.436));
#8370=CARTESIAN_POINT('Origin',(0.264696744743312,1.01248928650228,2.426));
#8371=CARTESIAN_POINT('',(0.32363796833846,1.02329898698733,2.426));
#8372=CARTESIAN_POINT('Origin',(0.264696744743312,1.01248928650228,2.426));
#8373=CARTESIAN_POINT('',(0.32363796833846,1.02329898698733,2.436));
#8374=CARTESIAN_POINT('',(0.32363796833846,1.02329898698733,2.426));
#8375=CARTESIAN_POINT('Origin',(0.264696744743312,1.01248928650228,2.436));
#8376=CARTESIAN_POINT('Origin',(0.242468958726322,1.00677294768945,2.426));
#8377=CARTESIAN_POINT('',(0.324667959600817,1.01701220310795,2.426));
#8378=CARTESIAN_POINT('Origin',(0.242468958726322,1.00677294768945,2.426));
#8379=CARTESIAN_POINT('',(0.324667959600817,1.01701220310795,2.436));
#8380=CARTESIAN_POINT('',(0.324667959600817,1.01701220310795,2.426));
#8381=CARTESIAN_POINT('Origin',(0.242468958726322,1.00677294768945,2.436));
#8382=CARTESIAN_POINT('Origin',(0.218250182335986,1.00376404678814,2.426));
#8383=CARTESIAN_POINT('',(0.325451561280554,1.00661383910416,2.426));
#8384=CARTESIAN_POINT('Origin',(0.218250182335986,1.00376404678814,2.426));
#8385=CARTESIAN_POINT('',(0.325451561280554,1.00661383910416,2.436));
#8386=CARTESIAN_POINT('',(0.325451561280554,1.00661383910416,2.426));
#8387=CARTESIAN_POINT('Origin',(0.218250182335986,1.00376404678814,2.436));
#8388=CARTESIAN_POINT('Origin',(0.271980858779058,1.00390395591908,2.426));
#8389=CARTESIAN_POINT('',(0.325502015399842,1.00250922051271,2.426));
#8390=CARTESIAN_POINT('Origin',(0.271980858779058,1.00390395591908,2.426));
#8391=CARTESIAN_POINT('',(0.325502015399842,1.00250922051271,2.436));
#8392=CARTESIAN_POINT('',(0.325502015399842,1.00250922051271,2.426));
#8393=CARTESIAN_POINT('Origin',(0.271980858779058,1.00390395591908,2.436));
#8394=CARTESIAN_POINT('Origin',(0.271980858779058,1.00111448510633,2.426));
#8395=CARTESIAN_POINT('',(0.325451561280554,0.998404601921245,2.426));
#8396=CARTESIAN_POINT('Origin',(0.271980858779058,1.00111448510633,2.426));
#8397=CARTESIAN_POINT('',(0.325451561280554,0.998404601921245,2.436));
#8398=CARTESIAN_POINT('',(0.325451561280554,0.998404601921245,2.426));
#8399=CARTESIAN_POINT('Origin',(0.271980858779058,1.00111448510633,2.436));
#8400=CARTESIAN_POINT('Origin',(0.218250182335986,1.00125439423728,2.426));
#8401=CARTESIAN_POINT('',(0.324671264762182,0.988032814184264,2.426));
#8402=CARTESIAN_POINT('Origin',(0.218250182335986,1.00125439423728,2.426));
#8403=CARTESIAN_POINT('',(0.324671264762182,0.988032814184264,2.436));
#8404=CARTESIAN_POINT('',(0.324671264762182,0.988032814184264,2.426));
#8405=CARTESIAN_POINT('Origin',(0.218250182335986,1.00125439423728,2.436));
#8406=CARTESIAN_POINT('Origin',(0.242468957748608,0.998245493457433,2.426));
#8407=CARTESIAN_POINT('',(0.323637967360745,0.981719454159547,2.426));
#8408=CARTESIAN_POINT('Origin',(0.242468957748608,0.998245493457433,2.426));
#8409=CARTESIAN_POINT('',(0.323637967360745,0.981719454159547,2.436));
#8410=CARTESIAN_POINT('',(0.323637967360745,0.981719454159547,2.426));
#8411=CARTESIAN_POINT('Origin',(0.242468957748608,0.998245493457433,2.436));
#8412=CARTESIAN_POINT('Origin',(0.264696743765598,0.992529154644598,2.426));
#8413=CARTESIAN_POINT('',(0.322093126917221,0.97530786942596,2.426));
#8414=CARTESIAN_POINT('Origin',(0.264696743765598,0.992529154644598,2.426));
#8415=CARTESIAN_POINT('',(0.322093126917221,0.97530786942596,2.436));
#8416=CARTESIAN_POINT('',(0.322093126917221,0.97530786942596,2.426));
#8417=CARTESIAN_POINT('Origin',(0.264696743765598,0.992529154644598,2.436));
#8418=CARTESIAN_POINT('Origin',(0.294062570643898,0.984886162896668,2.426));
#8419=CARTESIAN_POINT('',(0.319878474356663,0.970360499183907,2.426));
#8420=CARTESIAN_POINT('Origin',(0.294062570643898,0.984886162896668,2.426));
#8421=CARTESIAN_POINT('',(0.319878474356663,0.970360499183907,2.436));
#8422=CARTESIAN_POINT('',(0.319878474356663,0.970360499183907,2.426));
#8423=CARTESIAN_POINT('Origin',(0.294062570643898,0.984886162896668,2.436));
#8424=CARTESIAN_POINT('Origin',(0.301697240771378,0.979989501290366,2.426));
#8425=CARTESIAN_POINT('',(0.317445713801814,0.966750901158234,2.426));
#8426=CARTESIAN_POINT('Origin',(0.301697240771378,0.979989501290366,2.426));
#8427=CARTESIAN_POINT('',(0.317445713801814,0.966750901158234,2.436));
#8428=CARTESIAN_POINT('',(0.317445713801814,0.966750901158234,2.426));
#8429=CARTESIAN_POINT('Origin',(0.301697240771378,0.979989501290366,2.436));
#8430=CARTESIAN_POINT('Origin',(0.308460042304242,0.973189851487416,2.426));
#8431=CARTESIAN_POINT('',(0.31411107854221,0.963688895585975,2.426));
#8432=CARTESIAN_POINT('Origin',(0.308460042304242,0.973189851487416,2.426));
#8433=CARTESIAN_POINT('',(0.31411107854221,0.963688895585975,2.436));
#8434=CARTESIAN_POINT('',(0.31411107854221,0.963688895585975,2.426));
#8435=CARTESIAN_POINT('Origin',(0.308460042304242,0.973189851487416,2.436));
#8436=CARTESIAN_POINT('Origin',(0.308377814998147,0.973618736288562,2.426));
#8437=CARTESIAN_POINT('',(0.310522505248238,0.962354973552442,2.426));
#8438=CARTESIAN_POINT('Origin',(0.308377814998147,0.973618736288562,2.426));
#8439=CARTESIAN_POINT('',(0.310522505248238,0.962354973552442,2.436));
#8440=CARTESIAN_POINT('',(0.310522505248238,0.962354973552442,2.426));
#8441=CARTESIAN_POINT('Origin',(0.308377814998147,0.973618736288562,2.436));
#8442=CARTESIAN_POINT('Origin',(0.308409314869118,0.97132955338311,2.426));
#8443=CARTESIAN_POINT('',(0.307564600076785,0.962148316340366,2.426));
#8444=CARTESIAN_POINT('Origin',(0.308409314869118,0.97132955338311,2.426));
#8445=CARTESIAN_POINT('',(0.307564600076785,0.962148316340366,2.436));
#8446=CARTESIAN_POINT('',(0.307564600076785,0.962148316340366,2.426));
#8447=CARTESIAN_POINT('Origin',(0.308409314869118,0.97132955338311,2.436));
#8448=CARTESIAN_POINT('Origin',(0.306719885284454,0.97132955338309,2.426));
#8449=CARTESIAN_POINT('',(0.304606694905337,0.962354973552442,2.426));
#8450=CARTESIAN_POINT('Origin',(0.306719885284454,0.97132955338309,2.426));
#8451=CARTESIAN_POINT('',(0.304606694905337,0.962354973552442,2.436));
#8452=CARTESIAN_POINT('',(0.304606694905337,0.962354973552442,2.426));
#8453=CARTESIAN_POINT('Origin',(0.306719885284454,0.97132955338309,2.436));
#8454=CARTESIAN_POINT('Origin',(0.306751385155431,0.973618736288552,2.426));
#8455=CARTESIAN_POINT('',(0.301018121611389,0.963688895585963,2.426));
#8456=CARTESIAN_POINT('Origin',(0.306751385155431,0.973618736288552,2.426));
#8457=CARTESIAN_POINT('',(0.301018121611389,0.963688895585963,2.436));
#8458=CARTESIAN_POINT('',(0.301018121611389,0.963688895585963,2.426));
#8459=CARTESIAN_POINT('Origin',(0.306751385155431,0.973618736288552,2.436));
#8460=CARTESIAN_POINT('Origin',(0.306669157849333,0.973189851487422,2.426));
#8461=CARTESIAN_POINT('',(0.297683486351761,0.966750901158234,2.426));
#8462=CARTESIAN_POINT('Origin',(0.306669157849333,0.973189851487422,2.426));
#8463=CARTESIAN_POINT('',(0.297683486351761,0.966750901158234,2.436));
#8464=CARTESIAN_POINT('',(0.297683486351761,0.966750901158234,2.426));
#8465=CARTESIAN_POINT('Origin',(0.306669157849333,0.973189851487422,2.436));
#8466=CARTESIAN_POINT('Origin',(0.313431959382197,0.979989501290352,2.426));
#8467=CARTESIAN_POINT('',(0.295250725796925,0.970360499183889,2.426));
#8468=CARTESIAN_POINT('Origin',(0.313431959382197,0.979989501290352,2.426));
#8469=CARTESIAN_POINT('',(0.295250725796925,0.970360499183889,2.436));
#8470=CARTESIAN_POINT('',(0.295250725796925,0.970360499183889,2.426));
#8471=CARTESIAN_POINT('Origin',(0.313431959382197,0.979989501290352,2.436));
#8472=CARTESIAN_POINT('Origin',(0.321066629509678,0.984886162896682,2.426));
#8473=CARTESIAN_POINT('',(0.293036073236355,0.975307869425957,2.426));
#8474=CARTESIAN_POINT('Origin',(0.321066629509678,0.984886162896682,2.426));
#8475=CARTESIAN_POINT('',(0.293036073236355,0.975307869425957,2.436));
#8476=CARTESIAN_POINT('',(0.293036073236355,0.975307869425957,2.426));
#8477=CARTESIAN_POINT('Origin',(0.321066629509678,0.984886162896682,2.436));
#8478=CARTESIAN_POINT('Origin',(0.350432456387976,0.992529154644596,2.426));
#8479=CARTESIAN_POINT('',(0.29149123279283,0.981719454159553,2.426));
#8480=CARTESIAN_POINT('Origin',(0.350432456387976,0.992529154644596,2.426));
#8481=CARTESIAN_POINT('',(0.29149123279283,0.981719454159553,2.436));
#8482=CARTESIAN_POINT('',(0.29149123279283,0.981719454159553,2.426));
#8483=CARTESIAN_POINT('Origin',(0.350432456387976,0.992529154644596,2.436));
#8484=CARTESIAN_POINT('Origin',(0.372660242404923,0.998245493457435,2.426));
#8485=CARTESIAN_POINT('',(0.290461241530473,0.98800623803893,2.426));
#8486=CARTESIAN_POINT('Origin',(0.372660242404923,0.998245493457435,2.426));
#8487=CARTESIAN_POINT('',(0.290461241530473,0.98800623803893,2.436));
#8488=CARTESIAN_POINT('',(0.290461241530473,0.98800623803893,2.426));
#8489=CARTESIAN_POINT('Origin',(0.372660242404923,0.998245493457435,2.436));
#8490=CARTESIAN_POINT('Origin',(0.396879018795336,1.00125439435872,2.426));
#8491=CARTESIAN_POINT('',(0.289677639850738,0.998404602042713,2.426));
#8492=CARTESIAN_POINT('Origin',(0.396879018795336,1.00125439435872,2.426));
#8493=CARTESIAN_POINT('',(0.289677639850738,0.998404602042713,2.436));
#8494=CARTESIAN_POINT('',(0.289677639850738,0.998404602042713,2.426));
#8495=CARTESIAN_POINT('Origin',(0.396879018795336,1.00125439435872,2.436));
#8496=CARTESIAN_POINT('Origin',(0.34314834235226,1.00111448522783,2.426));
#8497=CARTESIAN_POINT('Origin',(0.34314834235226,1.00111448522783,2.426));
#8498=CARTESIAN_POINT('Origin',(0.34314834235226,1.00111448522783,2.436));
#8499=CARTESIAN_POINT('Origin',(0.23320442400154,1.00191291397211,2.426));
#8500=CARTESIAN_POINT('',(0.344951747826608,0.983333571647822,2.426));
#8501=CARTESIAN_POINT('',(0.346483905008814,1.0025575270268,2.426));
#8502=CARTESIAN_POINT('Origin',(0.23320442400154,1.00191291397211,2.426));
#8503=CARTESIAN_POINT('',(0.346483905008814,1.0025575270268,2.436));
#8504=CARTESIAN_POINT('',(0.346483905008814,1.0025575270268,2.426));
#8505=CARTESIAN_POINT('',(0.344951747826608,0.983333571647822,2.436));
#8506=CARTESIAN_POINT('Origin',(0.23320442400154,1.00191291397211,2.436));
#8507=CARTESIAN_POINT('',(0.344951747826608,0.983333571647822,2.426));
#8508=CARTESIAN_POINT('Origin',(0.288183930966434,0.989433244182454,2.426));
#8509=CARTESIAN_POINT('',(0.34002723037799,0.965515398497198,2.426));
#8510=CARTESIAN_POINT('Origin',(0.288183930966434,0.989433244182454,2.426));
#8511=CARTESIAN_POINT('',(0.34002723037799,0.965515398497198,2.436));
#8512=CARTESIAN_POINT('Origin',(0.288183930966434,0.989433244182454,2.436));
#8513=CARTESIAN_POINT('',(0.34002723037799,0.965515398497198,2.426));
#8514=CARTESIAN_POINT('Origin',(0.301363484014006,0.98155259072714,2.426));
#8515=CARTESIAN_POINT('',(0.330766876386495,0.951761361573108,2.426));
#8516=CARTESIAN_POINT('Origin',(0.301363484014006,0.98155259072714,2.426));
#8517=CARTESIAN_POINT('',(0.330766876386495,0.951761361573108,2.436));
#8518=CARTESIAN_POINT('Origin',(0.301363484014006,0.98155259072714,2.436));
#8519=CARTESIAN_POINT('',(0.330766876386495,0.951761361573108,2.426));
#8520=CARTESIAN_POINT('Origin',(0.313067406703972,0.969855785257416,2.426));
#8521=CARTESIAN_POINT('',(0.320998395269113,0.945818755160305,2.426));
#8522=CARTESIAN_POINT('Origin',(0.313067406703972,0.969855785257416,2.426));
#8523=CARTESIAN_POINT('',(0.320998395269113,0.945818755160305,2.436));
#8524=CARTESIAN_POINT('Origin',(0.313067406703972,0.969855785257416,2.436));
#8525=CARTESIAN_POINT('',(0.320998395269113,0.945818755160305,2.426));
#8526=CARTESIAN_POINT('Origin',(0.307912622482758,0.979328906329153,2.426));
#8527=CARTESIAN_POINT('',(0.307564601054502,0.943356047645687,2.426));
#8528=CARTESIAN_POINT('Origin',(0.307912622482758,0.979328906329153,2.426));
#8529=CARTESIAN_POINT('',(0.307564601054502,0.943356047645687,2.436));
#8530=CARTESIAN_POINT('Origin',(0.307912622482758,0.979328906329153,2.436));
#8531=CARTESIAN_POINT('',(0.307564601054502,0.943356047645687,2.426));
#8532=CARTESIAN_POINT('Origin',(0.307216579626247,0.979328906329161,2.426));
#8533=CARTESIAN_POINT('',(0.294130806839881,0.945818755160309,2.426));
#8534=CARTESIAN_POINT('Origin',(0.307216579626247,0.979328906329161,2.426));
#8535=CARTESIAN_POINT('',(0.294130806839881,0.945818755160309,2.436));
#8536=CARTESIAN_POINT('Origin',(0.307216579626247,0.979328906329161,2.436));
#8537=CARTESIAN_POINT('',(0.294130806839881,0.945818755160309,2.426));
#8538=CARTESIAN_POINT('Origin',(0.302061795405031,0.969855785257411,2.426));
#8539=CARTESIAN_POINT('',(0.284158316487912,0.95196319354537,2.426));
#8540=CARTESIAN_POINT('Origin',(0.302061795405031,0.969855785257411,2.426));
#8541=CARTESIAN_POINT('',(0.284158316487912,0.95196319354537,2.436));
#8542=CARTESIAN_POINT('Origin',(0.302061795405031,0.969855785257411,2.436));
#8543=CARTESIAN_POINT('',(0.284158316487912,0.95196319354537,2.426));
#8544=CARTESIAN_POINT('Origin',(0.313765263216053,0.981552136124582,2.426));
#8545=CARTESIAN_POINT('',(0.27510151685207,0.965514943894629,2.426));
#8546=CARTESIAN_POINT('Origin',(0.313765263216053,0.981552136124582,2.426));
#8547=CARTESIAN_POINT('',(0.27510151685207,0.965514943894629,2.436));
#8548=CARTESIAN_POINT('Origin',(0.313765263216053,0.981552136124582,2.436));
#8549=CARTESIAN_POINT('',(0.27510151685207,0.965514943894629,2.426));
#8550=CARTESIAN_POINT('Origin',(0.326944816263622,0.989432789579873,2.426));
#8551=CARTESIAN_POINT('',(0.270176999403455,0.983333117045253,2.426));
#8552=CARTESIAN_POINT('Origin',(0.326944816263622,0.989432789579873,2.426));
#8553=CARTESIAN_POINT('',(0.270176999403455,0.983333117045253,2.436));
#8554=CARTESIAN_POINT('Origin',(0.326944816263622,0.989432789579873,2.436));
#8555=CARTESIAN_POINT('',(0.270176999403455,0.983333117045253,2.426));
#8556=CARTESIAN_POINT('Origin',(0.381924323228508,1.00191245936954,2.426));
#8557=CARTESIAN_POINT('',(0.26864484222125,1.00255707242433,2.426));
#8558=CARTESIAN_POINT('Origin',(0.381924323228508,1.00191245936954,2.426));
#8559=CARTESIAN_POINT('',(0.26864484222125,1.00255707242433,2.436));
#8560=CARTESIAN_POINT('Origin',(0.381924323228508,1.00191245936954,2.436));
#8561=CARTESIAN_POINT('',(0.26864484222125,1.00255707242433,2.426));
#8562=CARTESIAN_POINT('Origin',(0.381924335758786,1.00319947972692,2.426));
#8563=CARTESIAN_POINT('',(0.270177454282396,1.02178148240598,2.426));
#8564=CARTESIAN_POINT('Origin',(0.381924335758786,1.00319947972692,2.426));
#8565=CARTESIAN_POINT('',(0.270177454282396,1.02178148240598,2.436));
#8566=CARTESIAN_POINT('Origin',(0.381924335758786,1.00319947972692,2.436));
#8567=CARTESIAN_POINT('',(0.270177454282396,1.02178148240598,2.426));
#8568=CARTESIAN_POINT('Origin',(0.326945271142569,1.01568180987135,2.426));
#8569=CARTESIAN_POINT('',(0.275101971731013,1.0395996555566,2.426));
#8570=CARTESIAN_POINT('Origin',(0.326945271142569,1.01568180987135,2.426));
#8571=CARTESIAN_POINT('',(0.275101971731013,1.0395996555566,2.436));
#8572=CARTESIAN_POINT('Origin',(0.326945271142569,1.01568180987135,2.436));
#8573=CARTESIAN_POINT('',(0.275101971731013,1.0395996555566,2.426));
#8574=CARTESIAN_POINT('Origin',(0.313765718094996,1.02356246332666,2.426));
#8575=CARTESIAN_POINT('',(0.284362325722509,1.05335369248069,2.426));
#8576=CARTESIAN_POINT('Origin',(0.313765718094996,1.02356246332666,2.426));
#8577=CARTESIAN_POINT('',(0.284362325722509,1.05335369248069,2.436));
#8578=CARTESIAN_POINT('Origin',(0.313765718094996,1.02356246332666,2.436));
#8579=CARTESIAN_POINT('',(0.284362325722509,1.05335369248069,2.426));
#8580=CARTESIAN_POINT('Origin',(0.302061795405032,1.03525926879638,2.426));
#8581=CARTESIAN_POINT('',(0.29413080683989,1.0592962988935,2.426));
#8582=CARTESIAN_POINT('Origin',(0.302061795405032,1.03525926879638,2.426));
#8583=CARTESIAN_POINT('',(0.29413080683989,1.0592962988935,2.436));
#8584=CARTESIAN_POINT('Origin',(0.302061795405032,1.03525926879638,2.436));
#8585=CARTESIAN_POINT('',(0.29413080683989,1.0592962988935,2.426));
#8586=CARTESIAN_POINT('Origin',(0.307216579626246,1.02578614772465,2.426));
#8587=CARTESIAN_POINT('',(0.307564601054489,1.06175900640811,2.426));
#8588=CARTESIAN_POINT('Origin',(0.307216579626246,1.02578614772465,2.426));
#8589=CARTESIAN_POINT('',(0.307564601054489,1.06175900640811,2.436));
#8590=CARTESIAN_POINT('Origin',(0.307216579626246,1.02578614772465,2.436));
#8591=CARTESIAN_POINT('',(0.307564601054489,1.06175900640811,2.426));
#8592=CARTESIAN_POINT('Origin',(0.307912622482758,1.02578614772464,2.426));
#8593=CARTESIAN_POINT('',(0.320998395269114,1.0592962988935,2.426));
#8594=CARTESIAN_POINT('Origin',(0.307912622482758,1.02578614772464,2.426));
#8595=CARTESIAN_POINT('',(0.320998395269114,1.0592962988935,2.436));
#8596=CARTESIAN_POINT('Origin',(0.307912622482758,1.02578614772464,2.436));
#8597=CARTESIAN_POINT('',(0.320998395269114,1.0592962988935,2.426));
#8598=CARTESIAN_POINT('Origin',(0.313067406703974,1.03525926879639,2.426));
#8599=CARTESIAN_POINT('',(0.330766876386495,1.05335369248069,2.426));
#8600=CARTESIAN_POINT('Origin',(0.313067406703974,1.03525926879639,2.426));
#8601=CARTESIAN_POINT('',(0.330766876386495,1.05335369248069,2.436));
#8602=CARTESIAN_POINT('Origin',(0.313067406703974,1.03525926879639,2.436));
#8603=CARTESIAN_POINT('',(0.330766876386495,1.05335369248069,2.426));
#8604=CARTESIAN_POINT('Origin',(0.301363484014009,1.02356246332665,2.426));
#8605=CARTESIAN_POINT('',(0.340027230377994,1.0395996555566,2.426));
#8606=CARTESIAN_POINT('Origin',(0.301363484014009,1.02356246332665,2.426));
#8607=CARTESIAN_POINT('',(0.340027230377994,1.0395996555566,2.436));
#8608=CARTESIAN_POINT('Origin',(0.301363484014009,1.02356246332665,2.436));
#8609=CARTESIAN_POINT('',(0.340027230377994,1.0395996555566,2.426));
#8610=CARTESIAN_POINT('Origin',(0.288183930966443,1.01568180987135,2.426));
#8611=CARTESIAN_POINT('',(0.34495174782661,1.02178148240597,2.426));
#8612=CARTESIAN_POINT('Origin',(0.288183930966443,1.01568180987135,2.426));
#8613=CARTESIAN_POINT('',(0.34495174782661,1.02178148240597,2.436));
#8614=CARTESIAN_POINT('Origin',(0.288183930966443,1.01568180987135,2.436));
#8615=CARTESIAN_POINT('',(0.34495174782661,1.02178148240597,2.426));
#8616=CARTESIAN_POINT('Origin',(0.233204424001557,1.0032021400817,2.426));
#8617=CARTESIAN_POINT('Origin',(0.233204424001557,1.0032021400817,2.426));
#8618=CARTESIAN_POINT('Origin',(0.233204424001557,1.0032021400817,2.436));
#8619=CARTESIAN_POINT('Origin',(0.30756444953717,1.00255745036343,2.436));
#8620=CARTESIAN_POINT('Origin',(0.30756444953717,1.00255745036343,2.426));
#8621=CARTESIAN_POINT('',(0.,0.,0.));
#8622=CARTESIAN_POINT('Origin',(0.6,0.55,0.6));
#8623=CARTESIAN_POINT('',(0.6,0.55,0.6));
#8624=CARTESIAN_POINT('',(-0.6,0.55,0.6));
#8625=CARTESIAN_POINT('',(0.6,0.55,0.6));
#8626=CARTESIAN_POINT('',(-0.6,0.55,0.75));
#8627=CARTESIAN_POINT('',(-0.6,0.55,0.6));
#8628=CARTESIAN_POINT('',(0.6,0.55,0.75));
#8629=CARTESIAN_POINT('',(0.6,0.55,0.75));
#8630=CARTESIAN_POINT('',(0.6,0.55,0.6));
#8631=CARTESIAN_POINT('Origin',(0.6,-0.55,0.6));
#8632=CARTESIAN_POINT('',(0.6,-0.55,0.6));
#8633=CARTESIAN_POINT('',(0.6,-0.55,0.6));
#8634=CARTESIAN_POINT('',(0.6,-0.55,0.75));
#8635=CARTESIAN_POINT('',(0.6,-0.55,0.75));
#8636=CARTESIAN_POINT('',(0.6,-0.55,0.6));
#8637=CARTESIAN_POINT('Origin',(-0.6,-0.550000000000001,0.6));
#8638=CARTESIAN_POINT('',(-0.6,-0.550000000000001,0.6));
#8639=CARTESIAN_POINT('',(-0.6,-0.550000000000001,0.6));
#8640=CARTESIAN_POINT('',(-0.6,-0.550000000000001,0.75));
#8641=CARTESIAN_POINT('',(-0.6,-0.550000000000001,0.75));
#8642=CARTESIAN_POINT('',(-0.6,-0.550000000000001,0.6));
#8643=CARTESIAN_POINT('Origin',(-0.6,0.55,0.6));
#8644=CARTESIAN_POINT('',(-0.6,0.55,0.6));
#8645=CARTESIAN_POINT('',(-0.6,0.55,0.75));
#8646=CARTESIAN_POINT('Origin',(-2.08166817117217E-16,-1.38777878078145E-16,
0.75));
#8647=CARTESIAN_POINT('Origin',(-1.95722061746079E-16,-1.13134139737618E-16,
0.6));
#8648=CARTESIAN_POINT('',(0.,0.,0.));
#8649=CARTESIAN_POINT('',(0.,0.85,-0.6));
#8650=CARTESIAN_POINT('',(0.4,0.85,-0.6));
#8651=CARTESIAN_POINT('',(-0.4,-0.85,-0.6));
#8652=CARTESIAN_POINT('',(0.,-0.85,-0.6));
#8653=CARTESIAN_POINT('',(0.4,-0.85,-0.6));
#8654=CARTESIAN_POINT('',(-0.4,0.85,-0.6));
#8655=CARTESIAN_POINT('',(0.,-0.3,-2.02));
#8656=CARTESIAN_POINT('',(0.,0.,-0.6));
#8657=UNCERTAINTY_MEASURE_WITH_UNIT(LENGTH_MEASURE(0.01),#8669,
'DISTANCE_ACCURACY_VALUE',
'Maximum model space distance between geometric entities at asserted c
onnectivities');
#8658=UNCERTAINTY_MEASURE_WITH_UNIT(LENGTH_MEASURE(0.01),#8669,
'DISTANCE_ACCURACY_VALUE',
'Maximum model space distance between geometric entities at asserted c
onnectivities');
#8659=UNCERTAINTY_MEASURE_WITH_UNIT(LENGTH_MEASURE(0.01),#8669,
'DISTANCE_ACCURACY_VALUE',
'Maximum model space distance between geometric entities at asserted c
onnectivities');
#8660=UNCERTAINTY_MEASURE_WITH_UNIT(LENGTH_MEASURE(0.01),#8669,
'DISTANCE_ACCURACY_VALUE',
'Maximum model space distance between geometric entities at asserted c
onnectivities');
#8661=UNCERTAINTY_MEASURE_WITH_UNIT(LENGTH_MEASURE(0.01),#8669,
'DISTANCE_ACCURACY_VALUE',
'Maximum model space distance between geometric entities at asserted c
onnectivities');
#8662=UNCERTAINTY_MEASURE_WITH_UNIT(LENGTH_MEASURE(0.01),#8669,
'DISTANCE_ACCURACY_VALUE',
'Maximum model space distance between geometric entities at asserted c
onnectivities');
#8663=(
GEOMETRIC_REPRESENTATION_CONTEXT(3)
GLOBAL_UNCERTAINTY_ASSIGNED_CONTEXT((#8657))
GLOBAL_UNIT_ASSIGNED_CONTEXT((#8669,#8672,#8671))
REPRESENTATION_CONTEXT('','3D')
);
#8664=(
GEOMETRIC_REPRESENTATION_CONTEXT(3)
GLOBAL_UNCERTAINTY_ASSIGNED_CONTEXT((#8658))
GLOBAL_UNIT_ASSIGNED_CONTEXT((#8669,#8672,#8671))
REPRESENTATION_CONTEXT('','3D')
);
#8665=(
GEOMETRIC_REPRESENTATION_CONTEXT(3)
GLOBAL_UNCERTAINTY_ASSIGNED_CONTEXT((#8659))
GLOBAL_UNIT_ASSIGNED_CONTEXT((#8669,#8672,#8671))
REPRESENTATION_CONTEXT('','3D')
);
#8666=(
GEOMETRIC_REPRESENTATION_CONTEXT(3)
GLOBAL_UNCERTAINTY_ASSIGNED_CONTEXT((#8660))
GLOBAL_UNIT_ASSIGNED_CONTEXT((#8669,#8672,#8671))
REPRESENTATION_CONTEXT('','3D')
);
#8667=(
GEOMETRIC_REPRESENTATION_CONTEXT(3)
GLOBAL_UNCERTAINTY_ASSIGNED_CONTEXT((#8661))
GLOBAL_UNIT_ASSIGNED_CONTEXT((#8669,#8672,#8671))
REPRESENTATION_CONTEXT('','3D')
);
#8668=(
GEOMETRIC_REPRESENTATION_CONTEXT(3)
GLOBAL_UNCERTAINTY_ASSIGNED_CONTEXT((#8662))
GLOBAL_UNIT_ASSIGNED_CONTEXT((#8669,#8672,#8671))
REPRESENTATION_CONTEXT('','3D')
);
#8669=(
LENGTH_UNIT()
NAMED_UNIT(*)
SI_UNIT(.MILLI.,.METRE.)
);
#8670=(
LENGTH_UNIT()
NAMED_UNIT(*)
SI_UNIT(.CENTI.,.METRE.)
);
#8671=(
NAMED_UNIT(*)
SI_UNIT($,.STERADIAN.)
SOLID_ANGLE_UNIT()
);
#8672=(
NAMED_UNIT(*)
PLANE_ANGLE_UNIT()
SI_UNIT($,.RADIAN.)
);
#8673=SHAPE_DEFINITION_REPRESENTATION(#8678,#8692);
#8674=SHAPE_DEFINITION_REPRESENTATION(#8679,#8693);
#8675=SHAPE_DEFINITION_REPRESENTATION(#8680,#8694);
#8676=SHAPE_DEFINITION_REPRESENTATION(#8681,#8695);
#8677=SHAPE_DEFINITION_REPRESENTATION(#8682,#8696);
#8678=PRODUCT_DEFINITION_SHAPE('',$,#8698);
#8679=PRODUCT_DEFINITION_SHAPE('',$,#8699);
#8680=PRODUCT_DEFINITION_SHAPE('',$,#8700);
#8681=PRODUCT_DEFINITION_SHAPE('',$,#8701);
#8682=PRODUCT_DEFINITION_SHAPE('',$,#8702);
#8683=PRODUCT_DEFINITION_SHAPE($,$,#38);
#8684=PRODUCT_DEFINITION_SHAPE($,$,#39);
#8685=PRODUCT_DEFINITION_SHAPE($,$,#40);
#8686=PRODUCT_DEFINITION_SHAPE($,$,#41);
#8687=PRODUCT_DEFINITION_SHAPE($,$,#42);
#8688=PRODUCT_DEFINITION_SHAPE($,$,#43);
#8689=PRODUCT_DEFINITION_SHAPE($,$,#44);
#8690=PRODUCT_DEFINITION_SHAPE($,$,#45);
#8691=PRODUCT_DEFINITION_SHAPE($,$,#46);
#8692=SHAPE_REPRESENTATION('',(#5073,#5626,#5627,#5628,#5629,#5630,#5631,
#5632,#5633,#5634),#8663);
#8693=SHAPE_REPRESENTATION('',(#5074),#8664);
#8694=SHAPE_REPRESENTATION('',(#5120),#8665);
#8695=SHAPE_REPRESENTATION('',(#5127),#8666);
#8696=SHAPE_REPRESENTATION('',(#5619),#8667);
#8697=DESIGN_CONTEXT('part definition',#8714,'design');
#8698=PRODUCT_DEFINITION('PG-TSLP-7-1','PG-TSLP-7-1',#8703,#8697);
#8699=PRODUCT_DEFINITION('PG-TSLP-7-1_1','PG-TSLP-7-1_MOLD',#8704,#8697);
#8700=PRODUCT_DEFINITION('PG-TSLP-7-1_2','PG-TSLP-7-1_EXPOSED_LEAD',#8705,
#8697);
#8701=PRODUCT_DEFINITION('PG-TSLP-7-1_3','PG-TSLP-7-1_LOGO',#8706,#8697);
#8702=PRODUCT_DEFINITION('PG-TSLP-7-1_4','PG-TSLP-7-1_EXPOSED_PAD',#8707,
#8697);
#8703=PRODUCT_DEFINITION_FORMATION('',$,#8716);
#8704=PRODUCT_DEFINITION_FORMATION('',$,#8717);
#8705=PRODUCT_DEFINITION_FORMATION('',$,#8718);
#8706=PRODUCT_DEFINITION_FORMATION('',$,#8719);
#8707=PRODUCT_DEFINITION_FORMATION('',$,#8720);
#8708=PRODUCT_RELATED_PRODUCT_CATEGORY('PG-TSLP-7-1','PG-TSLP-7-1',(#8716));
#8709=PRODUCT_RELATED_PRODUCT_CATEGORY('PG-TSLP-7-1_MOLD',
'PG-TSLP-7-1_MOLD',(#8717));
#8710=PRODUCT_RELATED_PRODUCT_CATEGORY('PG-TSLP-7-1_EXPOSED_LEAD',
'PG-TSLP-7-1_EXPOSED_LEAD',(#8718));
#8711=PRODUCT_RELATED_PRODUCT_CATEGORY('PG-TSLP-7-1_LOGO',
'PG-TSLP-7-1_LOGO',(#8719));
#8712=PRODUCT_RELATED_PRODUCT_CATEGORY('PG-TSLP-7-1_EXPOSED_PAD',
'PG-TSLP-7-1_EXPOSED_PAD',(#8720));
#8713=APPLICATION_PROTOCOL_DEFINITION('international standard',
'ap203_configuration_controlled_3d_design_of_mechanical_parts_and_asse
mblies_mim_lf',2004,#8714);
#8714=APPLICATION_CONTEXT(
'Configuration Controlled 3D Design of Mechanical Parts and Assemblies');
#8715=MECHANICAL_CONTEXT('part definition',#8714,'mechanical');
#8716=PRODUCT('PG-TSLP-7-1','PG-TSLP-7-1',$,(#8715));
#8717=PRODUCT('PG-TSLP-7-1_1','PG-TSLP-7-1_MOLD',$,(#8715));
#8718=PRODUCT('PG-TSLP-7-1_2','PG-TSLP-7-1_EXPOSED_LEAD',$,(#8715));
#8719=PRODUCT('PG-TSLP-7-1_3','PG-TSLP-7-1_LOGO',$,(#8715));
#8720=PRODUCT('PG-TSLP-7-1_4','PG-TSLP-7-1_EXPOSED_PAD',$,(#8715));
ENDSEC;
END-ISO-10303-21;
